:020000040000FA
:10100000C0E30120D5520100D3F10200C15201001A
:10101000C1520100C1520100C15201000000000094
:1010200000000000000000000000000081540100EA
:10103000C1520100000000004D540100C1520100E6
:1010400031560100A1FB020031560100315601006A
:101050003156010031560100315601003156010070
:1010600057FB020031560100315601008BFB020094
:101070003156010031560100315601003156010050
:101080003156010031560100315601003156010040
:101090003156010031560100315601003156010030
:1010A0003156010031560100315601003156010020
:1010B0003156010031560100315601003156010010
:1010C0003156010031560100315601003156010000
:1010D00031560100315601003156010031560100F0
:1010E00031560100315601003156010031560100E0
:1010F00031560100315601003156010031560100D0
:1011000001F0FF01102A2BDB10F0070F08D010F8B8
:10111000013B013A8B422DD010F0070F42B3F6D1BC
:10112000F0B441EA012141EA014122F007047FF0D5
:1011300000070023F0E80256083C85EA010586EA2C
:10114000010685FA47F5A3FA87F586FA47F6A5FA68
:1011500087F68EB9EED1F0BC01F0FF0102F0070274
:1011600032B110F8013B013A83EA010313B1F8D11F
:101170000020704701387047002D06BF3546033800
:10118000073815F0010F07D1013015F4807F02BF39
:10119000013015F4C03F0130F0BC0138704700BF8A
:1011A0002DE9F14F03F11C0402EB840C4FEA930B81
:1011B0008A68CB680868496800F046F93CE9F000A5
:1011C0006040694072407B400BF1060E4EE083EABE
:1011D000134480EA134582EA134746BA96EA344438
:1011E000604000F00F1684EA063420F00F1684EAFF
:1011F000161054BA94EA0106724002F00F1486EAFF
:10120000043622F00F1486EA14124CBA6540694085
:1012100001F00F1485EA043521F00F1485EA14114A
:101220005CBA67407B4003F00F1487EA043723F071
:101230000F1487EA141344BA44404DBA4D4056BACD
:1012400056405FBA5F4087EA174886EA174B84EA40
:1012500017464FEA38488BEA1B4485EA1B4788EA61
:101260001B4580EA3440694072407B4000F0703496
:1012700000F0803500F00F3040EA440040EAD5002D
:1012800080EA900404F0332480EA8400604001F096
:10129000703401F0803501F00F3141EA440141EA38
:1012A000D50181EA910404F0332481EA840161408C
:1012B00002F0703402F0803502F00F3242EA44024C
:1012C00042EAD50282EA920404F0332482EA8402DC
:1012D000624003F0703403F0803503F00F3343EACB
:1012E000440343EAD50383EA930404F0332483EAF6
:1012F00084036340C943DB4381EA000483EA044674
:1013000086EA020183EA014382EA334583EA144311
:101310005C4084EA00077FEA040A8AEA024A8AEA11
:10132000010B87EA11488AEA374A80EA060181EA16
:101330001A418AEA030A04EA0A00454088EA0407D7
:1013400007EA0B0041408AEA0B0608EA060084EA35
:1013500034428AEA3A4602EA060358404540414090
:1013600087EA37438BEA3B4003EA000985EA09052F
:1013700082EA0309464006EA0906714085EA01004F
:1013800005EA3546464006EA314181EA304181EAC4
:10139000364606EA304686EA354634400F4086EA4D
:1013A000010508EA050886EA3640024088EA020894
:1013B00081EA314213405C4080EA020309EA0309F2
:1013C00087EA0907674088EA040806EA0A0601EA8C
:1013D0000B018AEA0B0425408AEA3A442040454042
:1013E0008BEA3B4B02EA0B02564084EA0B04234093
:1013F00059406E40694087EA364080EA384080EACA
:10140000060380EA104481EA134585EA344585EAFB
:1014100017427D4082EA354180EA05403CE9F00010
:101420006040694072407B40BEF1010E3FF6CFAE96
:1014300020BC00F05FF828606960AA60EB60BDE83E
:10144000F08F00BF00F000BA80EA101404F0F0142E
:1014500080EA0410604081EA111404F0F01481EA7B
:101460000411614082EA121404F0F01482EA0412BA
:10147000624083EA131404F0F01483EA0413634017
:1014800080EA102404F47F4480EA0420604081EA6A
:10149000112404F47F4481EA0421614082EA122489
:1014A00004F47F4482EA0422624083EA132404F4B1
:1014B0007F4483EA0423634081EA500404F05534F6
:1014C00080EA4400614083EA520404F0553482EA21
:1014D0004402634082EA900404F0333480EA8400DA
:1014E000624083EA910404F0333481EA840163406A
:1014F000704700BF82EA900404F0333480EA84002D
:10150000624083EA910404F0333481EA8401634049
:1015100081EA500404F0553480EA4400614083EAD3
:10152000520404F0553482EA4402634080EA1024F5
:1015300004F47F4480EA0420604081EA112404F42A
:101540007F4481EA0421614082EA122404F47F444A
:1015500082EA0422624083EA132404F47F4483EA8B
:101560000423634080EA101404F0F01480EA0410AD
:10157000604081EA111404F0F01481EA0411614022
:1015800082EA121404F0F01482EA0412624083EA40
:10159000131404F0F01483EA04136340704700BF8F
:1015A0002DE9F14F94464FEA930B8A68CB6808689F
:1015B0004968FFF749FF0BF1060E33E083EA134455
:1015C00080EA134582EA134746BA96EA34446040FB
:1015D00000F00F1684EA063420F00F1684EA161085
:1015E00054BA94EA0106724002F00F1486EA0436F7
:1015F00022F00F1486EA14124CBA6540694001F0DB
:101600000F1485EA043521F00F1485EA14115CBA31
:1016100067407B4003F00F1487EA043723F00F1470
:1016200087EA1413BCE8F0006040694072407B40D8
:1016300000F0E03400F0103500F00F3040EA5400C4
:1016400040EAC50080EA900404F0332480EA840074
:10165000604001F0E03401F0103501F00F3141EA53
:10166000540141EAC50181EA910404F0332481EA7E
:101670008401614002F0E03402F0103502F00F32D4
:1016800042EA540242EAC50282EA920404F0332498
:1016900082EA8402624003F0E03403F0103503F084
:1016A0000F3343EA540343EAC50383EA930404F087
:1016B000332483EA8403634081EA324787EA13458F
:1016C00081EA354690EA060484EA034B82EA1B422B
:1016D00080EA044484EA054483EA144A85EA14440F
:1016E0008BEA044B84EA374481EA0B4181EA1641D4
:1016F00004EA0A00454082EA04082BEA0800414057
:101700008AEA0B0602EA060084EA34438AEA3A4689
:1017100003EA060778404540414088EA38478BEAAB
:101720003B4007EA000985EA090583EA07094640C4
:1017300006EA0906714085EA010005EA3546464099
:1017400006EA314181EA304181EA364606EA30460E
:1017500086EA3546344008EA010886EA01052A404F
:1017600086EA364003405A4081EA31431F407C40BC
:1017700080EA030709EA070988EA0908544088EA69
:10178000020806EA0A0601EA0B018AEA0B02154082
:101790008AEA3A42104045408BEA3B4003405E40B3
:1017A0004240174079404D404E40E443F64386EABC
:1017B00018435D4085EA054083EA134386EA034106
:1017C00083EA384284EA114383EA04435FEA3343FD
:1017D000BEF1010E3FF6F2AE1ED4BCE8F000604050
:1017E000694072407B4020BCFFF784FE286069603E
:1017F000AA60EB60BDE8F08F2DE9E0414FF2F00206
:1018000080EA1031114080EA0130484041088208E6
:10181000C3084FF0000E4FE700F0113001F0113116
:1018200002F0113203F0113340EA410040EA820035
:1018300040EAC3004FF2F00280EA1031114080EA22
:1018400001304840BDE8E0812DE9F04F02F11C0570
:101850000646074600EB850851F8040B043A46F8A3
:10186000040BF9D14FF0010CFFF7C6FF5FEA3020FF
:1018700080EA0C001ECF41404A4053405C401EC6E7
:101880002000464517D04FEA4C0C1CF4807F18BF4F
:10189000ACF1E50C2C2DE7D03C2D06D1FFF7ACFFC9
:1018A00006CF41404A4006C6100006CF41404A409C
:1018B00006C61000D8E736E90F00FFF7C5FD043D66
:1018C00086E80F00F7D1BDE8F08F00BF2DE9F003E7
:1018D00091E8F801B2E802125B1854EB090455EBE9
:1018E0000C05B2E802124E4157EB090758EB0C0801
:1018F00080E8F80180410130BDE8F003704700BF87
:101900002DE9F00391E8F801B2E802125B1A74EBDA
:10191000090475EB0C05B2E802128E4177EB09075A
:1019200078EB0C0880E8F80180414042BDE8F00304
:10193000704700BF2DE9F001524290E83800B1E84D
:10194000C00116409B1917407C4118EA020855EB6C
:10195000080538C090E8380091E8C001164073418E
:1019600017407C4118EA020855EB080538C0804151
:101970000130BDE8F00170472DE9F001524290E8D6
:101980003800B1E8C00116409B1B1740BC4118EA63
:10199000020875EB080538C090E8380091E8C001EE
:1019A0001640B3411740BC4118EA020875EB080520
:1019B00038C080414042BDE8F00170472DE9F00198
:1019C00052424FF0030890E8300091E8C000A31B9A
:1019D0001340E41AF618EB1B1340ED1AFF1830C041
:1019E000C0C1B8F10108EED1BDE8F001704700BFF9
:1019F00092E8F0032DE9F003B1E8001E06C906B431
:101A0000A9FB04120891AAFB0403E9FB6520EBFB88
:101A100064300992AAFB0521ECFB6401E9FB663204
:101A2000EAFB6602EBFB66120A93A9FB0743EAFB9B
:101A30006713EBFB6723EBFB6504ECFB6514EAFB28
:101A40006824EBFB6834A9FB0865DDF81C80E9FB22
:101A50006825EAFB6835EBFB6845BDE8000EE9FB4D
:101A60006B16EAFB6B26ECFB6736E9FB6746EAFB85
:101A700067565DF804BBA9FB0B87EAFB6B37DDF803
:101A800008B0ECFB6B47E9FB6B57EAFB6B675DF853
:101A900004BBECFB6B28E9FB6B38EAFB6B4802B03C
:101AA0005DF804BBECFB6B58E9FB6B68EAFB6B78F9
:101AB000704700BF2DE9F14F83B0FFF799FFDDF8C4
:101AC0000C9009F10C0989E8FF010FBC83E80700BD
:101AD000BDE8F08F91E8801FA7FB07120091A8FBDB
:101AE0000703E7FB6820E7FB69300192A7FB0921A8
:101AF000E7FB6A01E8FB6832E7FB6A02E7FB6B126F
:101B00000293A8FB0943E7FB6B13E7FB6C23E8FB9D
:101B10006904E8FB6A14E7FB6C24E8FB6C34A8FB5F
:101B20000A65E8FB6B25E8FB6C35E9FB6C45E9FBD6
:101B30006916E8FB6B26E9FB6B36E9FB6C46EAFBB2
:101B40006C56A9FB0A87E9FB6B37EAFB6B47EAFB9C
:101B50006C57EBFB6C67E9FB6A28EAFB6A38EAFB27
:101B60006B48EBFB6B58EBFB6C68ECFB6C787047DD
:101B70002DE9F14F83B0FFF7ADFFDDF80C9009F1CF
:101B80000C0989E8FF010FBC83E80700BDE8F08F6E
:101B90002DE9F00391E8F803B2E802105B1854EB6A
:101BA0000C04B2E802104D4156EB0C0692E8061008
:101BB0004F4158EB020859EB0C0980E8F8038041CB
:101BC0000130BDE8F00370472DE9F00391E8F80318
:101BD000B2E802105B1A74EB0C04B2E802108D41FB
:101BE00076EB0C0692E806108F4178EB020879EB51
:101BF0000C0980E8F80380414042BDE8F0037047DB
:101C00002DE9F003524290E83800B1E88003174014
:101C1000DB1918EA020854EB080419EA020955EB2B
:101C2000090538C090E8780091E8820311404B41E3
:101C300017407C4118EA020855EB080519EA020929
:101C400056EB090678C080410130BDE8F0037047CB
:101C50002DE9F003524290E83800B1E880031740C4
:101C6000DB1B18EA020874EB080419EA020975EB99
:101C7000090538C090E8780091E8820311408B4153
:101C80001740BC4118EA020875EB080519EA020979
:101C900076EB090678C080414042BDE8F00370470A
:101CA0002DE9F00152424FF0030890E8300091E82E
:101CB000C000A31B1340E41AF618EB1B1340ED1AE7
:101CC000FF1830C0C0C1B8F10108EED104680E6839
:101CD000A31B1340E41AF61804600E60BDE8F0017F
:101CE000704700BF00B592E8C40F2DE9C40FB1E8FA
:101CF000005E02B4A9FB02500995AAFB0234E9FB7D
:101D00006603EBFB62430A90AAFB0605ECFB623517
:101D1000E9FB6740E9FB6830EEFB62500B94AAFBDD
:101D20000721EAFB6851EBFB6801DDF81480EBFB4F
:101D30006632ECFB6652EAFB6802EBFB68120C931E
:101D4000A9FB0843DDF81880E9FB6803EAFB681388
:101D5000EBFB6823EBFB6754EEFB6604DDF81C80AD
:101D6000E9FB6814EAFB6824EBFB68340D955DF829
:101D7000049B99E8000CACFB0765DDF80C90ECFBCC
:101D80006915EEFB6925EAFB6935EBFB6945DDF872
:101D90000090EAFB6906EBFB6916DDF81090ECFB9E
:101DA0006926EEFB6936EAFB6946EBFB6956DDF80E
:101DB0000490AAFB0987EBFB6927DDF81490ECFB84
:101DC0006937EEFB6947EAFB6957EBFB6967DDF8AA
:101DD0000890EEFB6918EAFB6928EBFB6938DDF82F
:101DE0001890ECFB6948EEFB6958EAFB6968EBFB6D
:101DF000697807B000BD00BF2DE9F14F85B0FFF74E
:101E000071FFDDF8149009F1140989E8FF013FBC66
:101E100085E81F00BDE8F08F00B591E8805FA7FB63
:101E200007500195A7FB0834E7FB6803E7FB69430C
:101E30000290A7FB0905E7FB6A35E8FB6840E7FB72
:101E40006A30E7FB6B500394A8FB0921E7FB6B5159
:101E5000E7FB6C01E8FB6932E8FB6A52E7FB6C02C6
:101E6000E7FB6E120493A8FB0A43E8FB6B03E7FB56
:101E70006E13E8FB6E23E9FB6954E8FB6B04E8FB97
:101E80006C14E8FB6E24E9FB6E340595A9FB0A652A
:101E9000E8FB6C15E9FB6C25E9FB6E35EAFB6E454A
:101EA000E9FB6A06E9FB6B16E9FB6C26EAFB6C367C
:101EB000EAFB6E46EBFB6E56A9FB0B87EAFB6B2732
:101EC000EAFB6C37EBFB6C47EBFB6E57ECFB6E678A
:101ED000EAFB6A18EAFB6B28EBFB6B38EBFB6C4800
:101EE000ECFB6C58ECFB6E68EEFB6E7800BD00BF3F
:101EF0002DE9F14F85B0FFF78FFFDDF8149009F160
:101F0000140989E8FF013FBC85E81F00BDE8F08F98
:101F10002DE9F00791E8F807B2E802105B1854EBDE
:101F20000C04B2E802104D4156EB0C06B2E8021068
:101F30004F4158EB0C08B2E8021059EB01095AEB7B
:101F40000C0A80E8F80780410130BDE8F0077047CF
:101F50002DE9F00791E8F807B2E802105B1A74EB7C
:101F60000C04B2E802108D4176EB0C06B2E80210C8
:101F70008F4178EB0C08B2E8021079EB01097AEB9B
:101F80000C0A80E8F80780414042BDE8F00770473E
:101F90002DE9F007524290E87800B1E88007174039
:101FA000DB1918EA020854EB080419EA020955EB98
:101FB00009051AEA020A56EB0A0678C090E878008A
:101FC000B1E8800717407B4118EA020854EB080487
:101FD00019EA020955EB09051AEA020A56EB0A0644
:101FE00078C080410130BDE8F00770472DE9F00767
:101FF000524290E87800B1E880071740DB1B18EAEE
:10200000020874EB080419EA020975EB09051AEADB
:10201000020A76EB0A0678C090E87800B1E88007FB
:102020001740BB4118EA020874EB080419EA0209D8
:1020300075EB09051AEA020A76EB0A0678C08041B8
:102040004042BDE8F00770472DE9F00152424FF0E1
:10205000040890E8300091E8C000A31B1340E41A84
:10206000F618EB1B1340ED1AFF1830C0C0C1B8F1D1
:102070000108EED1BDE8F001704700BF00B592E85D
:10208000DC072DE9DC07B1E8805702B4A7FB025159
:102090000A95A8FB020BE7FB6310E9FB62B00B910A
:1020A000A8FB0351EAFB6201E7FB64B5E7FB6605A9
:1020B000E8FB6615CDF830B0A9FB03B6EAFB631662
:1020C000ECFB6356E8FB640BE9FB641BEAFB645B17
:1020D000ECFB646B0D90ACFB0230059CEEFB625098
:1020E000E9FB6460EAFB64B0E7FB6431E8FB645140
:1020F000069CE8FB6461E9FB64B1EAFB64010E93B2
:10210000A7FB0432079CE7FB6462E8FB64B2E9FBCF
:102110006402EAFB6412049CE9FB6453EAFB646317
:10212000089CE7FB64B3E8FB6403E9FB6413EAFB88
:1021300064230F955DF8049B99E80006DDF80080A4
:10214000A9FB0854EAFB68B4DDF81080ECFB6804D6
:10215000EEFB6814E9FB6824EAFB6834DDF80480D0
:10216000EEFB6865E9FB68B5EAFB6805DDF81480FD
:10217000ECFB6815EEFB6825E9FB6835EAFB684572
:102180000F96DDF80880AEFB0876E9FB6806EAFBEF
:102190006816DDF81880ECFB6826EEFB6836E9FB74
:1021A0006846EAFB6856DDF80C80ECFB68B7EEFB8E
:1021B0006807E9FB6817EAFB6827DDF81C80ECFB81
:1021C0006837EEFB6847E9FB6857EAFB686708B0C9
:1021D00000BD00BF2DE9F14F87B0FFF74FFFDDF8DD
:1021E0001C8008F1200888E8FF00FFBC87E87F0812
:1021F000BDE8F08F00B591E89857A3FB0352019515
:10220000A3FB0401E3FB6420E3FB67100292A3FB42
:102210000752E3FB6802E4FB6415E3FB6805E3FB9C
:1022200069250391A4FB07B6E3FB6926E3FB6A5625
:10223000E4FB670BE4FB682BE3FB6A5BE3FB6C6B83
:102240000490A4FB0810E4FB6950E3FB6C60E3FB23
:102250006EB0E7FB6721E4FB6951E4FB6A61E3FBD5
:102260006EB1E4FB6E010592A7FB0832E4FB6A62E3
:10227000E4FB6CB2E4FB6E02E7FB6E12E7FB685313
:10228000E7FB6963E4FB6CB3E7FB6C03E7FB6E13EE
:10229000E8FB6E230695A7FB0954E7FB6AB4E7FB4E
:1022A0006C04E8FB6C14E8FB6E24E9FB6E34E8FB7D
:1022B0006865E7FB6AB5E8FB6A05E8FB6C15E9FBB6
:1022C0006C25E9FB6E35EAFB6E450796A8FB09769F
:1022D000E8FB6A06E9FB6A16E9FB6C26EAFB6C364A
:1022E000EAFB6E46ECFB6E56E8FB69B7E9FB690753
:1022F000E9FB6A17EAFB6A27EAFB6C37ECFB6C47E1
:10230000ECFB6E57EEFB6E6700BD00BF2DE9F14F91
:1023100087B0FFF76FFFDDF81C8008F1200888E820
:10232000FF00FFBC87E87F08BDE8F08F2DE9F00FC4
:10233000B1E8F801B2E8001E13EB090354EB0A04FC
:1023400055EB0B0556EB0C06B2E8001E57EB0907E0
:1023500058EB0A08A0E8F80191E8F80153EB0B03E9
:1023600054EB0C0492E8001E55EB090556EB0A06E7
:1023700057EB0B0758EB0C0880E8F801804101305F
:10238000BDE8F00F704700BF2DE9F00FB1E8F8018C
:10239000B2E8001EB3EB090374EB0A0475EB0B05FE
:1023A00076EB0C06B2E8001E77EB090778EB0A081B
:1023B000A0E8F80191E8F80173EB0B0374EB0C044F
:1023C00092E8001E75EB090576EB0A0677EB0B0722
:1023D00078EB0C0880E8F80180414042BDE8F00F3E
:1023E000704700BF2DE9F007524290E87800B1E84D
:1023F00080071740DB1918EA020854EB080419EAB1
:10240000020955EB09051AEA020A56EB0A0678C0DA
:1024100090E87800B1E8800717407B4118EA02088D
:1024200054EB080419EA020955EB09051AEA020AF5
:1024300056EB0A0678C090E87800B1E880071740AC
:102440007B4118EA020854EB080419EA020955EB2B
:1024500009051AEA020A56EB0A0678C080410130E3
:10246000BDE8F007704700BF2DE9F007524290E841
:102470007800B1E880071740DB1B18EA020874EB0C
:10248000080419EA020975EB09051AEA020A76EB53
:102490000A0678C090E87800B1E880071740BB4191
:1024A00018EA020874EB080419EA020975EB090539
:1024B0001AEA020A76EB0A0678C090E87800B1E8DA
:1024C00080071740BB4118EA020874EB080419EAB8
:1024D000020975EB09051AEA020A76EB0A0678C0CA
:1024E00080414042BDE8F007704700BF2DE9F00190
:1024F00052424FF0060890E8300091E8C000A31B5C
:102500001340E41AF618EB1B1340ED1AFF1830C005
:10251000C0C1B8F10108EED1BDE8F001704700BFBD
:1025200003B5B2E8005E92E8FC012DE9FC012DE95B
:10253000005E0FC9A0FB0967A1FB0958E0FB6A75A3
:10254000E2FB69850C9CC4E90067A1FB0A76E3FB0A
:102550006956E0FB6B87E1FB6B57E2FB6B67C4F8E6
:102560000880A0FB0C98E1FB6C68E2FB6C78E2FB56
:102570006A59E3FB6A69E1FB6E79E2FB6E89E5600B
:10258000A0FB0EBADDF814E0E0FB6E7AE1FB6E8A88
:10259000E2FB6E9A0D9CD4E90445DDF800E0E4FB13
:1025A0006E6BE5FB6E7BE3FB6C8BE4FB6C9BE5FBEE
:1025B0006CABDDF830E0CEF81060019EA4FB06ECB9
:1025C000E5FB668C049EE3FB669CE4FB66ACE5FBE6
:1025D00066BC029EE3FB667EE4FB668EE5FB669EC0
:1025E000059EE3FB66AEE4FB66BEE5FB66CE0C9C97
:1025F00004F1140484E8805F06AD95E8E003A0FBD5
:1026000005CEA1FB05BAE0FB66EBE2FB65AB2DE96D
:102610000050A1FB06ECE3FB65BCE0FB67AEE1FB11
:1026200067BEE2FB67CEA0FB0854E1FB68C4E2FB97
:1026300068E4E2FB66B5E3FB66C5E1FB69E5E2FB46
:102640006945A0FB0976DDF83490E0FB69E6E1FB23
:102650006946E2FB69560F9AD2E90412DDF8209030
:10266000E1FB69C7E2FB69E7E3FB6847E1FB685709
:10267000E2FB68670998A1FB0098E2FB60480C98B0
:10268000E3FB6058E1FB6068E2FB60780A98E3FBDB
:1026900060E9E1FB6049E2FB60590D98E3FB60698A
:1026A000E1FB6079E2FB60890E9800F1300181E87E
:1026B000F0038769BDE800030D9800F118003FC8DA
:1026C000009EE0FB6687E1FB6697E2FB66A7E3FB03
:1026D00066B7E4FB66C7E5FB66E70C9EC6F81880A4
:1026E000D6F81C80019EE0FB6698E1FB66A8E2FB41
:1026F00066B8E3FB66C8E4FB66E8E5FB66780C9E1B
:10270000C6F81C90D6F82090029EE0FB66A9E1FB7B
:1027100066B9E2FB66C9E3FB66E9E4FB6679E5FBC3
:1027200066890C9EC6F820A0D6F824A0039EE0FB84
:1027300066BAE1FB66CAE2FB66EAE3FB667AE4FBA3
:10274000668AE5FB669A0C9EC6F824B0D6F828B0D7
:10275000049EE0FB66CBE1FB66EBE2FB667BE3FB02
:10276000668BE4FB669BE5FB66AB0C9EC6F828C057
:10277000D6F82CC0059EE0FB66ECE1FB667CE2FB34
:10278000668CE3FB669CE4FB66ACE5FB66BC0C9EDA
:10279000C6F82CE0366BDDF818E0E0FB6E76E1FB66
:1027A0006E86E2FB6E96E3FB6EA6E4FB6EB6E5FB7F
:1027B0006EC6DDF830E0CEF83070DEF83470DDF84B
:1027C0001CE0E0FB6E87E1FB6E97E2FB6EA7E3FB8C
:1027D0006EB7E4FB6EC7E5FB6E67DDF830E0CEF860
:1027E0003480DEF83880DDF820E0E0FB6E98E1FB15
:1027F0006EA8E2FB6EB8E3FB6EC8E4FB6E68E5FB17
:102800006E78DDF830E0CEF83890DEF83C90DDF8F8
:1028100024E0E0FB6EA9E1FB6EB9E2FB6EC9E3FBCD
:102820006E69E4FB6E79E5FB6E89DDF830E0CEF889
:102830003CA0DEF840A0DDF828E0E0FB6EBAE1FB4A
:102840006ECAE2FB6E6AE3FB6E7AE4FB6E8AE5FB1E
:102850006E9ADDF830E0CEF840B0DEF844B0DDF836
:102860002CE0E0FB6ECBE1FB6E6BE2FB6E7BE3FBEF
:102870006E8BE4FB6E9BE5FB6EAB0C98C0F844C01E
:102880000EB000BD2DE9F14FFFF74AFE5DF804CB15
:102890000CF1480C8CE8C00FBDE8F08F01B591E851
:1028A000FF0F2DE9FF0FA0FB0089A1FB00BAE0FBA1
:1028B000619BE2FB60AB0C9EE6E80289A1FB017C18
:1028C000E3FB60BCE0FB62A7E1FB62B7E2FB62C72F
:1028D000A0FB0398E1FB63C8E2FB6378E2FB61B90C
:1028E000E3FB61C9E1FB6479E2FB6489E6E802ABE2
:1028F000A0FB04BAE0FB657AE1FB658AE2FB659A1E
:10290000E4FB60CBE5FB607BE3FB638BE4FB639B59
:10291000E5FB63AB46F804CBA4FB01ECE5FB618C63
:10292000E3FB649CE4FB64ACE5FB64BCE3FB627E1C
:10293000E4FB628EE5FB629EE3FB65AEE4FB65BEF5
:10294000E5FB65CE86E8805F06AD95E8E003A0FB79
:1029500005CEA1FB05BAE0FB66EBE2FB65AB2DE91A
:102960000050A1FB06ECE3FB65BCE0FB67AEE1FBBE
:1029700067BEE2FB67CEA0FB0854E1FB68C4E2FB44
:1029800068E4E2FB66B5E3FB66C5E1FB69E5E2FBF3
:102990006945A0FB0976DDF83490E0FB69E6E1FBD0
:1029A0006946E2FB6956DDE906120898E1FB60C75B
:1029B000E2FB60E7E3FB6847E1FB6857E2FB68671F
:1029C0000998A1FB0098E2FB60480C98E3FB605873
:1029D000E1FB6068E2FB60780A98E3FB60E9E1FBF9
:1029E0006049E2FB60590D98E3FB6069E1FB6079A7
:1029F000E2FB60890E9800F1300181E8F0038769FD
:102A0000BDE8000306A83FC8009EE0FB6687E1FB27
:102A10006697E2FB66A7E3FB66B7E4FB66C7E5FBE8
:102A200066E70C9EC6F81880D6F81C80019EE0FB75
:102A30006698E1FB66A8E2FB66B8E3FB66C8E4FBC8
:102A400066E8E5FB66780C9EC6F81C90D6F82090E8
:102A5000029EE0FB66A9E1FB66B9E2FB66C9E3FB07
:102A600066E9E4FB6679E5FB66890C9EC6F820A062
:102A7000D6F824A0039EE0FB66BAE1FB66CAE2FB3F
:102A800066EAE3FB667AE4FB668AE5FB669A0C9EDF
:102A9000C6F824B0D6F828B0049EE0FB66CBE1FB74
:102AA00066EBE2FB667BE3FB668BE4FB669BE5FB88
:102AB00066AB0C9EC6F828C0D6F82CC0059EE0FB7D
:102AC00066ECE1FB667CE2FB668CE3FB669CE4FB68
:102AD00066ACE5FB66BC0C9EC6F82CE0366BE0FBF2
:102AE0006076E1FB6086E2FB6096E3FB60A6E4FBB8
:102AF00060B6E5FB60C6DDF830E0CEF83070DEF899
:102B00003470E0FB6187E1FB6197E2FB61A7E3FBC7
:102B100061B7E4FB61C7E5FB6167CEF83480DEF89E
:102B20003880E0FB6298E1FB62A8E2FB62B8E3FB5D
:102B300062C8E4FB6268E5FB6278CEF83890DEF8A4
:102B40003C90E0FB63A9E1FB63B9E2FB63C9E3FBF3
:102B50006369E4FB6379E5FB6389CEF83CA0DEF8AA
:102B600040A0E0FB64BAE1FB64CAE2FB646AE3FBF9
:102B7000647AE4FB648AE5FB649ACEF840B0DEF840
:102B800044B0E0FB65CBE1FB656BE2FB657BE3FBFF
:102B9000658BE4FB659BE5FB65ABCEF844C00DB0EF
:102BA00000BD00BF2DE9F14FFFF778FE5DF804CBC3
:102BB0000CF1480C8CE8C00FBDE8F08F2DE9F04F08
:102BC000B0E8FE0783B02DE9010790E8005F4FF001
:102BD0000A0006900198DB199CEA030C18EB3C48AC
:102BE00097EA080713EB375393EA3C4C18EB3C6821
:102BF00098EA375724189EEA040E19EB3E4990EAEA
:102C0000090014EB305494EA3E4E19EB3E6999EA00
:102C10003050CDE90489DDE9028949199AEA010AAF
:102C200018EB3A4895EA080511EB355191EA3A4A12
:102C300018EB3A6898EA355592199BEA020B19EBA2
:102C40003B4996EA090612EB365292EA3B4B19EBE6
:102C50003B6999EA365613EB706393EA3B6B18EBCA
:102C60003B4898EA706013EB305393EA3B4B5FEAC2
:102C70003B6B18EB0B0898EA30505FEA706014EB7E
:102C8000756494EA3C6C19EB3C4999EA756514EB60
:102C9000355494EA3C4C5FEA3C6C19EB0C0999EA18
:102CA00035555FEA7565CDE90289DDE9048911EBE7
:102CB000766191EA3E6E18EB3E4898EA766611EB33
:102CC000365191EA3E4E5FEA3E6E18EB0E0898EAE6
:102CD00036565FEA766612EB776292EA3A6A19EB49
:102CE0003A4999EA776712EB375292EA3A4A5FEA31
:102CF0003A6A19EB0A0999EA37575FEA7767019050
:102D0000069801387FF465AF01BC80E8005FBDE83C
:102D1000000700E9FE0703B0BDE8F08F30B44FF0C4
:102D2000000310F8014B11F8015B013A84EA050435
:102D300043EA0403F5D1A3F101034FEAD37030BC99
:102D4000704700BF4FF0000310F8012B013943EA30
:102D50000203F9D1A3F101034FEAD370704700BF1A
:102D600030B411F8014B12F8015B6C4000F8014BD4
:102D7000013BF6D130BC70472DE9F00391E8F80330
:102D8000B2E802105B1854EB0C04B2E802104D419B
:102D900056EB0C0692E806104F4158EB020859EB2F
:102DA0000C098941013B74F1000475F1000576F1CD
:102DB000FF3677F1FF3778F1FF3879F1FF3951F1BC
:102DC000000113EBD17354F1000455F100054E419D
:102DD0004F4158EB010859EB010980E8F803BDE8C1
:102DE000F00370472DE9F00391E8F803B2E8021010
:102DF0005B1A74EB0C04B2E802108D4176EB0C0602
:102E000092E806108F4178EB020879EB0C098941B2
:102E100013EBD17354F1000455F100054E414F41BD
:102E200058EB010859EB010980E8F803BDE8F0030D
:102E3000704700BF2DE9F14F85B0FEF753FFDDE984
:102E400003ABBAEB05097BEB060AB84171EB08014D
:102E500072F1000273F1000374F100046BEB0B0BD1
:102E6000491972417B4154EB08044BF10005BDE860
:102E7000C001BEEB0E0E59EB02095AEB030A60418A
:102E800069415EF1000E96419F4178EB040879EBB1
:102E900005097AF1000A70F1000B71F1000C6EF176
:102EA000010E16EBDE7657F1000758F1000859EBDA
:102EB0000E095AEB0E0A5BEB0E0B5CEB0E0C02B02C
:102EC00001BC80E8C01FBDE8F08F00BF2DE9F14FC5
:102ED00085B0FEF7A1FFB2E72DE9F00791E8F8070A
:102EE000B2E802105B1854EB0C04B2E802104D413A
:102EF00056EB0C06B2E802104F4158EB0C08B2E852
:102F0000021059EB01095AEB0C0A8941B3F1FF3366
:102F100074F1FF3475F1FF3576F1000677F10007A3
:102F200078F1000879F101097AF1FF3A51F10001D5
:102F30005B184C414D4156F1000657F1000758F11E
:102F4000000859EBD1795AEB010A80E8F807BDE88F
:102F5000F00770472DE9F00791E8F807B2E8021092
:102F60005B1A74EB0C04B2E802108D4176EB0C0690
:102F7000B2E802108F4178EB0C08B2E8021079EB4E
:102F800001097AEB0C0A89415B184C414D4156F11D
:102F9000000657F1000758F1000859EBD1795AEBB8
:102FA000010A80E8F807BDE8F007704718EB04084D
:102FB00059EB05095AEB060A5BEB070B5FF0000CB7
:102FC0004CF1000C18EB050859EB06095AEB070AFF
:102FD0005BEB070B50EB0C005FF0000C51EB0C01AE
:102FE00052EB0C0263414CF1000CB8EB070879F18D
:102FF00000097AF1000A7BEB040BA841B141A24120
:10300000B3416CF1000CBBEB050BB041B941AA41D7
:10301000BB416CF1000C4CF001068CF0020718EB80
:10302000060859EB6C095AEB6C0A7BEB6C0B70EBE6
:103030006C0471EB6C0572EB670653EB6C076CEB81
:103040006C0C18EB0C0059EB0C015AEB0C025BF109
:10305000000354F1000455F1000556EBDC7657EB04
:103060000C0770472DE9F14F87B0FFF707F8DDF83F
:103070001080DDF81490DDF818A0FFF797FFBDE889
:10308000000FFFF793FF03B05DF8048B88E8FF00A3
:10309000BDE8F08F2DE9F14F87B0FFF7ABF8DDF811
:1030A0001080DDF81490DDF818A0FFF77FFFBDE871
:1030B000000FFFF77BFF03B05DF8048B88E8FF008B
:1030C000BDE8F08F2DE9F04FB1E8C003B2E8380455
:1030D000F618674158EB050859EB0A092DE9C003BA
:1030E000B1E8C003B2E838045E41674158EB050817
:1030F00059EB0A0991E8005C3CCA5AEB020A5BEB07
:10310000030B5CEB040C5EEB050E89413CBCB2F199
:10311000FF3273F1000374F1000475F1FF3556F1CD
:10312000010677F1FF3778F1FF3879F1FF397AF14D
:10313000FF3A7BF1FF3B7CF1FF3C7EF1FF3E51F11A
:103140000001521853F1000354F100044D4156EBB5
:1031500041064F4158EB010859EB01095AEB010AAE
:103160005BEB010B5CEB010C5EEB010E80E8FC5F9E
:10317000BDE8F08F2DE9F04FB1E8C003B2E83804A4
:10318000F61AA74178EB050879EB0A092DE9C00387
:10319000B1E8C003B2E838049E41A74178EB0508C6
:1031A00079EB0A0991E8005C3CCA7AEB020A7BEBF6
:1031B000030B7CEB040C7EEB050E89413CBC5218E2
:1031C00053F1000354F100044D4156EB41064F41C9
:1031D00058EB010859EB01095AEB010A5BEB010BB3
:1031E0005CEB010C5EEB010E80E8FC5FBDE8F08F4C
:1031F0008019794152EB080253EB090354EB0A049E
:1032000055EB0B054CF1000C9B197C4155EB080567
:103210004CF1000CA4197D414CF1000C891BBA4102
:1032200073EB080374EB090475EB0A056CF1000CF1
:10323000DDE90C6716EB0C064FEAEC7C57EB0C074C
:103240004CF1000C16EB080657EB09074CF1000C8B
:1032500016EB090657EB0A074CF1000CB6EB0B0610
:10326000DDF8188077EB08076CF1000CDDE90E89BA
:1032700018EB0C084FEAEC7C59EB0C094CF1000CF4
:1032800018EB0A0859EB0B09DDF818A04CEB0A0CF7
:1032900018EB0B0859EB0A094CF1000CDDE910ABF7
:1032A0001AEB0C0A5BF1000B704700BF2DE9F14FE0
:1032B00098B06846FFF734F906A83FC84FF0000CF5
:1032C000CDF818C04FF0010CFFF792FF0DF1300C54
:1032D0008CE83F004FF0000C4CF1000C9DE83F00E3
:1032E000CDF818C0FFF784FF6CEB0C0C10EB0C0052
:1032F00051F1000152F1000253EB0C0354EB4C046A
:1033000055EB0C0556EB0C0657EB0C0758EB0C086D
:1033100059EB0C095AEB0C0A5BEB0C0B18B05DF87F
:1033200004CB8CE8FF0FBDE8F08F00BF2DE9F14F13
:1033300098B06846FFF7B2FABEE700BF2DE9F14F3B
:10334000F8C892E8005E19EB03095AEB040A5BEB3C
:10335000050B5CEB060C4EEB070E91E8E001A9FBB8
:103360000502AAFB0543E9FB6624EAFB6634A9FBD8
:103370000765E9FB6845B1E80003EBFB6836ECFB49
:103380006846EEFB6856ABFB0987ECFB6957EEFB22
:10339000696791E80202EAFB6148EBFB6158ECFBCC
:1033A0006168EEFB61784FF00001EAFB0951EBFB2D
:1033B0006961ECFB6971EEFB69814FF4A03C4FEA57
:1033C000154949EA06495FF0000AE9FB0C0A4FEA91
:1033D000164646EA0746E6FB6C2A4FEA174747EAD5
:1033E0000847E7FB6C3A4FEA184848EA0148E8FB0F
:1033F0006C4AADB25544AF0805F0030507EB8707EB
:10340000C01952F1000153F1000254F1000345F1DB
:10341000000420BC1FC5BDE8F08F00BF30B490E8A9
:103420003C10511D53F1000154F1000155F1000110
:103430004CF100014FEA9101494201F00501521897
:1034400053F1000354F1000455F100054CF1000C58
:103450000CF0030C80E83C1030BC70472DE9F04FB5
:1034600090E8F00F00F140004FF0040E59E0F0B486
:10347000826BC36B04680525242687593C444FEAB8
:10348000724787EAF24787EA92273C4442684FEA4C
:10349000F21787EAB24787EAD2073C4440F8044B68
:1034A000032D08BF6FF01B0687593A444FEA734754
:1034B00087EAF34787EA93273A4443684FEAF317CA
:1034C00087EAB34787EAD3073A4440F8042B875981
:1034D0003B444FEA744787EAF44787EA94273B4422
:1034E00044684FEAF41787EAB44787EAD4073B44B5
:1034F00040F8043B013DC0D1A0F13C00076A3C44C8
:103500004FEA724787EAF24787EA92273C4402680B
:103510004FEAF21787EAB24787EAD2073C44C4630E
:10352000F0BC4FF0020288EA781C8CEAF84C0BEBF6
:10353000BC1C8AEA090303EA080383EA0A039C44E1
:1035400050F8043B9C4451F8043B9C44674444EAD3
:10355000050B0BEA060B04EA05034BEA030BE344F5
:1035600084EAF42383EA34530BEBB30B87EA771C2A
:103570008CEAF74C0AEBBC1C89EA080303EA070350
:1035800083EA09039C4450F8043B9C4451F8043BF3
:103590009C4466444BEA040A0AEA050A0BEA04035F
:1035A0004AEA030AE2448BEAFB2383EA3B530AEB31
:1035B000B30A86EA761C8CEAF64C09EBBC1C88EA56
:1035C000070303EA060383EA08039C4450F8043B1C
:1035D0009C4451F8043B9C4465444AEA0B0909EABF
:1035E00004090AEA0B0349EA0309E1448AEAFA23D7
:1035F00083EA3A5309EBB30985EA751C8CEAF54C6A
:1036000008EBBC1C87EA060303EA050383EA070309
:103610009C4450F8043B9C4451F8043B9C44644453
:1036200049EA0A0808EA0B0809EA0A0348EA030813
:10363000E04489EAF92383EA395308EBB30884EAC2
:10364000741C8CEAF44C07EBBC1C86EA050303EA05
:10365000040383EA06039C4450F8043B9C4451F85D
:10366000043B9C44E34448EA090707EA0A0708EADE
:10367000090347EA0307674488EAF82383EA3853D3
:1036800007EBB3078BEA7B1C8CEAFB4C06EBBC1CFC
:1036900085EA040303EA0B0383EA05039C4450F81C
:1036A000043B9C4451F8043B9C44E24447EA08062E
:1036B00006EA090607EA080346EA0306664487EABB
:1036C000F72383EA375306EBB3068AEA7A1C8CEABF
:1036D000FA4C05EBBC1C84EA0B0303EA0A0383EAF9
:1036E00004039C4450F8043B9C4451F8043B9C4424
:1036F000E14446EA070505EA080506EA070345EA44
:103700000305654486EAF62383EA365305EBB305E1
:1037100089EA791C8CEAF94C04EBBC1C8BEA0A039D
:1037200003EA090383EA0B039C4450F8043B9C44DE
:1037300051F8043B9C44E04445EA060404EA0704CB
:1037400005EA060344EA0304644485EAF52383EAB0
:10375000355304EBB304013A7FF4E5AEA0F1400029
:10376000BEF1010E7FF483AEA0F1400C9CE80F0087
:10377000001949199219DB19ACE80F009CE80F00F9
:103780004044494452445B44ACE80F00BDE8F08F2C
:103790002DE90050ACF1400288B0C3CACDE9000168
:1037A000B2E80303CDE90201B2E8300CCDE90445EB
:1037B000B2E80350CDE9060184EAD46080EA4510FE
:1037C00085EAD56181EA441180EA141080EA057027
:1037D00081EA151181EA04711CEB903C4EEB913E9D
:1037E0001CEB814C4EEB804EDDE9062382EA0A0099
:1037F00083EA0B0120402940504059401CEB000C4B
:103800005EEB010E0A980899D0E900451CEB040C08
:103810005EEB050ED1E900451CEB040C5EEB050EDA
:1038200018EB0C0859EB0E09D0E9024512196B414F
:10383000D1E9024512196B41DDE904458AEA040029
:103840008BEA050110EA080011EA090190EA0A0072
:1038500091EA0B0112184B4188EAD86080EA4910BE
:1038600089EAD96181EA481180EA181080EA097072
:1038700081EA191181EA087112EB903243EB91331E
:1038800012EB814243EB8043CDE90623DDE90023BF
:10389000DDE9024582EAD22080EA435083EAD3215F
:1038A00081EA425180EA921080EA836081EA9311B2
:1038B00081EA82611CEB107C4EEB117E1CEB011C3B
:1038C0004EEB001E82EA0601324001EA040050403D
:1038D0001CEB000C01EA0C00504083EA07023B405D
:1038E00012EA050159405EEB010E02EA0E01594051
:1038F000DDE90623A4185D41CDE9024512184B41CC
:103900008CEADC2080EA4E508EEADE2181EA4C51BE
:1039100080EA9C1080EA8E6081EA9E1181EA8C61C7
:1039200012EB107243EB117312EB011243EB001315
:10393000CDE9062384EAD46080EA451085EAD561A2
:1039400081EA441180EA141080EA057081EA1511B9
:1039500081EA04711AEB903A4BEB913B1AEB814AE6
:103960004BEB804BDDE9042382EA080083EA09017E
:1039700020402940504059401AEB000A5BEB010BF4
:103980000A980899D0E904451AEB040A5BEB050B89
:10399000D1E904451AEB040A5BEB050B16EB0A06AA
:1039A00057EB0B07D0E9064512196B41D1E90645E3
:1039B00012196B41DDE9024588EA040089EA050134
:1039C0003040394090EA080091EA090112184B4151
:1039D00086EAD66080EA471087EAD76181EA461115
:1039E00080EA161080EA077081EA171181EA0671F1
:1039F00012EB903243EB913312EB814243EB804365
:103A0000CDE90423DDE90623DDE9004582EAD22081
:103A100080EA435083EAD32181EA425180EA92103E
:103A200080EA836081EA931181EA82611AEB107A5D
:103A30004BEB117B1AEB011A4BEB001B82EA0C01DA
:103A400012EA0C0201EA040050401AEB000A01EAF3
:103A50000A00504083EA0E0213EA0E0312EA05013F
:103A600059405BEB010B02EA0B015940DDE90423ED
:103A7000A4185D41CDE9004512184B418AEADA20CD
:103A800080EA4B508BEADB2181EA4A5180EA9A10A6
:103A900080EA8B6081EA9B1181EA8A6112EB1072E5
:103AA00043EB117312EB011243EB0013CDE9042336
:103AB00084EAD46080EA451085EAD56181EA441140
:103AC00080EA141080EA057081EA151181EA047118
:103AD00018EB903849EB913918EB814849EB804954
:103AE000DDE9022382EA060083EA0701204029403B
:103AF0005040594018EB000859EB01090A98089901
:103B0000D0E9084518EB040859EB0509D1E9084547
:103B100018EB040859EB05091CEB080C5EEB090EC9
:103B2000D0E90A4512196B41D1E90A4512196B41D6
:103B3000DDE9004586EA040087EA050110EA0C0089
:103B400011EA0E017040794012184B418CEADC609A
:103B500080EA4E108EEADE6181EA4C1180EA1C1088
:103B600080EA0E7081EA1E1181EA0C7112EB90322C
:103B700043EB913312EB814243EB8043CDE90223C7
:103B8000DDE90423DDE9064582EAD22080EA4350DC
:103B900083EAD32181EA425180EA921080EA83606D
:103BA00081EA931181EA826118EB107849EB11796F
:103BB00018EB011849EB001982EA0A0112EA0A021D
:103BC00001EA0400504018EB000801EA08005040E8
:103BD00083EA0B0213EA0B0312EA0501594059EB81
:103BE000010902EA09015940DDE90223A4185D41F7
:103BF000CDE9064512184B4188EAD82080EA4950A1
:103C000089EAD92181EA485180EA981080EA8960DE
:103C100081EA991181EA886112EB107243EB11730A
:103C200012EB011243EB0013CDE9022384EAD460C6
:103C300080EA451085EAD56181EA441180EA1410D2
:103C400080EA057081EA151181EA047116EB90365D
:103C500047EB913716EB814647EB8047DDE90023C0
:103C600082EA0C0083EA0E0120402940504059406E
:103C700036184F410A980899D0E90C4536196F411A
:103C8000D1E90C4536196F411AEB060A5BEB070BBD
:103C9000D0E90E4512196B41D1E90E4512196B415D
:103CA000DDE906458CEA04008EEA050110EA0A0007
:103CB00011EA0B0190EA0C0091EA0E0112184B4137
:103CC0008AEADA6080EA4B108BEADB6181EA4A110A
:103CD00080EA1A1080EA0B7081EA1B1181EA0A71EE
:103CE00012EB903243EB913312EB814243EB804372
:103CF000CDE90023DDE90223DDE9044582EAD22093
:103D000080EA435083EAD32181EA425180EA92104B
:103D100080EA836081EA931181EA826116EB107672
:103D200047EB117716EB011647EB001782EA080103
:103D300012EA080201EA04005040361801EA0600BF
:103D4000504083EA090213EA090312EA05015940C7
:103D50004F4102EA07015940DDE90023A4185D4103
:103D6000CDE9044512184B4186EAD62080EA475037
:103D700087EAD72181EA465180EA961080EA876077
:103D800081EA971181EA866112EB107243EB11739D
:103D900012EB011243EB0013CDE9002384EAD46057
:103DA00080EA451085EAD56181EA441180EA141061
:103DB00080EA057081EA151181EA04711CEB903CE0
:103DC0004EEB913E1CEB814C4EEB804EDDE9062321
:103DD00082EA0A0083EA0B01204029405040594002
:103DE0001CEB000C5EEB010E0A980899D0E9104517
:103DF0001CEB040C5EEB050ED1E910451CEB040C2A
:103E00005EEB050E18EB0C0859EB0E09D0E91245D4
:103E100012196B41D1E9124512196B41DDE90445D4
:103E20008AEA04008BEA050110EA080011EA090198
:103E300090EA0A0091EA0B0112184B4188EAD86017
:103E400080EA491089EAD96181EA481180EA1810AC
:103E500080EA097081EA191181EA087112EB903247
:103E600043EB913312EB814243EB8043CDE90623D0
:103E7000DDE90023DDE9024582EAD22080EA4350F1
:103E800083EAD32181EA425180EA921080EA83607A
:103E900081EA931181EA82611CEB107C4EEB117E6A
:103EA0001CEB011C4EEB001E82EA0601324001EAC7
:103EB000040050401CEB000C01EA0C00504083EA67
:103EC00007023B4012EA050159405EEB010E02EA8F
:103ED0000E015940DDE90623A4185D41CDE90245F4
:103EE00012184B418CEADC2080EA4E508EEADE212B
:103EF00081EA4C5180EA9C1080EA8E6081EA9E1132
:103F000081EA8C6112EB107243EB117312EB011218
:103F100043EB0013CDE9062384EAD46080EA451020
:103F200085EAD56181EA441180EA141080EA0570BF
:103F300081EA151181EA04711AEB903A4BEB913B3F
:103F40001AEB814A4BEB804BDDE9042382EA08003F
:103F500083EA090120402940504059401AEB000AE9
:103F60005BEB010B0A980899D0E914451AEB040A97
:103F70005BEB050BD1E914451AEB040A5BEB050B6F
:103F800016EB0A0657EB0B07D0E9164512196B41E1
:103F9000D1E9164512196B41DDE9024588EA0400B2
:103FA00089EA05013040394090EA080091EA0901A8
:103FB00012184B4186EAD66080EA471087EAD7613B
:103FC00081EA461180EA161080EA077081EA17112B
:103FD00081EA067112EB903243EB913312EB81428E
:103FE00043EB8043CDE90423DDE90623DDE9004509
:103FF00082EAD22080EA435083EAD32181EA425107
:1040000080EA921080EA836081EA931181EA8261FA
:104010001AEB107A4BEB117B1AEB011A4BEB001BDE
:1040200082EA0C0112EA0C0201EA040050401AEB89
:10403000000A01EA0A00504083EA0E0213EA0E0366
:1040400012EA050159405BEB010B02EA0B015940F2
:10405000DDE90423A4185D41CDE9004512184B4168
:104060008AEADA2080EA4B508BEADB2181EA4A5166
:1040700080EA9A1080EA8B6081EA9B1181EA8A616A
:1040800012EB107243EB117312EB011243EB0013AE
:10409000CDE9042384EAD46080EA451085EAD5613D
:1040A00081EA441180EA141080EA057081EA151152
:1040B00081EA047118EB903849EB913918EB81488B
:1040C00049EB8049DDE9022382EA060083EA070121
:1040D000204029405040594018EB000859EB010995
:1040E0000A980899D0E9184518EB040859EB050916
:1040F000D1E9184518EB040859EB05091CEB080C2D
:104100005EEB090ED0E91A4512196B41D1E91A4547
:1041100012196B41DDE9004586EA040087EA0501D2
:1041200010EA0C0011EA0E017040794012184B4160
:104130008CEADC6080EA4E108EEADE6181EA4C1186
:1041400080EA1C1080EA0E7081EA1E1181EA0C716F
:1041500012EB903243EB913312EB814243EB8043FD
:10416000CDE90223DDE90423DDE9064582EAD22018
:1041700080EA435083EAD32181EA425180EA9210D7
:1041800080EA836081EA931181EA826118EB1078FA
:1041900049EB117918EB011849EB001982EA0A0181
:1041A00012EA0A0201EA0400504018EB000801EA92
:1041B0000800504083EA0B0213EA0B0312EA0501E0
:1041C000594059EB010902EA09015940DDE902238E
:1041D000A4185D41CDE9064512184B4188EAD82064
:1041E00080EA495089EAD92181EA485180EA981049
:1041F00080EA896081EA991181EA886112EB107284
:1042000043EB117312EB011243EB0013CDE90223D0
:1042100084EAD46080EA451085EAD56181EA4411D8
:1042200080EA141080EA057081EA151181EA0471B0
:1042300016EB903647EB913716EB814647EB8047FC
:10424000DDE9002382EA0C0083EA0E0120402940C8
:104250005040594036184F410A980899D0E91C45FA
:1042600036196F41D1E91C4536196F411AEB060A20
:104270005BEB070BD0E91E4512196B41D1E91E45D6
:1042800012196B41DDE906458CEA04008EEA05014E
:1042900010EA0A0011EA0B0190EA0C0091EA0E0103
:1042A00012184B418AEADA6080EA4B108BEADB6134
:1042B00081EA4A1180EA1A1080EA0B7081EA1B1128
:1042C00081EA0A7112EB903243EB913312EB814297
:1042D00043EB8043CDE90023DDE90223DDE904451A
:1042E00082EAD22080EA435083EAD32181EA425114
:1042F00080EA921080EA836081EA931181EA826108
:1043000016EB107647EB117716EB011647EB00170B
:1043100082EA080112EA080201EA04005040361855
:1043200001EA0600504083EA090213EA090312EA8F
:10433000050159404F4102EA07015940DDE90023D8
:10434000A4185D41CDE9044512184B4186EAD620F8
:1043500080EA475087EAD72181EA465180EA9610E1
:1043600080EA876081EA971181EA866112EB107218
:1043700043EB117312EB011243EB0013CDE9002361
:104380000A9880300A90089AA2F140021BBCC3C26E
:10439000A2E818031BBCA2E8030CA2E81850BDE871
:1043A000009000BF00B59CE8F00FDCE91201DCE9E9
:1043B0001C23241845EB01054FEA560E8EEAC77EF2
:1043C0008EEA162E8EEA076E8EEAD61E8EEA476EAB
:1043D00014EB0E044FEA570E8EEAC67E8EEA172EB5
:1043E0008EEA066E8EEAD71E45EB0E054FEAD24ED8
:1043F0008EEA433E8EEAC20E8EEA537E8EEA921E0B
:104400008EEA836E14EB0E044FEAD34E8EEA423EE0
:104410008EEAC30E8EEA527E8EEA931E45EB0E059F
:10442000DCE91401DCE91E23361847EB01074FEAEB
:10443000580E8EEAC97E8EEA182E8EEA096E8EEA32
:10444000D81E8EEA496E16EB0E064FEA590E8EEA1A
:10445000C87E8EEA192E8EEA086E8EEAD91E47EBC8
:104460000E074FEAD24E8EEA433E8EEAC20E8EEA25
:10447000537E8EEA921E8EEA836E16EB0E064FEA8C
:10448000D34E8EEA423E8EEAC30E8EEA527E8EEA0A
:10449000931E47EB0E07DCE9160118EB000849EB09
:1044A00001094FEA5A0E8EEACB7E8EEA1A2E8EEA68
:1044B0000B6E8EEADA1E8EEA4B6E18EB0E084FEA90
:1044C0005B0E8EEACA7E8EEA1B2E8EEA0A6E8EEA9A
:1044D000DB1E49EB0E094FEAD44E8EEA453E8EEACA
:1044E000C40E8EEA557E8EEA941E8EEA856E18EB17
:1044F0000E084FEAD54E8EEA443E8EEAC50E8EEA8D
:10450000547E8EEA951E49EB0E09DCE91801DCE9C0
:1045100008231AEB000A4BEB010B4FEA520E8EEA0E
:10452000C37E8EEA122E8EEA036E8EEAD21E8EEAC9
:10453000436E1AEB0E0A4FEA530E8EEAC27E8EEAE3
:10454000132E8EEA026E8EEAD31E4BEB0E0B4FEA51
:10455000D64E8EEA473E8EEAC60E8EEA577E8EEA29
:10456000961E8EEA876E1AEB0E0A4FEAD74E8EEA37
:10457000463E8EEAC70E8EEA567E8EEA971E4BEBBB
:104580000E0BACE8F00FDCE91201DCE9026712184F
:1045900043EB01034FEA560E8EEAC77E8EEA162ED3
:1045A0008EEA076E8EEAD61E8EEA476E12EB0E0278
:1045B0004FEA570E8EEAC67E8EEA172E8EEA066EF8
:1045C0008EEAD71E43EB0E034FEAD84E8EEA493EE1
:1045D0008EEAC80E8EEA597E8EEA981E8EEA896EA1
:1045E00012EB0E024FEAD94E8EEA483E8EEAC90E11
:1045F0008EEA587E8EEA991E43EB0E03DCE9140125
:10460000DCE90489361847EB01074FEA580E8EEAB9
:10461000C97E8EEA182E8EEA096E8EEAD81E8EEAC0
:10462000496E16EB0E064FEA590E8EEAC87E8EEAE8
:10463000192E8EEA086E8EEAD91E47EB0E074FEA56
:10464000DA4E8EEA4B3E8EEACA0E8EEA5B7E8EEA28
:104650009A1E8EEA8B6E16EB0E064FEADB4E8EEA42
:104660004A3E8EEACB0E8EEA5A7E8EEA9B1E47EBBE
:104670000E07DCE91601DCE906AB18EB000849EB94
:1046800001094FEA5A0E8EEACB7E8EEA1A2E8EEA86
:104690000B6E8EEADA1E8EEA4B6E18EB0E084FEAAE
:1046A0005B0E8EEACA7E8EEA1B2E8EEA0A6E8EEAB8
:1046B000DB1E49EB0E094FEAD24E8EEA433E8EEAEC
:1046C000C20E8EEA537E8EEA921E8EEA836E18EB3D
:1046D0000E084FEAD34E8EEA423E8EEAC30E8EEAB1
:1046E000527E8EEA931E49EB0E09DCE908011AEBB3
:1046F000040A4BEB050B4FEA500E8EEAC17E8EEAA0
:10470000102E8EEA016E8EEAD01E8EEA416E1AEBF2
:104710000E0A4FEA510E8EEAC07E8EEA112E8EEA04
:10472000006E8EEAD11E4BEB0E0B4FEAD64E8EEA90
:10473000473E8EEAC60E8EEA577E8EEA961E8EEAB7
:10474000876E1AEB0E0A4FEAD74E8EEA463E8EEA85
:10475000C70E8EEA567E8EEA971E4BEB0E0BACE828
:10476000CC0F5CE90E45DCE90267001941EB05015D
:104770004FEA560E8EEAC77E8EEA162E8EEA076E36
:104780008EEAD61E8EEA476E10EB0E004FEA570EE9
:104790008EEAC67E8EEA172E8EEA066E8EEAD71E47
:1047A00041EB0E014FEAD84E8EEA493E8EEAC80E22
:1047B0008EEA597E8EEA981E8EEA896E10EB0E0004
:1047C0004FEAD94E8EEA483E8EEAC90E8EEA587EEE
:1047D0008EEA991E41EB0E015CE90C45DCE9048987
:1047E000361947EB05074FEA580E8EEAC97E8EEA66
:1047F000182E8EEA096E8EEAD81E8EEA496E16EBE6
:104800000E064FEA590E8EEAC87E8EEA192E8EEAFF
:10481000086E8EEAD91E47EB0E074FEADA4E8EEA93
:104820004B3E8EEACA0E8EEA5B7E8EEA9A1E8EEAB6
:104830008B6E16EB0E064FEADB4E8EEA4A3E8EEA90
:10484000CB0E8EEA5A7E8EEA9B1E47EB0E075CE982
:104850000A45DCE906AB18EB040849EB05094FEA09
:104860005A0E8EEACB7E8EEA1A2E8EEA0B6E8EEAF6
:10487000DA1E8EEA4B6E18EB0E084FEA5B0E8EEADC
:10488000CA7E8EEA1B2E8EEA0A6E8EEADB1E49EB8A
:104890000E094FEAD04E8EEA413E8EEAC00E8EEAF5
:1048A000517E8EEA901E8EEA816E18EB0E084FEA5A
:1048B000D14E8EEA403E8EEAC10E8EEA507E8EEADE
:1048C000911E49EB0E09DCE908451AEB020A4BEB95
:1048D000030B4FEA540E8EEAC57E8EEA142E8EEA42
:1048E000056E8EEAD41E8EEA456E1AEB0E0A4FEA6A
:1048F000550E8EEAC47E8EEA152E8EEA046E8EEA7E
:10490000D51E4BEB0E0B4FEAD64E8EEA473E8EEA93
:10491000C60E8EEA577E8EEA961E8EEA876E1AEBD8
:104920000E0A4FEAD74E8EEA463E8EEAC70E8EEA50
:10493000567E8EEA971E4BEB0E0BACE8C30F5CE97C
:104940000E23DCE90267A41845EB03054FEA560E77
:104950008EEAC77E8EEA162E8EEA076E8EEAD61E85
:104960008EEA476E14EB0E044FEA570E8EEAC67EAF
:104970008EEA172E8EEA066E8EEAD71E45EB0E05DE
:104980004FEAD84E8EEA493E8EEAC80E8EEA597E2C
:104990008EEA981E8EEA896E14EB0E044FEAD94E09
:1049A0008EEA483E8EEAC90E8EEA587E8EEA991E3D
:1049B00045EB0E055CE90C23DCE90489B61847EBEE
:1049C00003074FEA580E8EEAC97E8EEA182E8EEA49
:1049D000096E8EEAD81E8EEA496E16EB0E064FEA75
:1049E000590E8EEAC87E8EEA192E8EEA086E8EEA7D
:1049F000D91E47EB0E074FEADA4E8EEA4B3E8EEA9F
:104A0000CA0E8EEA5B7E8EEA9A1E8EEA8B6E16EBDB
:104A10000E064FEADB4E8EEA4A3E8EEACB0E8EEA57
:104A20005A7E8EEA9B1E47EB0E075CE90A23DCE9FF
:104A300006AB18EB020849EB03094FEA5A0E8EEA5F
:104A4000CB7E8EEA1A2E8EEA0B6E8EEADA1E8EEA84
:104A50004B6E18EB0E084FEA5B0E8EEACA7E8EEAAA
:104A60001B2E8EEA0A6E8EEADB1E49EB0E094FEA18
:104A7000D44E8EEA453E8EEAC40E8EEA557E8EEA0C
:104A8000941E8EEA856E18EB0E084FEAD54E8EEA1C
:104A9000443E8EEAC50E8EEA547E8EEA951E49EBA0
:104AA0000E095CE918231AEB000A4BEB010B4FEAE5
:104AB000520E8EEAC37E8EEA122E8EEA036E8EEAC4
:104AC000D21E8EEA436E1AEB0E0A4FEA530E8EEA9E
:104AD000C27E8EEA132E8EEA026E8EEAD31E4BEB56
:104AE0000E0B4FEAD64E8EEA473E8EEAC60E8EEA8F
:104AF000577E8EEA961E8EEA876E1AEB0E0A4FEAF2
:104B0000D74E8EEA463E8EEAC70E8EEA567E8EEA73
:104B1000971E4BEB0E0B8CE8F00FACF1600C00BD58
:104B20002DE9F24F00F1400CB0E8F807ACE8F807C7
:104B3000B0E8F807ACE8F807FEF72AFEFFF732FC0A
:104B4000FEF726FEFFF72EFCFEF722FEFFF72AFCFB
:104B5000FEF71EFEFFF726FCFEF71AFEACF18008FA
:104B600008F1400998E80F0CB9E8F05000196941C4
:104B700092197B411AEB0C0A4BEB0E0BA8E80F0CB9
:104B800098E80F0CB9E8F0500019694192197B417F
:104B90001AEB0C0A4BEB0E0BA8E80F0C98E80F0071
:104BA00099E8F0000019694192197B4188E80F00EB
:104BB000BDE8F88F074B1B78002B4FF00003836094
:104BC0000360054B436014BF02220122FF23C27120
:104BD00003727047280E002010010800F8B5C41DAC
:104BE000002824F00704054614BF2046002000F0EA
:104BF000EDFA071E02DA6FF00B00F8BD0DB9FC42AA
:104C0000F9D42D4E317AF079B37A727A03310330C8
:104C100008F017FD0028EEDBB178F378274403375E
:104C2000002D194427F0030700FB01F114BF38469B
:104C3000002000F0FBFB07440DB9002FDBDB012057
:104C40003C4600F0B9FA90B1F17A81B1FC1D002D1B
:104C500024F0070414BF204600202523282201F059
:104C6000F3FA0028C7DB04440DB9002CC3DBB37B87
:104C7000ABB1012000F0A0FA88B1F37A7BB1073420
:104C8000002D24F0070414BF20460020B17B02F061
:104C900007FD0028AFDB04440DB9002CABDBB36A81
:104CA0001BB135B1B4620020A7E7002DFBD120462F
:104CB000A3E72834FBD59EE7280E00201FB572B667
:104CC000184BDD6AE5B9BFF34F8F1749174BCA6818
:104CD00002F4E0621343CB60BFF34F8F00BFFDE7E8
:104CE000B2FBF6F2DCB20133002AF9D104F1100371
:104CF0006B4403F80C2C0A2234B901A8A847E2E758
:104D0000024600230A26EDE7631E04AEDCB256FA23
:104D100083F3B0FBF2F602FB1600303003F80C0C04
:104D20003046E9E7280E002000ED00E00400FA0517
:104D300007B50C4B9A7A8DF801205A7A8DF800202D
:104D400068461A7ADB79ADF80420ADF8023001F03C
:104D5000ABFF18B1D9210320FFF7B0FF03B05DF816
:104D600004FB00BF280E002038B5044670B306F0DF
:104D7000EBFC10B94FF0FF3038BD09F0B8FCB0F5CE
:104D8000FA7FF7D8144D1548EC62002400F08EF934
:104D900026222146A81C85F830402C70AC6207F012
:104DA00093F80123AB701B23EB7140F21B332B8173
:104DB00040F202336B810823AB73EFF3108572B6B8
:104DC00000F04CFB2DB962B62846D5E76FF0150010
:104DD000D2E72046D0E700BF280E0020314D00006A
:104DE00038B51446002844D1234D95F83030032BB4
:104DF0003CD071B112B96FF0150038BD01390629E8
:104E000037D8DFE801F00436153625362E00137842
:104E1000AB700020FFF7E2FE0028B7BF012302239A
:104E200085F830306FF00B00A8BF85F83030E4E72C
:104E30009378002BDFD0D378002BDCD013781A2B9B
:104E4000D9D953781A2BD6D91368C5F80730E0E7BB
:104E5000012000F0B1F9237808B1012BCBD9EB7216
:104E6000D7E71388FF2BC6D8AB73D2E74FF0FF30DC
:104E7000C3E76FF02C00C0E7280E0020F8B50D4600
:104E8000064630B329B311F0070422D1124F97F828
:104E90003030012B02D16FF00B00F8BD032B02D193
:104EA0004FF0FF30F9E700F05FF80028F8D028460F
:104EB000FFF794FE0028EEDB09F057FB3046B96A95
:104EC00001F052FFFFF734FF032387F8303020460C
:104ED000E3E76FF01500E0E7280E002010B5074C5F
:104EE00094F83030032B03D101F05AFF02F010FB8D
:104EF00008F0FDFB002084F8300010BD280E0020D3
:104F000050B1074B03F1140253F8041B40F8041B83
:104F10009342F9D1002070476FF01500704700BF31
:104F2000D49F030010B5074B93F830403CB901F013
:104F300007FF0120044900F037F9204610BD4FF06B
:104F4000FF30FBE7280E0020B54B0000024B026843
:104F50001A600020704700BF5C0E0020014B1B68E8
:104F6000184700BF5C0E0020024B1868003818BFBD
:104F7000012070475C0E00202DE9F8431C4E0446CA
:104F800000F104081A48C6F8008002F0D1FA02289D
:104F9000054606D11649204607F0FEFF2846BDE823
:104FA000F88304281CD13146204608F05AF8B0F5A1
:104FB000817F03D372210820FFF780FE0028E1D013
:104FC000277894F80290384600F028F80028D9D0C5
:104FD0003E2FE3D1484600F059F80028DED1D1E752
:104FE0000828DBD10249204608F005F8D6E700BFC3
:104FF000600E0020074B4FF0FF3141F6FF72C3E90E
:10500000001205490022C1E900221F21C3E9021252
:10501000704700BF00000020640F00203F280CD81C
:1050200001380B4BC0F3421200F01F0053F822303E
:1050300023FA00F000F001007047FF2806D0403846
:10504000C0F34212034B00F01F00EFE7012070474E
:1050500000000020640F00200146074B00684968EB
:105060001A4603C240F48C221A6041F0107242F4D6
:10507000FF625A60704700BF000000200246024BEA
:105080000068516803C37047080000200138064BD0
:10509000C0F3421203EB820300F01F009B6823FA67
:1050A00000F000F00100704700000020014B186084
:1050B000704700BF6C0F002010B5FFF79BFF09F091
:1050C0002BF8034B1B68044603B19847204610BDDC
:1050D0006C0F00200B880288F0B5C3F30E049EB25B
:1050E00004F11403C57CC35A02352A442B4497B2F9
:1050F00013FA82F3013B4288B3FBF7F313FB074338
:105100009BB29A42044A93BF22EA060332401343F9
:105110009BB20B80F0BD00BF0080FFFF4A1E062A35
:1051200008B50346084604D84FF4D1711520FFF79F
:10513000C5FD094A914202D940F2A311F6E711B91F
:1051400003B1196008BD2BB11B680022C3E901211E
:105150001A1D1A600430F5E7FAFFFF7F10B5114BF6
:1051600000EB41041A786389B3FBF2F303FB0223DB
:10517000013A1A44B2F5706F027928BF00231A442D
:105180008378B2FBF3F0194403FB1020091AB1FB3A
:10519000F3F003FB101313446FEA43436FEA5343E6
:1051A000638110BD700F0020024B03EB8003596038
:1051B000704700BF700F0020034B03EB800358685B
:1051C000003818BF01207047700F00202DE9F04F04
:1051D00010F0070A85B0054604D040F2611117208F
:1051E000FFF76CFD554F07F10C06B1460446B0467B
:1051F0004FF0010B57F8043B8DF80BA03BB101A811
:1052000098479DF80A30082B01D9E821E7E79DF877
:105210000B1081BB05B13160B94506F10406E9D137
:105220002DB3DFF81CE100238EF800301E46022269
:1052300058F82200013A60B190F804A08178BAF1E0
:10524000FF0F66D14FF000078E4207713CBFCEB210
:105250000123511CECD10BB18EF80060022640F600
:10526000FF6A58F82670002F65D1013EF9D2601B05
:1052700005B0BDE8F08F9DF80AC0BCF1020FE6460C
:1052800001F1050238BF4FF0020E0EF1FF3004EBC2
:1052900042040444CEF100002040BDF808406444BC
:1052A000013CCCF1000C04EA0C04B4F5803F4FEA59
:1052B000420301D3F82192E775B1C31A33609970A4
:1052C0001C8083F803B09DF80C201A71019A1A8192
:1052D0004FEA124CA3F806C004FB01049CE758F8FF
:1052E0002C90B9F1000F06D099F804B0D34504BF53
:1052F00099F802904F440CF1FF3CBCF1000FEEDA3C
:105300003944FF29A0D90BB18EF8006040F2271173
:1053100065E794460027F0E707EB41033846A3F81A
:105320000AA0FFF71BFF09F10109BB785FFA89F1B9
:105330008B42F1D899E74FF00009F6E7740F00208F
:10534000700F00201D4B03EB810370B51C690546EF
:1053500044B3030404D54FF4DC711720FFF7AEFC0F
:105360000146204608F047F9FF28014604D02046B0
:10537000BDE8704008F05DB9A078B5FBF0F300FB24
:105380001353DBB219460A1D04EB4206B6F902605C
:10539000002E09DB0131B1FBF0F200FB1211C9B2A2
:1053A0008B42F0D1002070BDFF29FBD08B4204EB73
:1053B00042021CBF0023E3705580D8E7700F002025
:1053C000094B03EB810310B51C690146204608F028
:1053D00012F9FF28014604D02046BDE8104008F02D
:1053E00028B9002010BD00BF700F002038B50E4B4B
:1053F000827903EB82030446186908B9052038BD99
:105400008278E1799142F9D24B1CE37100EB4103C0
:105410005D89B3F90A30002BF3DBA58008F009F9A8
:1054200020600020EBE700BF700F002070B504463D
:1054300010F003000E4603D04F211820FFF73EFC6A
:10544000FFF76CFE054624B1034831460460FFF7C0
:1054500065FE284670BD00BF8C0F0020134B012253
:1054600000214FF0FF309A60C3F80012C3F8080320
:10547000C3F80015C3F804259A60C3F80803C3F8FD
:105480000015C3F804250A490A4A03F580334FF48E
:105490000040C3F80825C1F88000BFF34F8FBFF369
:1054A0006F8FC1F88001C3F80825704700F00040F5
:1054B00000E100E00000F63F014B1876704700BFA6
:1054C000900F0020024B1B68002283F87820704761
:1054D0005410002008B501F0E9FE014B187008BD1A
:1054E00010000020024B1868743000F00FBF00BF9E
:1054F0005410002038B50F4CFFF7F4FF256800F07A
:10550000C3FE23686867586F20B940F2EF4132202C
:10551000FFF7D4FB00F0E6FE10B940F2F141F6E7E8
:1055200002F072FE002002F081FE2368042283F85C
:10553000782038BD5410002070B52E4C23680646E4
:10554000586F00F0CFFE054620B941F2B531322048
:10555000FFF7B4FB236893F8543013B941F2BB3121
:10556000F5E77EB108F09DFF38B1236893F8782005
:10557000022A0FD841F23B31E9E7284608F0A9FF9B
:105580000028F2D1236893F87820022A19D841F232
:105590009B31DCE793F87820082A02D941F23C31AC
:1055A000D5E793F87830626803F180431269033BD2
:1055B000284652F8233098470C2814D941F2CE31AE
:1055C000C5E793F87820082A02D941F29C31BEE75A
:1055D00093F87830626803F180435269033B52F8D4
:1055E00023309847E8E76368DB68BDE8704053F80C
:1055F000203018475410002008B5074B93F90020BD
:105600007F2A04D14FF462713220FFF757FB0270FA
:105610007F221A7008BD00BF1000002030B504784A
:105620008FB004F00F04224604A908F03AFAFFF7FD
:1056300051FF042C34D11C4D059B2C68197894F82B
:105640007D2091422CD1597894F87E20914227D127
:10565000997894F87F20914222D1D97894F88020CB
:1056600091421DD1197994F88120914218D15A792B
:1056700094F882309A4213D19DF8212094F8833017
:105680009A420DD10DF10F00FFF7B6FF9DF90F30D3
:1056900000932A7A2B7B04A904F1740008F0F2F934
:1056A00003200FB030BD00BF5410002010B50F4ACA
:1056B000136893F87810022904D841F2BB413220D4
:1056C000FFF7FCFA93F87810082902D941F2BC419F
:1056D000F5E793F87830526803F180439268033B12
:1056E000BDE8104052F82330184700BF5410002086
:1056F00010B5054C637A2BB102F0C8FD02F08EF8AC
:105700000023637210BD00BF5410002010B5074C79
:10571000FFF7EEFF2368012283F87820FFF7E2FE0F
:105720002068BDE8104008F034BC00BF54100020D1
:1057300010B500B919B9BDE81040FFF7E7BF0F4A2F
:10574000136893F87810082904D841F28B4132206D
:10575000FFF7B4FA93F878100C2902D941F28C4182
:10576000F5E793F87830526803F180435268093BBB
:10577000BDE8104052F82330184700BF54100020F5
:1057800038B5314CFFF7AEFE256800F07DFD23688B
:105790006867586F20B940F24C413220FFF78EFA0B
:1057A00000F0A0FD054610B940F24E41F5E7236830
:1057B00093F890306BB123681A6D93F89110C3F889
:1057C000042193F854200A4383F85420002283F8DC
:1057D0009020206890F878305BB190F87830012BF9
:1057E00007D0002108F0C2FA18B9BDE83840FFF729
:1057F0008DBF2368154A93F87C30D05C02F0F8FB2B
:105800000121252002F000FB284602F0FDFC0121C9
:10581000084602F0F3FBE81C01F0A4FC607220B122
:1058200001F0E2FF402002F025FD2268002308215C
:10583000E372A3722373A2F87A30032382F87910FB
:1058400082F87830217238BD54100020EA600300DD
:1058500070B5394C236893F87830012B054604D98C
:1058600040F6E2013220FFF729FA02F0F9FA02F0DD
:105870000DFD01F0D3FF314802F0BEFC304802F0CC
:10588000B5FC304802F08EFB6B7A43B12068603083
:1058900008F074FD23689B6E0BB101221A602B7A0D
:1058A000032B02D140F61311DCE72068B3B90321C2
:1058B00090F87C2090F84A500E460132B2FBF6F385
:1058C00003EB4303D31ADAB245FA03F3DB0703D43D
:1058D000013911F0FF01F0D180F87C2090F95800D7
:1058E00002F05AFBFFF74CFF256895F8483013B3D8
:1058F000D5E922126FF000439A4208BFB1F1FF3F91
:1059000019D008F014FFD5E92223904271EB03036C
:1059100011D3012001F038FC68B1256801F004FCC6
:10592000044608F004FF084BA4FB03341B1844EBA7
:105930000104C5E9223470BD54100020B8000020D5
:1059400055555500D6BE898E40420F002DE9F041D5
:10595000564D064628692F68002303704370884619
:1059600002F052FC032E3CD12A69137823F00F0376
:1059700043F0030313700C23537007F17D01286972
:1059800008F071FD97F88310286908F080FD2B68F6
:1059900093F8482093F8417003F142047AB193F8E8
:1059A0005420520771D593F84C20002A6DD093F8FB
:1059B0004D0001F057FC00281CBF04460127286950
:1059C000214608F049FD2869394608F053FD384B57
:1059D000D3F80431002B5BD040F22F613220FFF767
:1059E0006DF9052EC9D12C692868237823F02F037F
:1059F00043EA4811222241F0050121706270036DD3
:105A0000DB69C4F80F30036D5A6AE274110A120C94
:105A1000217562759A69998D40F2E24CB1FBFCF1F7
:105A2000A175996AB2FBFCF2B1FBFCF16276E175FB
:105A3000C2F30722C1F307212176A2761A8CE276FF
:105A4000120A22775A8C6277120AA277D3F897202B
:105A5000C4F81F2093F89B3084F82330036D93F82B
:105A6000A23094F8242003F01F0322F01F021343F6
:105A700084F8243001F0C8F994F8243003F01F03AF
:105A800043EA401384F8243077E793F8790090E7ED
:105A9000052E08D12B6821681A6DC2F80A10A1885A
:105AA000D1811B6D5F72BDE8F08100BF54100020F2
:105AB0000010004010B50B4C00210320FFF746FFFB
:105AC0002068032108F052F918B9BDE81040FFF72B
:105AD0001DBE0121084602F0F3FB2368092283F86A
:105AE000782010BD541000202DE9F04F7D4C95B06A
:105AF0000546FFF7EFFC236893F8543013F0060FC8
:105B000004D001229621002008F04CFD2E7806F0EA
:105B10000F06284632460AA907F0C3FF0B9D75B34E
:105B20009DF83920012A58D16B7903F0C003A3F105
:105B3000400CDCF1000343EB0C03627A5AB153B121
:105B4000256808F04EFC236885F8790093F87930D1
:105B500023720123A372236893F8790008283ED1A9
:105B60000B999DF8390008F0F6FC22680B99054660
:105B700079329DF8390001F0BBFA002841D0216844
:105B800091F8543013F0030207D0062E91F84B2001
:105B900046D8002A0CBF2A46012202F0010213F067
:105BA000040381F87A2007D0062E91F84C3039D8BA
:105BB000002B0CBF2B46012303F0010381F87B303F
:105BC0000B9B0BB39DF8392081F883201A68C1F82C
:105BD0007D209B88A1F8813016E00023ADE708AA5C
:105BE0000DF11F0101F0A6FA20B940F6A2313220D2
:105BF000FFF764F89DF81F0008A908F0ACFC054603
:105C0000BDE72368A3F87A00062E00F2D880DFE80B
:105C100016F06B00F7000B00D600D600D600290066
:105C20000022BAE70023C7E702F04EFA256895F88C
:105C300054309F0701D1032533E095F87A30002BCB
:105C4000F9D008A8FFF7D8FC9DF920300293237AF9
:105C50000193FF230093022205F142030AA905F1F3
:105C600074003BE0256895F87A30002B00F0A7809F
:105C700095F854309E071AD508A8FFF7BDFC9DF98A
:105C800020300293237A0193FF23009305F17400DF
:105C900005F1420306220AA907F0E4FE002323735C
:105CA0000925FFF725FD284615B0BDE8F08FD80778
:105CB00040F18580590701D502F006FA08A8FFF7E0
:105CC0009BFC9DF9203020680293237A0193FF23E7
:105CD0000093062200F142030AA9743007F0C2FEC5
:105CE000A9E700BF54100020236893F854205207FE
:105CF0003CD593F87B20002A38D00B9A93F85A10A1
:105D0000107888425ED1507893F85B10884259D160
:105D1000907893F85C10884254D1D07893F85D1055
:105D200088424FD1107993F85E1088424AD1517958
:105D300093F85F20914245D19DF8392093F859108E
:105D4000A2EB010CDCF1000242EB0C0293F85610BE
:105D5000012953D0002A51D193F84D20082A03D0AD
:105D600093F87930934249D002F0AEF9256895F85E
:105D70007A30002B40D095F854309F0724D508A8DE
:105D8000FFF73AFC9DF920300293237A0193FF2319
:105D9000009305F1740005F1420300220AA907F0FF
:105DA00061FE012323730925236893F87B20002AD1
:105DB0007FF477AF93F87A30002B7FF472AF02F064
:105DC00083F938E70022C1E7DE0715D55D0701D565
:105DD00002F07AF908A8FFF70FFC9DF9203020683F
:105DE0000293237A0193FF230093002200F14203E0
:105DF0000AA9743007F036FE0325D5E70A25D3E754
:105E000022689DF83A1092F87A30059392F848305B
:105E100092F87BB0012983F0010A40F0AB800C9925
:105E20004F7907F0C007A7F140004742474192F879
:105E30005410490740F1A08092F84C10002900F05E
:105E40009B8092F84D50082D00F09980284601F073
:105E50002DF9002818BF8246002F00F092800C997F
:105E6000284601F0C5F90646216891F84100002E48
:105E700000F0898040F0020991F85420530752D570
:105E80000B9A91F85A5092F800C0AC457DD192F827
:105E900001C091F85B50AC4577D192F802C091F8FF
:105EA0005C50AC4571D192F803C091F85D50AC459F
:105EB0006BD192F804C091F85E50AC4565D155792C
:105EC00091F85F20954260D19DF8395091F85920A2
:105ED000A5EB020CDCF1000545EB0C0591F87920EF
:105EE000082A54D091F84D80A8EB0202D2F10008A4
:105EF00048EB0208002E4DD1BAF1000F4CD00C9B9C
:105F00009DF83A20423108F041FABBF1000F08D069
:105F1000236893F85630012B57D013B955EA08037C
:105F200053D102F0D1F8236893F854309B073FF423
:105F300082AE02F0C9F8059B002B3FF47CAE2068CE
:105F40000C9B9DF83A2000F1420190F8410008F0C6
:105F50001DFA08B925680EB308A8FFF74DFB9DF997
:105F6000203020680293237A0122CDE9009300F1CA
:105F70004203B1E600275AE792F8795063E700261A
:105F800072E73E4670E7814676E70025A6E74FF0C8
:105F90000008AFE70120B8E73046B6E795F855307E
:105FA000023B012B3FF647AE002F3FF444AE08A85A
:105FB000FFF722FB9DF920300293237A0193FE2301
:105FC0000093012205F1420348E60028A9D00A25E2
:105FD00067E600BFF8B5184F0E4638610121002072
:105FE000FFF7B0F9054620B940F67F013220FEF7F1
:105FF00065FE4FF48872002105F066FF0121084616
:10600000FFF7A0F9044620B14FF48872002105F093
:106010005BFF7B6813B940F68901E7E7304607F07C
:10602000BAFB284607F063FE24B12046BDE8F840DD
:1060300007F05DBEF8BD00BF54100020014B024ABE
:106040005A60704754100020A0000020026810B56C
:1060500022B940F653113220FEF730FE034B1A608E
:106060005B68BDE810401B68184700BF5410002053
:1060700038B590F84030054613F0FD0F14BF0120ED
:10608000002085F8410005F1420100F001FF95F87C
:106090004030023BDBB2012B94BF0123002385F883
:1060A000483015D801F040F8044608F040FB094B91
:1060B000A4FB03341B1844EB0104C5E9223400207F
:1060C00001F062F820B940F6F6113220FEF7F6FD35
:1060D00038BD00BF40420F000149363008F029BAF0
:1060E000FFD6000010B5074C0146206807F0F6FA0D
:1060F000EFF3108272B623790133DBB2237102B958
:1061000062B610BD681000202DE9F0474C4D0468C0
:106110009DF820809DF824901F462B790E46002183
:106120009246016073B92868A4F1080107F0D6FA15
:106130002B790133DBB22B71AB68002B7CD140F2A1
:10614000A1114AE01A2204F1090005F0BDFE012365
:10615000A372BAF1060F3ED8DFE80AF00421273D0A
:10616000313D2B00E37A23F0130343F01303E37272
:106170009DF92830237601232375FF23A375B9F1F8
:10618000080F4FF07F03E37504F10E0248D004F1CD
:106190000D01484600F0CEFF10BBB9211DE0E37AA7
:1061A00023F0150343F01503E1E7E37A43F010030E
:1061B000DDE7E37A23F0120343F01203D7E79DF8FB
:1061C0002C30E27A43F01A0322F01B0203F01B0387
:1061D0001A43E272CCE740F219413320FEF76EFD1C
:1061E000637B43F002036373E37A5B0721D5A8F175
:1061F0000202012A8BBFB2683A681168E26188BF67
:10620000E16104F11C0394BFBA8892889A8084F8F3
:106210001B80002323720B49204608F08AF98BE784
:10622000737C637373681968C4F80E109B8893803D
:10623000DAE7FF23E376ECE70023AB60BDE8F08705
:106240006810002013D90000233270B592B20546C1
:106250000C461E4607F00AFA35B1044A00231560C1
:10626000147356731471936070BD00BF68100020E2
:1062700010B5044C206807F01BFA0023A360237BB1
:10628000237110BD6810002070B5154DAE6826B1A1
:1062900040F23F113320FEF711FD286807F00EFA97
:1062A0000446A86010B94FF4A171F3E72B79013BC4
:1062B000DBB22B7100F1080523223146284605F098
:1062C00003FE7F23E377FF23A377637584F82330EE
:1062D000E37C012262F34613E374284670BD00BFDD
:1062E0006810002008B5084B9B681BB93D2133207E
:1062F000FEF7E4FC03F10802904202D04FF4AA71C9
:10630000F5E703F12B0008BD6810002010B5064C1E
:10631000A16841B1206807F0E1F923790133DBB2CC
:1063200023710023A36010BD681000202DE9F04FF9
:106330008FB004461F46BDF860800692894608F07B
:10634000F6F9D4F8C430039020460493059107F081
:10635000ECFB069B8346002F00F05181002B00F0E0
:10636000C1800746039B13F5FA65059B43F10006C0
:1063700000F050FA8246514604F1D800079000F030
:1063800025FAD4F8041111B1079807F02AFDBBF1E2
:10639000000F18D0D4F8E0B0BAF1000F16D0DAE947
:1063A0000031DAF80800C01841F10001CDE90056CB
:1063B0005A4607F013FE8345824607D240F2693100
:1063C0002120FEF77BFCD4F8C0B0E5E7D4F8C0305C
:1063D00003F2CF701AEB05058244BAFBF3FA03FB14
:1063E0000AFA46F10006B5EB0A0366F10002C4E9B9
:1063F0003632B8F1000F6CD14FF0FF326FF000432E
:10640000C4E92823012002F0B5F8D4E92813079342
:10641000079A4B1B00F523404FF47A7800F1A10056
:10642000B0FBF8F000F2652862EB0600012B70F17A
:1064300000024FF00002C0F2DB80DDF810C09C4586
:10644000824100DB0493DDF810A0D4F8C400069B61
:10645000824528BF8246C4F8CCA02BB1D4E93623AC
:10646000C4E92A56C4E92E234FF0000BC4E92C5688
:10647000C4F8C8802A4689F809B0334620460491FA
:1064800007F05CFBC9F8048089F80800002F00F0D1
:10649000B180012389F80030DDE90331059AC81A7B
:1064A000079B63EB0203012873F1000206DB6649D8
:1064B00081427BEB0303ACBF83468B46ABEB080109
:1064C000C9F81010C24534BF002001200FB0BDE84C
:1064D000F08F42F2107329463246E8FB0312C4E9FA
:1064E00028128FE7002800F08D80D4E928126FF081
:1064F00000439A4208BFB1F1FF3F75D0012002F07E
:1065000039F8069B8DF82030039B13F59A72059B92
:1065100000F5234043F10003CDE90C234FF47A75D5
:106520000223A130B0FBF5F000F2652508A809951B
:10653000ADF8283004F004F8074610B940F2954150
:106540003EE7D4E928320C99059E5B1A0D9962EB5F
:1065500001025B1B62F10002002A049B039DB8BF8D
:10656000002304934EE701208DF820B002F002F8DA
:1065700000F523404FF47A73A130B0FBF3F000F242
:1065800065200990D4E93603D4F8C050D4F8B0108F
:106590008DF829B00A1AB2FBF5F26A43121843F1DA
:1065A00000032046CDE90C2307F0C8FA29468DF8F0
:1065B000280008A807F01FFFDDE90C5641E0D4E9E8
:1065C0002A232046079107F0A1FA079900FB08F853
:1065D00018EB0A0041F10001C4E936012A463346AE
:1065E000204607F093FA0DE7039D059E074609E74D
:1065F000049228E7C9E9045689F8007062E7002B85
:106600007FF4B0AED4E936A1D4F8C080039BA3EBED
:106610000A051AEB0803B5FBF8F508FB05F541F18F
:106620000006ED184FF0000B46F10006002FC6D013
:10663000039BEB1AB3F59A7F95D218EB050546F14B
:1066400000065F46DEE600BF0040420F70B504461C
:106650000D4690F8003103F0FF0623B14FF4277187
:106660002120FEF72BFB11B940F29D21F8E70146EE
:106670000C4803F00BFF202884F8980010D0C4F8D1
:10668000045195F8D83103F0FF0113B140F2A6216F
:10669000E6E784F80811204607F048FC012070BDA9
:1066A0003046FCE74DDE000038B504460D46014695
:1066B000074803F0EBFE202884F8980005D0204618
:1066C000294607F033FC012038BD0020FCE700BF5D
:1066D0004DDE0000F7B51E4E012333700027CDE9D3
:1066E00000776846FEF782FE0546C8B10023337086
:1066F00003B0F0BD90F8D90104F006FE94F8D9017A
:1067000084F8D85103F0EEFE10B94FF4D7711BE0B6
:10671000202384F8D93104F5D87000F03BF8DEE787
:10672000009B002BDDD093F8D821002AD9D01888FF
:106730004FF6FF739842D9D02946FEF741FE044632
:106740000028D7D140F2BF113520FEF7B7FA00BFBD
:106750007C100020024B0022C3E90022FFF7BABFE1
:106760007C100020014B5870704700BF7C10002047
:10677000014B00221A6070478410002008B5044BBA
:10678000186810B9FFF7F4FF08BD0C20FCE700BF44
:106790008410002010B5D0E906436BB1D0E9022186
:1067A0001144DA689C610A44DA6082693AB1D361C3
:1067B0000023C0E9063310BD034A1460F5E7002B3F
:1067C000F6D0DA60F4E700BF8410002008B5C1619C
:1067D00091B90F4A1368836103B1D8611060C2692F
:1067E0000023C3609AB1D3687BB181688B420AD21F
:1067F0002D213720FEF762FA8B6988618361002BB7
:10680000EDD0D861EBE75B1AC3600023D36008BD0D
:1068100084100020034B1B68002003B97047184602
:106820009B69FAE7841000200B4B00221B6830B5EF
:1068300004464FF0FF35104623B911B9002808BFB0
:10684000104630BDDA68A24203D3AA423CBF1546C7
:1068500018461A469B69EFE78410002038B5036A92
:106860001BB182689C68A24203D2CD213720FEF77B
:1068700025FAC1698569D9619D6141B18B619969C9
:1068800041B1CB61C1680A44121BDA6038BD0249CC
:106890000B60F4E7D960F9E78410002010B50446D6
:1068A000084807F011F82046074907F028FA204663
:1068B00006F0C7FF20B12046FFF7DAFB002010BD2D
:1068C0001220FCE78C100020941000202DE9FF41DD
:1068D0000678012E074640F0878031460020FEF7FB
:1068E0006FFD054620B940F6C5613920FEF7E6F98F
:1068F000BB88002B72D106F048FF002870D195F8B4
:106900000031002B6ED12846FFF7C8FF044600284F
:1069100060D131463046DFF83C81FEF751FD98F8F2
:10692000183006461BB110B940F6E161DDE7D8F832
:1069300014200392002B45D096F80031002B41D053
:106940007B88002B3ED198F804300093D8F81020B3
:1069500098F8061003AB304606F086FF90B3304639
:1069600007F0F7F906F14003074605F140026C36DF
:1069700053F8041B42F8041BB342F9D12846FFF731
:106980008DFF024610B140F60371AEE70C2F07D120
:1069900001462846FFF788FEE0B940F60771A4E7F4
:1069A00017B140F60C71A0E798F80530296D43F057
:1069B000040385F854302846FFF748FE50B940F6E6
:1069C0000E7192E7BA8879882846FFF76DFE002895
:1069D00008BF0724204604B0BDE8F0811124F9E780
:1069E0003A24F7E70C24F5E701210020FEF7E8FC44
:1069F000054610B940F6217177E707F021F9044602
:106A00000028E7D195F8543095F8902022B195F8F8
:106A10009120134385F89000053B012BDAD82B6DAC
:106A200013B940F6317160E701210846FEF7C8FC52
:106A3000294606464FF4887205F0CEF90423316DDD
:106A400086F854303046FFF701FE0028C2D140F6E8
:106A500036714AE78810002070B5154D07F095FC97
:106A600000F030FB00F0B8F907F041FD00F040FC09
:106A700000F028FE00F054FC2A460E4B42F8043B7E
:106A80000D4B0E49196000241B219980DC821C8368
:106A90005C745C820A4B2C7718681979686008333B
:106AA000117193E8070005F10C0686E8070070BD38
:106AB000881000201B004801D414002003021B0092
:106AC000F4600300044B41F64C52C3E902221B223E
:106AD0001A74FFF7C1BF00BFD4140020014B93F913
:106AE0002200704788100020034B5A8802801B78D0
:106AF00083700020704700BFD4140020F8B50378DD
:106B0000032B044602D912252846F8BD4378032BEF
:106B1000F9D8467E0EB11125F6E78378012BF2D124
:106B200000F050F9C307F6D5A27812F0010514D091
:106B3000E178A568236901294AD83D49A3F2537039
:106B4000884247D86FF41C7CA5F6C4106144884283
:106B500040D89D4234BF12250025900712D5E07819
:106B6000A3682169012837D83248814236D8A3F674
:106B7000C41CA0F6C410844530D88B4234BF122305
:106B800000231D43510712D5E178A268236901292A
:106B900026D82949A3F6C410884223D8A2F6C410E7
:106BA00088421FD89A4238BF12263543EDB2002DD5
:106BB000AAD1237E013B062BA5D801212846FEF74A
:106BC000FFFB064680B940F6C6513920FEF776F83D
:106BD0001225C2E73025C0E71223D2E73023D0E7E1
:106BE0001226E2E73026E0E7A03007F082F818B17D
:106BF00096F854309A0718D1E278A178A068B4F8D2
:106C000000C0267E012A1ABFB2FA82F2520902227D
:106C1000CB0748BF2769094BC3E9040719715A71AB
:106C2000A3F806C01E7219736EE70C256CE700BF4F
:106C30003CF670028FFD7002CBF3700288100020CA
:106C400000B589B043798DF8043083798DF805302B
:106C500001238DF8063003788DF80730B0F8013045
:106C600040F271214B430393B0F803204A430C498F
:106C70000592097A8DF81C1000218DF81D10094924
:106C8000A2F6C4128A4209D8A3F6C4138B4205D8CF
:106C900001A8FFF733FF09B05DF804FB3020FAE7E5
:106CA000881000203C369C000278034672B142787E
:106CB00062B142881A2A09D982881A2A06D9044A56
:106CC000006810609B8893800020704712207047F6
:106CD000D4140020024B02689A600020704700BF65
:106CE000D41400200378FF2B15D14378FF2B12D149
:106CF0008378FF2B0FD1C378FF2B0CD1037923F0BE
:106D0000E0021F2A07D113F0E00F04D0034A5B0909
:106D10001372002070471220704700BF88100020B7
:106D200008B5FFF725FDFFF715FDFFF7D7FEBDE816
:106D3000084001460148FFF74DB900BFB0100020E0
:106D400010B5064C064904F5037007F0F0FA04F597
:106D500004700449BDE8104007F0E9BAB010002003
:106D6000C8000020D000002038B5094C0D4600F0C6
:106D7000BBFBD4F80C02C4F8045107F0D0FAFFF7BB
:106D8000A1FE00F02FFC012384F8183238BD00BFAB
:106D9000B0100020014B93F818027047B01000208B
:106DA00010B5074CD4F8100207F0B9FAD4F8140261
:106DB00007F0B5FAFFF750FE002384F8183210BD33
:106DC000B0100020034B1868C0F30020400040F0D2
:106DD000010070471800002008B507F088FC084A39
:106DE000002332F82310814205D302EB83039B7802
:106DF000044A137008BD01330C2BF2D10023F7E7CE
:106E000008610300C9120020024B1878072828BF28
:106E100007207047C912002030B5056804460846AF
:106E200051B115B12179994215D1FF2161712371B9
:106E300022600023637130BD002DFCD0FF236371FD
:106E4000237921600122054902FA03F3C1F80835CC
:106E500060711046EFE70020EDE700BF00F0014051
:106E600050B90A4A1346012003F8010B0868C2F81A
:106E700001008A889A807047012805D1034B0A686F
:106E80009A608A88D8719A81704700BFF4120020F6
:106E900048B90A4B187880B1D3F80120B3F805300F
:106EA0000A608B807047012806D1044BD87920B145
:106EB0009A680A609B89F4E700207047F41200206A
:106EC00020B9054B187800F00100704701280ABF6F
:106ED000014B0020D879F6E7F4120020F7B5002224
:106EE0008B888DF80600ADF8043008680C4B8DF8DF
:106EF0000720019D1C78014603F5AC73D0B2844293
:106F000001D8082009E0D3E90076AE4208BF8F42DD
:106F100003F1080302F10102F0D103B0F0BD00BF9C
:106F20000813002030B5094B01465C78002203F5B8
:106F30008173D0B2844201D8082005E013F8015BC8
:106F40008D4202F10102F4D130BD00BF08130020D0
:106F5000F0B5254D95F8984189B0224605F2991172
:106F6000684604F039FF2146684607F02DFA0446CA
:106F7000B8B300EB4001C9B202A8FDF7EFFF601EF5
:106F800095F8A161C0B2012495F8982105E0731C21
:106F9000B3FBF2F102FB1133DEB206F120030DEB7D
:106FA000030111F8203C002BF1D100EB400220320C
:106FB0006A4406EB46032B4412F8187C83F8A2714E
:106FC00012F8177C12F8162C83F8A37183F8A42109
:106FD00001F8204C0138AB19C0B2FF2883F8994161
:106FE000D2D109B0F0BD00BF0813002070B506462D
:106FF00088B00C46002A4FD02A4A92F8A131D01806
:1070000090F8991121B94FF480712820FDF756FEB0
:1070100003EB43011144013391F8A251E57091F85B
:10702000A35191F8A41161710021257180F8991183
:1070300092F89811B3FBF1F001FB103382F8A13103
:1070400092F8C23123B9184902F5DD7007F074FADD
:10705000657905F03F0545F0400565710D22002179
:10706000684604F031FFE3788DF80F3023798DF80E
:107070000E3004AA0423694630468DF80D5004F002
:1070800099FC9DF81F3023709DF81E3063709DF8A9
:107090001D30A37008B070BD03216018FDF75EFFBE
:1070A000D6E700BF08130020516F0000044B5A7848
:1070B000824286BF1B1893F842010020704700BF30
:1070C00008130020064B00224FF461711A8083F8E8
:1070D000C32183F8C421A3F8C61183F8C2217047E5
:1070E00008130020014B83F8C401704708130020E7
:1070F00010B51446FFF7F2FE082803D1012000F076
:10710000010010BDFFF70EFF064B5A788242F5D9F9
:1071100004B12070184490F83A31012BEED090F869
:107120004A01ECE708130020014BB3F8C601704791
:107130000813002030B50A4B5C7884420ED91844FD
:1071400090F802012B3003EBC004A5790D7053F8C1
:1071500030001060A3889380012030BD0020FCE740
:10716000081300200246074810B590F8C34124B127
:10717000417821B1023000F01FFB204610BD0C46C3
:10718000FBE700BF08130020F8B5184C064648B3CB
:10719000617804F5A17007F017F994F89851074643
:1071A000294604F2991007F00FF92D1AEDB2AF42FB
:1071B0001AD8002506270FE0E21892F8422152B9AA
:1071C00007FB034104EB0313324601F5857103F11C
:1071D0008200FFF70BFF01356278EBB29A42EBD8E1
:1071E0000120F8BD0546E5E70020FAE70813002076
:1071F000F0B51B4E7378834289B007460D462CD9F3
:10720000331893F8424144BB0D222146684604F0EE
:107210005BFEEB788DF80F302B798DF80E3006EB96
:1072200007106B798DF80D3004AA0423694682306B
:1072300004F0C0FB2A789DF81F309A420AD16A7880
:107240009DF81E309A4205D1AC789DF81D00231A96
:107250005C425C41204609B0F0BD0020FBE700BF66
:1072600008130020074B5A78824209D91A1892F85D
:1072700042212AB9062202FB003000F585707047D2
:107280000020704708130020074B93F90030184482
:10729000142804DC10F17F0F03DB40B27047142088
:1072A00070476FF07E007047D014002007B57F2331
:1072B0000DF107008DF8073000F0F6FF9DF907305B
:1072C00068B10A4A5078404243FA80F0142808DC3A
:1072D00010F17F0F07DB40B203B05DF804FB1846E6
:1072E000FAE71420F8E76FF07E00F5E7D0140020ED
:1072F000024B00221A705A70704700BFD014002051
:10730000054BFF221A70054A01681160017911715D
:1073100000221A70704700BFD21400202000002005
:1073200007B5064B186800901B798DF80430684645
:10733000FFF7E6FF03B05DF804FB00BFE99F030021
:1073400083230B70014B1B78CB707047F014002027
:107350002DE9F74306460D464FF0050800274FF08C
:1073600003092B693BB11B7A2BB12C699CB9002016
:1073700003B0BDE8F0836C68237A012BF7D0EFF3FC
:10738000108372B66A6812686A6003B962B6237ABB
:10739000002BE6D02C61237ADBB284F80880013B15
:1073A0000B2B66D8DFE803F0620620345F653D658D
:1073B00065656552636823B94FF4EE711020FDF7DF
:1073C0007DFC2046314698470420EFF3108372B6C7
:1073D000227A052AD1B201D0002953D127722F6118
:1073E000002B4BD162B649E0636813B940F2E51156
:1073F000E4E73146204698470346C3F30723012BB1
:10740000ADF80400C0B237D0022BDED12F6135E0D9
:10741000636813B940F2EF11D0E720469847002087
:10742000D3E763680BB9DB21C8E70D2232701988F6
:10743000A6F80310012200241869B2707271B471A9
:10744000214606F0BCF82C61042091E7606810B971
:1074500040F21A21B2E70E4B31461B6898470023D1
:107460002B61022084E740F22321A7E740F2262186
:10747000A4E740F22921A1E784F8089000283FF40E
:1074800070AF75E7002B7FF46CAF62B669E700BFA1
:10749000D800002070B5134C1426231D324600215D
:1074A000184604F011FD034601252574002104331C
:1074B000324604F11800C4E9013304F005FD84F8F4
:1074C000245004F11C03C4E906330023E362236360
:1074D00084F83430C4F83530C4F8393084F83D309D
:1074E00070BD00BFF014002010B5084C2378FF2BAE
:1074F00004D04FF4B7711020FDF7E0FB04F0A2FABE
:107500002070BDE81040FFF7C5BF00BF2500002078
:1075100010B5034C207804F0B1FAFF23237010BD9E
:1075200025000020014B187804F0B8BA250000208F
:1075300038B50B4D05F118010446FFF709FF70B986
:10754000AB681B7A0C2B04D1064BDA7D0AB11B8B7E
:107550002BB120460449BDE83840FFF7F9BE38BDDD
:10756000F0140020D4140020F414002010B51346A9
:10757000027A22B140F2C9211020FDF79FFB0A4692
:10758000BDE810400146014806F0B3BFF4140020E6
:107590000346064890F83E203AB190F83D2022B9C3
:1075A00000F8353B024906F0C1BF7047F0140020D7
:1075B00041730000094AD2E90003434083EAB01155
:1075C00081EA43214FEAF3435360054B116058436E
:1075D0004FEAF06000EB8000704700BF28000020F9
:1075E000BB79379E10B50A4C09480821FDF7B6FC57
:1075F000D4E900231343F7D0064CFFF7DBFF2060EC
:10760000FFF7D8FF236860600343F6D010BD00BFCA
:107610002800002030150020F0B5204E05463078B7
:107620000024147080B1431E7768DBB2181B012858
:107630000BDC07EBC40057F834604068884208BF91
:10764000AE4212D114700120F0BD1819461007EB9C
:10765000C60E57F836C0DEF80460AC45C0F34700EC
:107660008E412CBF03460446E0E7B54271EB0000B3
:1076700002D214700020E7E707EBC30057F833404D
:107680004068884208BFAC4201D11370DBE7A542D5
:10769000814128BF01331370ECE700BF481500207B
:1076A00010F0070208B503D063214820FDF706FB60
:1076B00018B1034B197258601A70C80008BD00BF9A
:1076C00048150020014B00221A7070474815002011
:1076D000014B187A704700BF481500202DE9D343AD
:1076E00006F02DFF0DF1070207460E46FFF794FF47
:1076F00098B9114C2278237A93420ED061681346D0
:107700006FF0604E9DF80700984209D301EBC0036B
:10771000C3E9007601322270012002B0BDE8D083B7
:1077200003EB0E0001EBC000D0E90089013BC0E98A
:107730000289DBB2E6E700BF4815002037B506F046
:10774000FEFE0DF10702FFF767FF0446A0B10C4AE9
:107750009DF8070013785568013BDBB213701A1AC5
:10776000D2B2411CD200834238BF002205EBC101D6
:1077700005EBC00004F0EAFA204603B030BD00BFBC
:1077800048150020064BD3F8000138B1D3F80401A6
:1077900020B1D3F80801B0FA80F04009704700BF6B
:1077A00000F00040034B00221A705A7010229A70A9
:1077B000704700BFBA15002070B506460220144677
:1077C0000D4600F0B9F8064B01221A70054B033C38
:1077D000C3F81045C3F80865C3F8045570BD00BF71
:1077E000BA15002000F0004008B5022000F0A4F80F
:1077F000084B01221A70084B0022C3F80021C3F87D
:107800000421C3F8082103F580334FF40002C3F8C4
:10781000042508BDBA15002000F000400D4A08B547
:1078200013787BB10C4B4FF40001C3F80815FFF738
:10783000A9FF60B101235370084BD3F80034937053
:1078400000231370BDE80840002000F075B85070A8
:107850001023F4E7BA15002000F0014000F00040CA
:107860000A4B1A786AB10A4BD3F800215AB1D3F8FF
:10787000040120B1D3F80801B0FA80F04009C0B289
:107880007047587870470220704700BFBA15002033
:1078900000F0004008B5074B1A783AB1FFF772FFC5
:1078A00030B1054BD3F80004C0B208BD9878FCE7AE
:1078B0001020FAE7BA15002000F00040024B002229
:1078C0001A705A709A707047BD150020084B1A78CC
:1078D0004AB10849084AC1F808250022C1F898258C
:1078E000C1F89C251A7000225A709A70704700BF28
:1078F000BD15002000F001400000020208B50B4B4E
:107900004FF40042C3F88020BFF34F8FBFF36F8F57
:10791000074B0022C3F80025C3F80025FFF7D6FF68
:10792000044B4FF40002C3F8082508BD00E100E055
:1079300000F0004000F0014038B5144C0023C4F8BA
:107940000035C4F800350546FFF7C0FF104B4FF473
:107950000002012DC3F8082503D0022D08D085B9F7
:1079600038BD0223C4F800350A4BC4F81435F7E7D4
:107970000321C4F800150749C4F81415C3F80425F9
:10798000EEE782213D20FDF799F900BF00F00040AD
:1079900000F00140C2150020024B00221A809A70AC
:1079A0001A717047D016002038B5144D95F8412053
:1079B0000346084622B940F64F013E20FDF77EF906
:1079C0006BB9012AEC6B95F8401005D100F0EEFD83
:1079D0002044AB6AC01A38BD06F0F0FDF8E7012B71
:1079E0000AD1012AEC6B95F8401002D100F0D0FDCD
:1079F000EEE706F0EEFDEBE70020EAE7D016002008
:107A000008B5094B012883F82000084B06D002284E
:107A100008D040F675513E20FDF750F90322C3F817
:107A2000102508BD0422FAE7D016002000100040FF
:107A300008B5144B93F84D30D90721D59A0711D5C5
:107A4000114BD3F8002242F00102C3F80022D3F810
:107A5000503503F0F603022B12D140F20D613E20A7
:107A6000FDF72CF95B070BD5084B094AC3F8AC2589
:107A7000A3F5B833D3F8403113B140F21461EEE707
:107A800008BD00BFD01600200010004000F00140EB
:107A90000810004007B50B4A01AB92F9212000F015
:107AA000C9FD9DF9040000F06BFD9DF8050000F094
:107AB00035FE20B140F2DE513E20FDF7FFF803B065
:107AC0005DF804FBD016002008B503460F4863B9E3
:107AD0002831C1600E4900F009FE0130012814D997
:107AE00040F235713E20FDF7E9F8012B0AD129312A
:107AF000C160074900F000FE0130012805D940F2BD
:107B00003F71EFE740F24371ECE708BD3000002021
:107B10007C61030008B50C4B9B78012B09D100F068
:107B2000F1FD013001280ED94FF40A613E20FDF726
:107B3000C5F8022B07D100F0EBFD0130012802D976
:107B400040F6A601F2E708BDD0160020044B03441E
:107B50001A7E044BC3F80825C3F85405704700BFCC
:107B60007C6103000010004038B50D460446FFF765
:107B700047FF2846FFF7EAFF29462046FFF78AFF1E
:107B800004F030F890B10A494FF08053D1F88825BD
:107B9000D3F82033022C0CBFC3F30663C3F30623D0
:107BA00022F4FE4242EA0323C1F8883538BD00BF03
:107BB0000010004010B50C46FFF722FF2046FFF7EB
:107BC000C5FF0E4B5A78012A03D1D8782146FFF71A
:107BD00061FF0B4CD4F8003243F48873C4F80032D0
:107BE00004F000F840B904F00DF828B9D4F868356D
:107BF00043F4C023C4F8683510BD00BFD016002080
:107C000000100040F8B53A4C0D46164607460028CD
:107C10004ED1104694F82210FFF7A6FF22780123D8
:107C2000A3709A42334B4FEA46061E4430D1B6F851
:107C300040304FF47A7203F5FA73B3FBF2F3ED1AA6
:107C4000A16A2D4A2D4E2E4B0D44C6F84055C2F860
:107C5000A835636C43F4002363644FF40023C2F837
:107C600004352378002B3AD194F84D3043F00203C9
:107C700084F84D300124FFF7DBFEF464D6F84C3570
:107C80009D4233D938462946FFF71EFF2046F8BDEE
:107C9000B6F846304FF47A7103F5FA73B3FBF1F39B
:107CA000ED1A002ACCD1144B164AC3F8AC25C7E70D
:107CB00001280FD194F822101046FFF77BFF022312
:107CC000A3702378012BBBD0293D002BB8D10A4BE0
:107CD0000D4AEAE74FF4FB613E20FCF7EFFF012B72
:107CE000C8D194F84D3043F00403C1E70020CEE73B
:107CF000D01600207C61030000F0014000800040AD
:107D000040810040001000400410004010B5602287
:107D10000021194804F0D8F8FFF73EFE03F018FFE1
:107D200060B124221548FF2104F0CEF84FF08043C3
:107D30000022C3F8082EC3F8102E10BD03F012FF66
:107D40000028EED103F018FF0028EAD103F034FF39
:107D500008B14022E6E703F025FF04460028F8D1E9
:107D600006483822FF2104F0AFF84FF08043C3F8F3
:107D7000084EC3F8104EE0E7D0160020000E004079
:107D8000024B0344187E00F5166070477C610300C7
:107D9000094A936A906B92F84010C01A074B03EBA4
:107DA0008103DA6C9B6D801A03F2F3134FF47A723D
:107DB000B3FBF2F3C01A7047D01600207C610300B9
:107DC00008B50F4A92F84010012906D0022914D0B4
:107DD0004FF42A713E20FCF771FF40F6B830936BE8
:107DE000926A9B1A074A02EB8102D26C9B1A4FF4EB
:107DF0007A72B0FBF2F0184408BD4FF4FA60EEE777
:107E0000D01600207C61030008B5134B012983F8CC
:107E10004C0006D002291BD040F2E6213E20FCF7A0
:107E20004DFF00230D4A43F4801340F0007043F4EB
:107E3000847340F44030C2F81435C2F81805D2F803
:107E4000503503F0F703032B05D140F2FD21E5E7A0
:107E50004FF08073E6E708BDD01600200010004008
:107E6000464B022270B5C3F88020BFF34F8FBFF39B
:107E70006F8F434C0023C4F8FC3F0123C4F8FC3F40
:107E800003F0C0FE28B1D4F83C3743F48063C4F853
:107E90003C3703F07BFE58B1D4F83C3723F0004365
:107EA00023F0FF0343F0004343F09603C4F83C374C
:107EB00003F098FE324C38B1D4F8403723F47F43B6
:107EC00043F4B053C4F840372E4BC4F8783700F071
:107ED00035FC38B14FF08053D3F83033591C18BFFC
:107EE000C4F84C374FF01023254C1B6E5A1C09D098
:107EF000D4F88C251B0403F47F0322F47F02134380
:107F0000C4F88C3540F20313C4F834351E4D40F2EA
:107F10005B63C4F838350123C4F8303585F8203068
:107F20000323C4F8103540F20123C4F8503602266A
:107F3000164BC4F80062187C00F006FC144B154A7E
:107F4000C3F804250023A5F84030EB6385F84D30D5
:107F500002F0E2FAC5E90C0102F0ECFA074BA86264
:107F60001022C3F88061C4F804231E602B6E03B195
:107F70009847BDE8704000F0ADBB00BF00E100E0F5
:107F8000001000402C000089D01600203000002096
:107F900000F001400000020C014B83F82100704703
:107FA000D0160020034B020E0002C3F82425C3F8AC
:107FB0001C0570470010004038B5044600680A4DA3
:107FC000FFF7F0FF094B6268C3F83C25237A85F878
:107FD0002230617AA07AFFF717FF607AFFF710FD71
:107FE000E37A85F8213038BDD0160020001000401B
:107FF000014B83F822007047D0160020F8B5244EBC
:1080000096F84D30DA0705460F4604D44FF4ED617B
:108010003E20FCF753FE1F4CD4F8002243F002032D
:1080200042F00102C4F8002286F84D3000BB96F8F9
:1080300022103846FFF798FD174A0123B370D36426
:108040002360154BD3F84C4528462146FFF73CFDED
:10805000B06A241ACDB9114901EB47074FF47A7180
:10806000B7F8460000F5FA70B0FBF1F02044F8BD17
:108070000128E6D196F822103846FFF79BFD02232F
:10808000B370054BDD646560DBE704F12900EEE7C2
:10809000D016002000100040008000407C610300EA
:1080A00008B5FFF7AFFD58B9064BC3F84005A3F577
:1080B000E04301221A610220BDE80840FFF768BAD8
:1080C00008BD00BF00800040244B13B51022244996
:1080D000D3F80443C3F808230222C1F880212149C0
:1080E000C3F80022002281F84D201F49C1F8402525
:1080F00001F5B8314FF46020C1F80805D3F85015E8
:10810000C9B204F01004D9B1FF218DF80710C3F8EB
:10811000102101221A619DF8072012B1D3F8102115
:108120003AB19DF807305BB940F68F013E20FCF76D
:10813000C5FD9DF80720013AD2B28DF80720EAE785
:10814000FFF7E8FC05490023C1F81031FFF724FCD4
:1081500014B11023C1F8043302B010BD0010004068
:1081600000E100E0D01600200080004038B51B4D33
:108170000024C5F84845C5F84445C5F84045C5F84C
:108180004C45FFF7A1FF00F0ABFA154B15495A6CAF
:108190005C6442F0446242F40032C1F80825C3E94D
:1081A0000E441C76104BC5F848450222C5F84445DC
:1081B000C5F84045C5F84C45C5F84841C5F84441A7
:1081C000C5F84041C5F84C41C3F88020BFF34F8F3C
:1081D000BFF36F8FC3F8802138BD00BF008000401F
:1081E000D016002000F0014000E100E0014BC3F890
:1081F0003C0570470010004010B50FC8014C84E8E2
:108200000F0010BD34170020064BC3F80405064BC1
:1082100093F84D20986442F0010283F84D20FFF757
:1082200007BC00BF00100040D016002010B50F4C56
:10823000034694F8410094F8401002220128227667
:108240004FF0960094F820200CD100F0BDF9084AB8
:10825000E0610023C2F84431E36BE1690B44C2F8EA
:10826000443510BD00F0CAF9F1E700BFD016002078
:1082700000800040044BC3F86005D3F8002242F0B0
:108280004002C3F80022704700100040054BD3F8AD
:10829000002222F04002C3F800220022C3F8602529
:1082A000704700BF00100040044BD3F8483503F07E
:1082B0007F035B4203700120704700BF0010004045
:1082C00008B50D4B0246D97008460021197082B9D5
:1082D00001225A709A78022A0DD193F82210FFF7E2
:1082E000D9FB064AD2F8003243F48873C2F8003250
:1082F00001E002225A7008BDD01600200010004094
:108300002DE9F843924D934C0123EB64A36AD5F811
:108310004C7594F84C90FF1A02F078FE0026C4E9E0
:108320001406A765FFF7F6FB8B4B626CC3F80825B4
:108330008A4A6664D2F8003223F48E7323F0010374
:10834000C2F80032237E84F84D6023B1D5F8443161
:108350009B1B18BF0123A178012938D1D2F80C3119
:10836000002B0CBF0025082515F00B0F7B4B04D10B
:10837000D3F810210AB145F010050022C3F80021FE
:10838000C3F80C21C3F81021C3F80421C3F8082155
:1083900005F01803102B03D1012908BF45F0200573
:1083A0006B4B6678D3F84825E263D3F84435A36372
:1083B00094F8203084F8403084F84110EEB9FFF78B
:1083C000EBFA2676EF0761D5636E98478EE00229B7
:1083D00011D1624AD2F80C01D2F8002400280CBF57
:1083E00000250225D20758BF45F00405002BBBD05D
:1083F00045F00105B8E70025B6E715F0110F21D1CA
:108400002379B6F1010818BF4FF00108012B267837
:108410001CD0022B2FD09BBB96214046FFF7C4FAFD
:108420000146FFF7B9FA012E07D13B378F422AD810
:10843000474B26700022C3F84021E2784046FFF700
:108440002FFE01E0FFF740FE0026BBE74448FFF7A0
:10845000B3FD94F8413023B940F25F713E20FCF740
:108460002DFC012B04D1FFF7ABFC61690144D8E777
:10847000FFF78EFCF9E73A48FFF79EFD6169D0E708
:1084800040F67F21EAE7354B1E619BE7A80745D5FB
:1084900003F0A8FBE8B903F0B5FBD0B92F4BD3F834
:1084A0005034D90115D51A0705D013F0F00F02D0BA
:1084B00013F4706F0DD1294AC3F304410129D2F896
:1084C000542406D1012A04D0C3F34253022B7FF671
:1084D0007BAFA36C5B784B4588BF45F0040585F006
:1084E0000400A36E3146C0F380009847A378022BA6
:1084F00012D1237E83B1022B154A1DD1E36BE169B2
:108500000B44C2F84435636C43F480036364124B3C
:108510004FF48002C3F80425BDE8F88315F0280F56
:1085200006D085F02001E36EC1F340113046DCE750
:10853000EB06DBD5236F48E7012B02D040F65F4105
:108540008CE7E369E16B8B42DBD84FF4466185E74A
:1085500000800040D016002000F0014000100040D4
:10856000D8160020024B03EB8003D86C704700BF85
:108570007C610300014B53F820007047D461030075
:10858000024BC0B2C3F80C05704700BF001000409A
:10859000054B33F8113002384FF47A7203F2E733A7
:1085A000B3FBF2F318447047EC610300054B33F85A
:1085B00011304FF47A7203F57A73B3FBF2F3184477
:1085C000704700BFEC61030038B51D460A4B33F815
:1085D000111003EB820305359C6821444FF47A7334
:1085E00001F6B73103FB00141046B4FBF3F4FFF7B8
:1085F000B9FF2C44204438BDEC61030070B5064639
:1086000008461546FFF7B6FF094A02EB8502936854
:108610004FF47A7203F6B73302FB06331C1A28466E
:10862000B4FBF2F4FFF79EFF0530204470BD00BF9D
:10863000EC6103002DE9F74F244C074698460D46A0
:10864000164600F0A3F82378BB42814611D1637827
:10865000AB420ED194F90230B3420AD1E37883429F
:1086600007D1A388A8F8003094F9060003B0BDE84C
:10867000F08F781EC0B203280ED8DFF854C00DF179
:1086800007031CF800003246294600F085F88246B0
:1086900038B13D21752002E040F26B410620FCF725
:1086A0000DFB28469DF907B0FFF76AFB53460246CB
:1086B0004146584600F038F8B8F80030A071A38061
:1086C00027706570A67084F80390CDE748000020FD
:1086D00000620300014B1B685B681847DC00002048
:1086E000014B1B689B681847DC000020014B1B688E
:1086F0001B691847DC000020014B1B685B691847A9
:10870000DC000020014B1B689B691847DC0000203F
:10871000014B1B68DB691847DC000020014B1B681C
:10872000DB6A1847DC00002010B4034C2468E468BE
:10873000A44610BC604700BFDC000020014B187845
:10874000704700BF201C002000220F4938B50446A6
:10875000134644FA02F0C007D5B248BF581C02F1D4
:10876000010244BFCD54C3B2042AF2D1064DC3F175
:108770000402042BD2B24FF0FF0188BF0022E81898
:1087800003F0A2FB2C7138BD2C1C0020014B187D7E
:10879000704700BF48170020042810B511D883B1D6
:1087A00004280CBF10242824A1420AD2064C54F8F5
:1087B000200018B141568A42A8BF0A461A7000200C
:1087C00010BD6FF01500FBE74817002030B50346D9
:1087D000114890F91C209A4219DD90F924209A4200
:1087E00017DA9A1A846AA05C0C4A15569D420DD07D
:1087F0000E32002918BF01309442C0B206D129B10F
:10880000013BDBB2012B01D80130C0B230BD0D20DD
:10881000FCE70020FAE700BF4817002004620300CD
:1088200008B5054B93F91C30984203DAFFF7CEFFE9
:10883000024B1B56184608BD48170020046203006F
:1088400010B51C4C94F82C3073B9012384F82C30EB
:1088500003F092F948B1184BA362D823236284F83D
:1088600024300823A361237710BD03F09BF900286F
:10887000F1D103F0A1F90028EDD103F05FF938B18F
:108880000E4BA362D823236284F824300423E9E743
:1088900003F05EF90028F3D103F064F90028EFD16A
:1088A00003F074F90028EBD14FF4DF71742002F06B
:1088B0000BFF00BF481700203F6203001262030055
:1088C0004FF08042012353600023C2F80031014A77
:1088D0001370704775170020014B01221A70704702
:1088E000751700204FF08043D3F8003123B9034BB4
:1088F000187800F0010070470120FAE77517002092
:1089000070B50A4D012604462E70FFF7EBFF30B913
:108910004FF080436E706C60C3F8046370BD002C30
:10892000FCD0A04700236B60F8E700BF7817002059
:10893000024B00221A705A705A6070477817002054
:1089400010B5034C208100F039FB608110BD00BFE1
:1089500078170020014B9889704700BF78170020D6
:10896000014B5889704700BF7817002010B5EFF30E
:10897000108472B6064A937B0133DBB29373937B08
:10898000012B01D105F072FE04B962B610BD00BF23
:108990007817002038B5FFF7E9FFFFF7A3FF094C70
:1089A0004FF0804540B105F08BFE01232B6104237D
:1089B000E3730023237438BD0323E3730123C5F855
:1089C0000433F6E77817002010B5EFF3108472B681
:1089D000094A937B23B94FF4F8716D2002F074FEBD
:1089E000937B013BDBB29373937B0BB9FFF768FF7B
:1089F00004B962B610BD00BF7817002073B51B4DD7
:108A00006B7C63B9E86900F0030005F049FE30B102
:108A1000EFF3108372B6EA7B1AB103B962B602B003
:108A200070BD0122EA7303B962B64FF08043082299
:108A3000C3F808234FF42073ADF80630BDF80640A4
:108A4000A4B2631E9BB2ADF80630002CF6D14FF0F5
:108A500080460748C6F80C4105F079FE85F82140AC
:108A6000FFF798FF0823C6F80433D8E778170020EB
:108A7000981700202DE9F041384C94F82230002B53
:108A800069D04FF08043D3F80071D3F8046157B137
:108A90000122C3F8082363782BB163680025657051
:108AA0000BB1984765604EB14FF080430022C3F888
:108AB00004210222C3F80823FFF7A0FF4FF08046ED
:108AC0002748D6F80C8194F82150EDB205F043FE0A
:108AD00020B14FF423716D2002F0F6FD47B1E37B26
:108AE000032B05D10423E37305F0EAFD0123336171
:108AF000B8F1000F16D04FF080430022C3F80C21CC
:108B0000E37B042B02D040F2AA21E4E703F05EF8F5
:108B1000C0B14FF080430022C3F8342C0223E3732A
:108B2000FFF752FF4DB1002384F82130E37B022B85
:108B300001D1FFF72FFFFFF747FFBDE8F0410848DD
:108B400005F018BE03F022F80028E2D103F034F853
:108B50000028DED1E2E7BDE8F08100BF78170020F1
:108B60009817002010B5044CE06900F0030005F0F0
:108B700097FD0028F8D010BD78170020F8B50546FD
:108B800050B10278042A07D8437842B9013B1F2B21
:108B900002D88378212B07D96FF0150077E0002BDE
:108BA000FAD18378002BF7D1814B0127C3F880706D
:108BB000BFF34F8FBFF36F8F4FF08046C3F88071C4
:108BC0007C4C4FF0FF33C6F808330023C6F8003161
:108BD000C6F80431C6F80C31A373AB88A38105F045
:108BE0004AFD08B12770A773D6F80C24D6F80C34C8
:108BF000D20303D5DF0701D5FFF76EFE4FF4AF6058
:108C0000FFF79EFE2B78A97863740022E261A174BD
:108C10002274042B4ED8DFE803F005033B494B00D8
:108C20000123E36105F02EFD00284ED005F031FD53
:108C3000E36903F00303984247D1AB79002B3ED19F
:108C4000FFF790FFA37C6BB12B785BB9FFF74AFE6F
:108C5000054602F0B9FE6FF00043002D00F0A5803C
:108C6000C4E905034FF08043D3F80C24D3F80C3447
:108C7000D20303D5DB0701D5FFF72EFE4C4A0123B3
:108C80000020E07384F82230C2F880311360F8BD10
:108C9000FFF76CFE4FF08043D3F80C14D3F80C248C
:108CA000CE03F9D5D007F7D50223BAE7424BB8E790
:108CB000424BB6E74FF47F716D2002F005FD4FF097
:108CC00080430222C3F80423BCE74FF08043012213
:108CD000DA600022C3F80421E269C3F8182502F023
:108CE0002DFF10B34FF080534FF08042D3F8443241
:108CF000C3F34233C2F83C3502F020FF10B34FF00B
:108D000080430122C3F84C254FF0804301229A6032
:108D10000222C3F80423AA79002A93D1D3F80423AA
:108D200091071CD440F2B331C6E702F011FF0028CE
:108D3000D8D102F017FF0028D4D102F027FF002875
:108D4000D0D1D9E702F004FF0028D8D102F00AFF01
:108D50000028D4D102F01AFF0028D0D1D4E7184A55
:108D60001669116941F010011161D3F8043106F060
:108D700010060BB905F00BFD4FF08047D7F8043112
:108D800083B1FFF7EFFE26B90D4A136923F01003F4
:108D900013614FF080430222C3F808230022C3F876
:108DA00004214FE705F0F1FCE8E7C4E9053059E795
:108DB00000E100E07817002001000200010003003C
:108DC00000ED00E0064B1A7810B5044632B90122D6
:108DD0001A70FFF7CBFD2046FFF792FD002010BD73
:108DE0009B17002010B5054C23782BB1FFF7A0FD91
:108DF00000232370FFF7E8FD002010BD9B17002023
:108E0000014B1879704700BFA0170020054B1A7955
:108E1000824283BF1B6800EB400003EB0010002080
:108E2000704700BFA017002043F60952C0F30803A3
:108E300002FB03F3400A03F5807302FB00F000EB32
:108E40005320704743F6095CC0F3080210B50CFBD1
:108E500002F2C0F34E24030E43EA01230CFB04F09C
:108E6000090E02F580724FEA411C00EB52205A01B4
:108E7000B2EB030E4CEAD36C6CEB01044FEA841C9A
:108E80004FEA8E12B2EB0E024CEA9E6C6CEB040CB5
:108E90004FEACC0C4CEA527CD200D31841EB0C01C7
:108EA000DA03C903801841EA534141F1000110BDC2
:108EB000430B48F2376C0CFB03F34FEA134C00B53D
:108EC000104B43F6095E0EFB1C0000FB03F35B0D29
:108ED0000EFB03FE03EB4C230EF5745C0CF1080C47
:108EE000B0EB5C2F08D80EF5807EA0EB5E20C0B200
:108EF0000B6010705DF804FB013300200B601070F4
:108F00005DF804FB6F0C0100F8B5274DA94246D867
:108F1000264E274F450F45EAC105A6FB0514C0F3B1
:108F20004F31A40B01EB054107FB1411A6FB0151C6
:108F3000890B41EA04411F4C04FB110448F2376CD1
:108F4000600B0CFB00F04FEA104C43F6095E1A4828
:108F50000EFB1C4505FB00F0400D0EFB00FE00EB78
:108F60004C200EF5745C0CF1080CB5EB5C2F12D89C
:108F70000EF5807EA5EB5E2E5FFA8EFE069D85F8CF
:108F800000E00D0628184FEA112141F10001186098
:108F900059601460F8BD01304FF0000EEEE79621E5
:108FA0009B2002F091FB00BFFF7F841E83DE1B43EA
:108FB000000024F40080841E6F0C0100420B48F274
:108FC000376303FB02F2120C43F6095C074B0CFB00
:108FD000120101FB0333013B5B0D0CFB03FC500250
:108FE000B1EB5C2F88BF0130184470476F0C010053
:108FF00010B5094A92F80033202B03D13E210220FC
:1090000002F062FB18214B43D018BDE81040D35842
:1090100040680321184700BFA81700200C4B0D49DA
:109020001B78012B14BF4FF4E0224FF4C022C1F88B
:10903000482318BF0023C1F80823074A99000A44AF
:109040000021012B42F8041B00D170470123F8E7EF
:10905000E01A002000B0004040B1004070B5EFF3CE
:10906000108472B6094A0A4B0025D2F80415D2F8CA
:1090700004612EB1596801315960C2F80451F4E716
:109080005B6804B962B6C0E9001370BD00B000406F
:10909000E01A0020094BD3F80435C01A20F07F43B2
:1090A00023F001033BB120F07F40B0F5000F8CBFEF
:1090B0000220002070470120704700BF00B0004030
:1090C00008B5124BD3F8042522F00302C3F8042597
:1090D000D3F8082542F00302C3F80825102292FABB
:1090E000A2F2B2FA82F2092A04DD094840F2913173
:1090F00002F0E0FAC3F810250122DA60054B4FF4C4
:109100008072C3F880211A6008BD00BF0080004053
:10911000EF9F030000E100E0114B4FF40062C3F841
:109120008020BFF34F8FBFF36F8FC3F880210D4BAB
:1091300001225A609A60D3F80425002AFBD10A491B
:10914000C3F808134FF4E021C3F84813C3F84021D3
:10915000C3F84421C3F84821C3F80421704700BF75
:1091600000E100E000B00040020007000D4B4FF4AA
:109170008072C3F88020BFF34F8FBFF36F8FC3F8A7
:109180008021094B01214FF0FF325960C3F80823B9
:109190000022C3F84025C3F840211961034B1A721D
:1091A000704700BF00E100E000800040E01A0020AE
:1091B0002448FF2310B54FF0FF32002443724FF0D4
:1091C000FF33C0E9042304704460FFF7CFFFFFF7CB
:1091D000A3FF1D4A1D4BC2F800424FF40061196005
:1091E00080691B4930B901230B60194B0222C3F877
:1091F000042310BD174B184CC3F8A845C3F8AC05A1
:10920000C3F85C194FF40021C3F804150521C2F816
:10921000401501211160D2F840110029FBD04FF414
:109220000021C3F8081501215160D1600021C2F866
:109230004011C2F84015C3F8A815C3F8AC15C3F81F
:10924000AC15D2E7E01A00200080004000E100E009
:1092500000B0004000F0014040810040014BD3E9E4
:1092600004017047E01A0020014BD3F80405704751
:1092700000B0004013B56846FFF7F0FEDDE90004DA
:10928000FFF7D2FD024B0021E4FB030102B010BD49
:109290000080841EB1F1FF3F08BFB0F1FF3F2DE910
:1092A000F041404C05460E4638D13F4DD5F80031CF
:1092B0007BB33E4E3E4BC6F808354FF00008FFF733
:1092C000ADFE84F80980FFF751FFFFF7F9FE394B37
:1092D000C5F80081384FC6F8A8354FF40023C6F80A
:1092E000AC75C6F8043505F024FAD5F800312BB179
:1092F0000123C5F800817B60FB60F4E7013041F198
:1093000000010223C4E904012370FF236370BDE858
:10931000F08105F00EFAC51C41F10006D4E9047392
:10932000B34208BFAF42F2D0204B214AC3F8082510
:10933000FFF774FE1C4A4FF4803125F07F4800236C
:10934000C2F808134046C2F84813C2F84031FFF78C
:10935000A1FE20B14FF43F716C2002F0B5F9C2F8C4
:109360004085C2F844132378012B06D127F07F47AC
:109370003846FFF78FFE0128FAD000236372FFF70B
:10938000F5FEFFF79DFE094A01234FF000412370CF
:10939000C2F8041504226270034AC4E90456C2F8F4
:1093A0004833B4E7E01A002000B0004000F001406C
:1093B0000000088000B100400080004037B540B197
:1093C000041FE4B2022C13D940F295316C2002F054
:1093D0007BF9214B4FF48032C3F80823C3F84005D2
:1093E000C3F84001D3F840310093009B03B030BD77
:1093F0001A4D2B7893B16A7882420FD1184A1949D5
:10940000C2F80815012B01D1FFF7B0FE00232B7025
:109410004FF0FF324FF0FF33C5E90423124A4FF4F7
:109420008033A340C2F80833C2F8483304F5A87368
:1094300052F82300FFF72EFE012818BF0B4B22B273
:109440004FEA84041CBF00211951084B53F8223005
:109450000193019BCAE700BF00800040E01A002092
:1094600000F001400000088000B0004040B1004022
:1094700070B52C4B30B1041FE4B2022C2AD94FF442
:1094800054710BE0D3E90401B1F1FF3F08BFB0F123
:10949000FF3F06D11B7A23B94FF44A716C2002F0CA
:1094A00013F912B94FF44B71F8E71F4B4FF48031A9
:1094B0000120C3F80413C3F840255864D3F84415B9
:1094C00000248A42C3F8444503D82046FFF776FFBC
:1094D000204670BD197829B15B78834202D14FF4E0
:1094E0005371DBE7114B124E22F07F41A20013446F
:1094F0004FF48035A5400022C6F808530846C6F848
:1095000048531A60FFF7C6FD48B904F5A874012056
:1095100046F82410C6F80453C6F84453D9E7104659
:10952000D7E700BFE01A00200080004040B10040B3
:1095300000B0004008B5FFF771FD054B4FF0FF325A
:10954000C3F808230022C3F84025C3F8402108BD12
:109550000080004008B50122084B10B1C3F8442335
:1095600008BDC3F84823FFF701FE054B4FF0FF315C
:1095700018704FF0FF30C3E90401F1E700B000407C
:10958000E01A0020F8B5164D164E00244FF480372F
:10959000D5F8043307FA04F21A4212D056F82430F0
:1095A0007BB1002346F8243004F5A87355F8230056
:1095B000FFF770FD28B1201DC5F80823C0B201F0E7
:1095C00007FC0134032CE3D1054BD3F8042132B15D
:1095D0000022C3F80421044A536801335360F8BDE4
:1095E00000B0004040B10040E01A002010B51C4C13
:1095F000637AFF2B2DD0237883B10122022B2272B4
:1096000021D1184B4FF40022C3F808250023237002
:109610004FF0FF324FF0FF33C4E90423124BD3F86D
:109620000423D2031BD5D3F84021C2B14FF48032BA
:109630000020C3F80823C3F84001FF236372BDE88C
:10964000104001F0C5BB022360782370FFF7B6FE1F
:10965000E4E7054BD3F804330BB10720EFE710BD67
:10966000E01A002000F00140008000402DE9F04F9A
:1096700093B01C460492CDE90201FFF7EFFD1823D9
:1096800001910646B849082004EB440213FB040488
:10969000631801EBC202083265581F7BD3F80480BF
:1096A00093F80D9005970FCA0CAC25F07F4A84E81B
:1096B0000F005046FFF7B8FBAC4B7C1C98420444AB
:1096C00000F288819C4200F39380002C55DBFFF769
:1096D00009F9B9F1010F834608D0A54FD7E9022354
:1096E000B3F1FF3F08BFB2F1FF3F4BD005F001F8E7
:1096F000019B0690B3F1FF3F08BFB6F1FF3F03D0D7
:10970000B54278EB030378D2029B0322EB1A934213
:1097100069DBBBF1000F00F0E88000230793029B98
:10972000B5EB030B039B68EB030704F0E2FF093082
:10973000C217834577EB020380F0DB80049B012B8B
:1097400000F0E180079B002B5AD1019BB3F1FF3F52
:1097500008BFB6F1FF3F53D0721B63EB0803042A26
:1097600073F1000180F22881012A73F100033ADAD3
:10977000DDF81CB026F07F4A52E004F1F45404F501
:109780009024A4E70028B1D104F0B3FF019B069018
:10979000B3F1FF3F08BFB6F1FF3F00F0A380B54231
:1097A00078EB0303C0F09E803B7C002B069B14BF2C
:1097B00000221A463346EB1A9A4214DC012307931F
:1097C000D7E90232B2F1FF3F08BFB3F1FF3FA6D0A5
:1097D0000699EB1A68EB02028B4272F100039ED2EB
:1097E000B9F1010F9BD00024204613B0BDE8F08FE3
:1097F00004F1614404F5F70469E73346002285E784
:1098000028464146FFF746FD4FF0000BB8F1FF3FF9
:1098100008BFB5F1FF3F00F0E2802E46CDF804808E
:109820005046FFF701FB534B221A9A420DD3001BFF
:1098300098427CD34D4B9A4200F2B380984240F25A
:10984000D880C0F1614202F5F702D3170020FFF77C
:109850000FFE04460028C6D0454FB9F1010FD7E9E5
:10986000022366D0BBF1000F40F08880B3F1FF3FC8
:1098700008BFB2F1FF3F00F0A6800120FFF76AFEAB
:109880003B7C002B40F092806A1E68F100030620AA
:10989000FFF7EEFD002842D0B9694FF08042002367
:1098A0000B60C2F80835059B8DF83C3000238DF81D
:1098B000403008934FF0FF324FF0FF33CDE90C58A2
:1098C000CDE90A238DF83D9008AE0FCE2A4D0FC585
:1098D0000FCE0FC596E8030085E80300204613B0BD
:1098E000BDE8F08F029BC21C65E7214FCDF81CB08C
:1098F00066E7B9F1010B2846414618BF4FF0010B4E
:10990000FFF7C8FC82E7019BB3F1FF3F08BFB6F148
:10991000FF3F73D026F07F4A4FF0000B80E7BA6913
:109920004FF080410123C1F808351360BBE7424284
:109930008BE7B3F1FF3F08BFB2F1FF3F24D1BBF18A
:10994000000F9DD0069BF21A019B4FF0050063F1BA
:109950000003FFF78DFD002846D03B7C002B93D100
:1099600001233B7490E700BFA8170020FF7F841EEF
:10997000001B00200040420FB01A0020B3F1FF3F4F
:1099800008BFB2F1FF3FDDD004F0AFFE4FF0FF3271
:109990004FF0FF33C7E90223BBF1000F3FF470AF74
:1099A000D0E702F1F45202F590224EE70520FFF7CE
:1099B00005FD00233B7467E728464146DDF81CB0EF
:1099C000FFF768FC22E704F08EFE04F0B2FEC7E960
:1099D000020152E740F20F41702001F075FE40F2A3
:1099E0001B71702001F070FE40F22121702001F007
:1099F0006BFE40F2D471702001F066FE40F27F6190
:109A0000702001F061FE00BF2DE9F04F8D4F7C7C8E
:109A100004EB44033B4483B05D78202D48D08A4B4F
:109A2000E6B26400002B00F08980884BDFF82092BA
:109A3000002B5FD005EB461207EB420A4FEA4618AF
:109A40009AF81C30013BDBB2052B34D8814A12F85E
:109A500003B0BBF1080F2ED0AFF30080EFF31083FB
:109A600072B634443C449AF81D206270A278AA422F
:109A700004BF2022A27013B9AFF3008062B6A844DD
:109A800005EB450509EBC50207EB4808506859F896
:109A900035300122594688F81C2098477C7C04EB1D
:109AA00044033B44E6B25D78202D4FEA4404C1D123
:109AB00003B0BDE8F08F40F24A61702001F004FE6F
:109AC00062B6A84405EB450509EBC50207EB48085B
:109AD000506859F835300122594688F81C209847BB
:109AE0007C7C04EB44033B44E6B25D78202D4FEAD6
:109AF0004404DDD005EB461207EB420A4FEA461854
:109B00009AF81C30013BDBB2052BD4D8514A12F82D
:109B100003B0BBF1080FCED0AFF30080EFF310839A
:109B200072B634443C449AF81D206270A278954283
:109B300004BF2022A270002BC3D1C1E7434BDFF842
:109B400014B1DFF80CA14FF02009002B4FD005EB2A
:109B5000461207EB42024FEA4618137F013BDBB285
:109B6000052BA8D81BF803100829A4D0EFF3108305
:109B700072B634443C44527F6270A278954208BF6A
:109B800084F80290002B52D0A84407EB480805EB5C
:109B900045050AEBC5025AF835305068012288F8AD
:109BA0001C2098477C7C04EB44033B44E6B25D7880
:109BB000202D4FEA4404CAD17AE762B6A84405EBE7
:109BC00045050AEBC50207EB480850685AF83530DE
:109BD000012288F81C2098477C7C04EB44033B441A
:109BE000E6B25D78202D4FEA44043FF461AF05EB07
:109BF000461207EB42024FEA4618137F013BDBB2E5
:109C0000052B3FF658AF1BF8031008293FF453AF5C
:109C1000EFF3108372B634443C44527F6270A278F2
:109C2000954208BF84F80290002BC7D1C5E7019187
:109C3000AFF3008062B6A844019905EB450507EB38
:109C40004808A6E7001B00200000000000000000FC
:109C5000A8170020706203002DE9F04F85B0DFF8EF
:109C60000C81019301EB41034FF0200C18F80340E5
:109C700003916445924682F800C073D04B01DFF82F
:109C8000F09006469B4610E0727B012A02D0427D8E
:109C9000012A57D00BEB040308EB43038AF800407A
:109CA0005B7F202BA4465DD01C4604EB440009EBEF
:109CB000C000D0E9032387683568716813EB070E8D
:109CC00042F10002754571EB02024FEA4403DBD218
:109CD0001D46019B83F800C0039B4FEA431B2819D4
:109CE00009EBC0003768B368D0F808A07268C16893
:109CF000DB1942F100029A4571EB020310D3437D58
:109D0000012B02D0737B012B03D0012005B0BDE8ED
:109D1000F08F04F0EEFCAAEB070701308742F4DA7B
:109D2000019A254409EBC5051470A97DB27B0BEBA4
:109D30000403914208EB430310D95C7F202CE4D04C
:109D40006500CCE7029304F0D4FCED1B01308542A2
:109D5000A0DA029B9AF800C01D46BAE7002005B0C1
:109D6000BDE8F08F019B1C70CFE700BF001B0020F7
:109D7000A81700202DE9F04F83B00C4615461E466B
:109D80009DF83070FFF71AF922686368451946F1AB
:109D90000006954276EB030342D3DFF88C8005E0A2
:109DA0005D4576EB09033BD3C4E900B90DF1070328
:109DB0000DF1060239462046FFF74EFF88BB9DF89D
:109DC000073003EB430308EBC303D3E902A01A698E
:109DD0001AF1030B40F1000012EB0B0B627B40F118
:109DE0000009012ADCD05B7D012BD9D104F081FC74
:109DF000ABEB0A0301308342D2DA9DF8073003EB64
:109E0000430308EBC303D3E902B904F072FC013049
:109E100010EB0B0B49EBE0795D4576EB0903C3D200
:109E2000002003B0BDE8F08FA81700202DE9F0470F
:109E300015461C4612782F7A95F809C088B0002381
:109E4000E360C4E90033A7739DF8408084F80DC037
:109E50000646A360E2730F46002A3AD1FEF7F2FFEE
:109E6000D5E9042C3C4BC31841F1000E9A427CEB1F
:109E70000E030AD3013E47F1FF37C4E900674FF4F0
:109E80007A73A36008B0BDE8F087263041F1000185
:109E900082427CEB0103EDD3501E04F10C036CF104
:109EA0000001009304AA06ABFFF72EF8049B686834
:109EB00002330DF10F0205A91844FEF7F9FFDDE9A1
:109EC000053207999B1A23F07F43C4E90021A36060
:109ED000D8E7224804F10C0206A9FEF7E9FF204B5F
:109EE0001B78202B24D01F490B69D1E905210833A9
:109EF00042F1000A13EB01094AF1000A6B68207B6A
:109F00001844023005AA04F10801C4E9009AFEF7DA
:109F1000CFFF2869CDF8008032463B462146FFF747
:109F200029FF0028AED1C4E9006708B0BDE8F0877A
:109F3000637B16F1080947F1000A012BDED0FEF71A
:109F4000D1FC0028DAD104F0D4FB10EB09039946C8
:109F50004AF1000AD2E700BF0040420FFF7F841E93
:109F6000A81A0020B01A00202DE9F04700EB4003AA
:109F7000344DDFF8D480EC5C06464700FFF774F9F7
:109F80004FF0200C4FEA461E04EB440108EBC101E0
:109F90000EEB0403D1F808A00A69AAEB000929F026
:109FA0007F49B9F5000F05EB43030DD812EB0A0208
:109FB000121A22F07F42B2F5000F05D8BCF1200F33
:109FC0000AD12046BDE8F0875B7F202BA4461C46C3
:109FD000DAD1BCF1200FF4D00CEB4613BA1905EB23
:109FE000430315F802805B7FAB54710144464FF088
:109FF000040E0B1905EB430322469445204683F8D3
:10A000001CE05C7FF5D1BB192B440A4493F802E0B5
:10A01000BEF1200F5FFA8EFC18BF8C443E4418BF7F
:10A0200005EB4C0C05EB4202354408BF83F8018078
:10A030004FF0200318BF8CF81D80A870537720467E
:10A04000BDE8F087001B0020A81700202DE9F04193
:10A0500001EB41034A4DEE5C202E82B00C46804657
:10A060004FEA410740D1474B0BB1AFF3008004F0FA
:10A0700060FBAB7C0191202B0AD0434BD3E904E277
:10A0800010F1020C41F10003E64572EB030330D3FB
:10A09000202E0AD042463346FFF7E8FA00283DD08A
:10A0A0000220AE7402B0BDE8F081D5E90223B3F11D
:10A0B000FF3F08BFB2F1FF3F1FD12B7C43BB042001
:10A0C000FFF77CF9FFF736FA0020FFF743FAA9699A
:10A0D0004FF080422020A874002301200B60C2F8BA
:10A0E000083502B0BDE8F0810846FFF73DFF864223
:10A0F000B9D0002002B0BDE8F08104F0F6FA4FF0CC
:10A10000FF334FF0FF32C5E902232B7C002BD6D062
:10A110000520FFF753F900232B74D0E73A1906EB1B
:10A12000441305EB430315F802C05B7FAB54610198
:10A130006246042013468A1805EB42029E421077BD
:10A14000527FF7D13A192A443C449678F0B2202E37
:10A1500018BF4018194418BF05EB400005EB41013A
:10A16000254418BF80F81DC0AB704FF000004FF0C1
:10A17000200308BF82F801C04B7702B0BDE8F08130
:10A18000001B002000000000B01A002038B5164A5D
:10A19000164D4FF0FF304FF0FF310023C2E90201AE
:10A1A000C5E90201202142F22000A970136082F863
:10A1B0002030A9741C4628806B742B7405F11C0296
:10A1C00002F814300134202CFAD1094801F03AFC8D
:10A1D000084B094A1C70107001F024FDA861FEF7BD
:10A1E000E7FF0123EB7438BDB01A0020001B0020EC
:10A1F000099A0000A81A0020D81A00202DE9F04F73
:10A2000083B004F096FADFF8688206460C46FFF742
:10A2100091F94FF0FF334FF0FF32C8E9022398F86D
:10A220002030D3B9D8F81030D8F81820D8F8141046
:10A230009048023341F100019B1802F5DF62A0FB58
:10A2400002024FEA922241F100019B1841F1000104
:10A250009E4274EB010380F0FB804FF0FF304FF023
:10A26000FF31FFF717F8844A92F800B0BBF1200FD6
:10A2700000F0E980814D20231370AB746B7C0022C9
:10A28000C8F8002003EB43025FFA83F9AF5C5B0080
:10A29000202F00930AD0DFF8E8A107EB47030AEB71
:10A2A000C3037A00D97D012900F0A880009BDFF864
:10A2B000D4A103EB09062E444FEA49173478202C29
:10A2C00004D04846FFF750FE8442F7D1BAF1000FA0
:10A2D00001D0AFF3008004F02CFAAB7C202B09D026
:10A2E000D8E9042310F1020E41F1000C724573EB22
:10A2F0000C03E3D3202C34D023460122FFF7B6F918
:10A30000002852D0AC7407EB0B0305EB43031A7F14
:10A31000022A1BD1009A4A442A44062119779178CF
:10A32000CBB220291CBFDB1905EB43035F4418BFE8
:10A3300083F81DB0009B08BF82F801B04B442B444A
:10A3400005EB470783F802B020237B77FF23AB712F
:10A35000009B4B441D446B78202B60D103B0BDE8BB
:10A36000F08FD5E90223B3F1FF3F08BFB2F1FF3F01
:10A3700007D004F0BAF94FF0FF324FF0FF33C5E9D0
:10A3800002232B7CA3BB0420FFF718F8FFF7D2F8B9
:10A390000020FFF7DFF8A9694FF08042002320205A
:10A3A000A8740B60C2F80835ADE73B1905EB430311
:10A3B00030785B7F3370024604211346BA1805EBF0
:10A3C00042029C421177527FF7D1B178B370CAB282
:10A3D00020291CBFD21905EB42023B4405EB430385
:10A3E00018BF50774FF0200208BF70705A7765E7AA
:10A3F0000520FEF7E3FF00232B74C4E75B7D012BF0
:10A4000014D1033644F1000417440AEBC70ADAE911
:10A410000223B242A34128BFCAE9026446E71A4BAD
:10A42000187803B0BDE8F04F01F038BB0192FEF799
:10A4300059FA019A0028E4D104F05BF98619019ACF
:10A4400044F10004E0E740F2B121702001F03CF952
:10A45000094B0B4A1B78182101FB03F3D018072185
:10A460004068D358984740F2A621702001F02CF99B
:10A47000B01A00209300DC92A81A0020001B0020D4
:10A48000A817002000000000D81A002038B50C469C
:10A49000054604F034F911494B7C01F11C0C5FFABC
:10A4A00083FE0CEB831C002302E00133202B13D02E
:10A4B0001CF81320D8B2002AF7D1094A03EB4E1E2C
:10A4C00003EB430301EB4E0142F8335002EBC303AD
:10A4D00001220A775C6038BD184638BD001B002099
:10A4E000A81700201F2808D80A494B7C00EB43130B
:10A4F00001EB43031A7F012A01D0002070474B7CF7
:10A5000000EB431301EB43034FF0000C104683F8BC
:10A510001CC07047001B002010B5054CD4E9040195
:10A52000FEF790FC237F0133181841F1000110BDA4
:10A53000B01A0020014BD3F840057047008000405E
:10A540000378002B40F0D7802DE9F04F6F4A536815
:10A55000C3F3080389B08146002B40F0B8806C4EED
:10A560006C4FDFF8B4B106F11C0A27B1002140F2AC
:10A570003C40AFF30080757CEDB24FF00003B37147
:10A5800027B1002140F24140AFF300800AEB851E65
:10A59000BEE80F006C1C04F001080AEB881CACE854
:10A5A0000F00BEE80F00ACE80F00BEE80F00ACE8FB
:10A5B0000F009EE80F0044468CE80F002DB227B133
:10A5C00000214FF47370AFF3008005EB450504EBF9
:10A5D00044047319725B9B7832533444A37057B1AF
:10A5E00000214FF47470AFF3008027B1002140F2D6
:10A5F0004640AFF3008004F09CF8CDF8008004AB37
:10A600004A4604460D46FFF711FC27B1002140F2EF
:10A610004D40AFF30080414B1B78202B3FD0DBF83F
:10A620001030DBF81420DBF81810083342F1000278
:10A630005B1842F10002DDE90401984271EB020C63
:10A64000CDF8008022D3364822462B4604A9FFF7D6
:10A6500091FB98B1DDE90401FEF7F4FB9DF81C3095
:10A6600001331B1841F10001C9F81030C9F814106A
:10A6700027B100214FF48C60AFF30080B379002B39
:10A680007FF473AF012009B0BDE8F08FCDE904324B
:10A6900004A922462B462248FFF76CFBDAE79DF817
:10A6A0001D1014F1080345F100020129C3D0CDE9C2
:10A6B0000232FEF717F9DDE902320028BBD104F0BF
:10A6C00018F8029B039AC31842F10002B3E7103B4B
:10A6D00059B2002911DB01F1604101F5614191F8A6
:10A6E000000340090028CED0094E0A4FDFF828B0F9
:10A6F00006F11C0A39E70020704703F00F03043B02
:10A700001344187E40090028EED1BCE700ED00E0BC
:10A71000001B002000000000B01A0020A81A002032
:10A720000040420F2DE9F04FAC4A53688FB0C3F39D
:10A73000080383460491002B40F0628108230393B1
:10A74000049B1B78012B00F23D82A54E26B100210F
:10A7500040F22E50AFF300800023A24C05934FF03F
:10A76000010926B1002140F23B50AFF30080B9F15E
:10A77000000F04D19C4B0BB1AFF3008062B6657C37
:10A78000EDB24FF00003A371039B002B40F09880C3
:10A79000A84626B1002140F24F50AFF3008003F0ED
:10A7A000C8FF049A00950AAB8246FFF73FFB26B12B
:10A7B000002140F25750AFF300800BEB481904EB37
:10A7C00049094FEA481799F81C30013B012B75D80D
:10A7D0000A992AF07F4AA1EB0A0222F07F4323F074
:10A7E0000103002B40F0BD8008EB4802224407EB38
:10A7F0000B03907804EB43030421202819774FEAD8
:10A800004803C1B200F09681394404EB410181F85C
:10A810001DB0434423445F4404EB470783F802B070
:10A8200020237B7700230593012726B1002140F2E6
:10A830005C50AFF300806D4B0BB1AFF30080EFF3D2
:10A840001088C14672B6A379002B8AD1684B0BEBF6
:10A850004B0C03EBCC0C0AAB0FCB0CF1080C8CE8C7
:10A860000F008FB1039B002B00F0EA80059B23B102
:10A87000604B1B78202B00F06081637CDB4303F08E
:10A8800001036374FF23A371B8F1000F04D1564B89
:10A890000BB1AFF3008062B626B1002140F29350B5
:10A8A000AFF30080002F4AD126B1002140F29F5023
:10A8B000AFF3008038460FB0BDE8F08F0027B4E753
:10A8C0004D4B05F1010A0AF0010A03EB851E03EB6B
:10A8D0008A1CBEE80F00ACE80F00BEE80F00ACE831
:10A8E0000F00BEE80F00ACE80F009EE80F002DB28D
:10A8F0008CE80F00D0460FFA8AF726B100214FF4FA
:10A900007370AFF3008005EB450507EB470763194C
:10A91000625B9B78E2532744BB7056B100214FF431
:10A920007470AFF3008026B1002140F24550AFF3C0
:10A930000080A379002B7FF414AF554629E7637C90
:10A9400003EB43031C446378202BADD026B10021D8
:10A9500040F29A50AFF30080284B187801F09EF82F
:10A96000A2E722F07F42B2F5000F3FF63DAF0C9B0D
:10A970005B18A3EB0A0323F07F43B3F5000F3FF608
:10A9800033AF0DF127030DF1260229460AA8FFF780
:10A9900063F9059000285AD108EB480222440423A9
:10A9A000907889F81C304FEA48032028C1B243440C
:10A9B00018BFC91923445F4404EB470718BF04EBD1
:10A9C000410183F802B04FF0200314BF81F81DB09D
:10A9D00082F801B07B77012727E700BF00ED00E098
:10A9E00000000000001B002000000000000000002C
:10A9F000A8170020A81A00201C1B0020D81A00202D
:10AA0000103B59B20029C0F28D8001F1604101F57F
:10AA1000614191F800335B090393002B7FF490AE02
:10AA2000704B1B78202B00F0D280049B1B78039383
:10AA3000002B3FF48AAE40F22751702000F044FE14
:10AA4000FF23A371B8F1000F7FF426AF1FE79DF835
:10AA500026C09DF827E0F44518D1BCF1200F00F086
:10AA60009E8007EB0C0304EB43035B7F89F81D30EA
:10AA7000BC4404EB4C0C00228CF81DB05F4404EB8A
:10AA80004703059F059203221A77CEE6BEF1200FF9
:10AA900000F0A28007EB0E0304EB4303BCF1200F90
:10AAA000597F00F0878007EB0C0204EB42024FEA6B
:10AAB0004803507F069051774FF0050A3A1804EB8F
:10AAC000420201468E45814682F81CA0507FF5D196
:10AAD00003EB08022244079192F802A0BAF1200F7A
:10AAE0005FFA8AFE63D0BE4404EB4E0E069A8EF8DF
:10AAF0001D2003EB08022244079982F80290394492
:10AB000007EB0B024FF0200E04EB410104EB420275
:10AB1000F44581F81DE05077AAD14344059A04F822
:10AB200003B0ABE703F00F03043B13441B7E5B0948
:10AB3000039372E782F801B06BE629460220FFF723
:10AB400085FA00287FF499AE637C03EB4300204430
:10AB50000BEB431204EB420285780421DFB211773C
:10AB60005A015B00202DE9B23B4418BF89182344E9
:10AB70005A4418BF04EB410104EB420283F802B0CF
:10AB80004FF0200318BF81F81DB0059F08BF80F863
:10AB900001B05377B8F1000F7FF47EAE77E608EB93
:10ABA0004803E35C89F81D304FEA4803B5E706998E
:10ABB00051709EE708EB48024FEA4803A05C0690FC
:10ABC000A15479E740F22B51702000F07DFD40F256
:10ABD0002451702000F078FD40F2CB11702000F07D
:10ABE00073FD00BFA81A00202DE9F84F734CDFF861
:10ABF000D08105464FF0010A04F11C0BB8F1000F9B
:10AC000004D0002140F2B150AFF30080BAF1000F40
:10AC100004D16C4B0BB1AFF3008062B64FF0000370
:10AC2000A371B8F1000F04D0002140F2B650AFF389
:10AC30000080667C0BEB861EBEE80F0006F1010962
:10AC400009F001070BEB871CACE80F00BEE80F0012
:10AC5000ACE80F00BEE80F00ACE80F009EE80F0064
:10AC6000B9468CE80F00B8F1000F04D000214FF472
:10AC70007370AFF3008006EB460607EB4707A31996
:10AC8000A25B9B78E2532744BB70B8F1000F04D05D
:10AC900000214FF47470AFF30080A37903F0FF013B
:10ACA000002B7CD1B8F1000F03D04FF4B860AFF3A4
:10ACB000008005EB491304EB43034FEA49161A7F62
:10ACC000032A6AD109EB4902A75CBD4271D0202F4B
:10ACD00063D03B4601E0202B5FD0F21804EB420228
:10ACE0001946537F9D42F6D1202D56D07319314419
:10ACF00004EB430304EB41015B7F4B77B8F1000F9A
:10AD00000CD0002140F23E30AFF30080B8F1000FCC
:10AD100004D0002140F2C550AFF300802E4404EB74
:10AD2000460601233377B8F1000F04D0002140F22A
:10AD3000CE50AFF30080244B0BB1AFF30080EFF3A4
:10AD4000108A72B6A379002B7FF458AFBD4203D1AD
:10AD50001E4B1B78202B1AD0637CDB4303F00103CE
:10AD60006374FF23A3710124BAF1000F04D1154BC2
:10AD70000BB1AFF3008062B6B8F1000F04D0002130
:10AD80004FF4BE60AFF300802046BDE8F88F49461F
:10AD90000220FFF75BF90028DED10024E4E7B8F1D8
:10ADA000000F3FF433AF002140F2BC50AFF30080FE
:10ADB00024E7202DF1D05B7FA3549FE7001B0020E8
:10ADC000000000000000000000000000A81A0020A1
:10ADD00070B586B007280DD8DFE800F0310C0C0CF8
:10ADE0000C1D040E5F4B4FF080419A690123C1F89E
:10ADF0000835136006B070BD5B4B5C4A1B7803EBF3
:10AE0000430302EBC30052F833304068042106B01C
:10AE1000BDE870401847534C237C002B48D0D4E940
:10AE20000223B3F1FF3F08BFB2F1FF3F00F084807F
:10AE30000120FEF78FFB0023237406B070BD494C40
:10AE4000D4E90223B3F1FF3F08BFB2F1FF3F55D071
:10AE5000454E0120FEF77EFB3378202B55D0444D24
:10AE60006A7F012A3BD0FDF73DFD0346002835D11E
:10AE700094F89C200132D2B2312A84F89C206CD8FC
:10AE80004FF47A7230786946CDE90032CDE9023369
:10AE9000CDE90433FFF746FC002859D095F820404F
:10AEA000012385F82030FFF7A9F985F82040A1E7B4
:10AEB0002D4B2E4A1B782E4903EB43034FF0FF34F2
:10AEC0004FF0FF35C1E9024502EBC30152F83330C0
:10AED0004868052106B0BDE8704018473378234A1A
:10AEE00003EB430302EBC30052F833304068002108
:10AEF00084F89C1006B0BDE87040184703F0F3FBDF
:10AF000003F017FCC4E90201A2E7637C03EB4301F1
:10AF1000DAB2635C202B16D003EB421204EB420240
:10AF2000507F6054FF21A171114D337002211177C0
:10AF3000002285F8202093E703F0D5FB03F0F9FB0E
:10AF4000C4E9020174E740F24221702000F0BCFB2A
:10AF500040F21961702000F0B7FB40F215617020DB
:10AF600000F0B2FB001B0020A81A0020A817002048
:10AF7000B01A002070B5224B1A78202A86B035D03E
:10AF8000204CD4E90213B3F1FF3F08BFB1F1FF3FFA
:10AF900031D11D4E02EB420206EBC2060546D6E950
:10AFA0000201FDF74FFF337D00225B19524101334F
:10AFB00042F10002181842EB01010DF10B0204AB43
:10AFC000009203AAFDF7A0FF9DF80B20DDE9041312
:10AFD0000F2A94BF00220122521843F100030520DA
:10AFE000C4E90223FEF744FA06B070BD40F2AF7127
:10AFF000702000F069FB4FF4F661702000F064FBF4
:10B00000A81A0020B01A0020A8170020FEF72CB9BB
:10B0100038B5254B93F800E0BEF1200F3FD0234D0B
:10B020006B7C95F811C003EB43035FFA8CFCEB5C7F
:10B03000202B25D01E4C4FEA4C1C05E0634405EB49
:10B0400043035B7F202B1BD003EB430204EBC202C4
:10B05000917D8142F2D80EEB4E0E04EBCE04D4E982
:10B060000213206940189168D26843F10003C41CA0
:10B0700043F10003A14272EB030304D2002038BD68
:10B080004FF0FF3038BD0B4B081A03381C68FDF732
:10B09000CBFE04F132038342F0D8001B38BD40F2EE
:10B0A000E471702000F010FBA81A0020001B0020A3
:10B0B000A8170020B01A00202DE9F04F8C4B1D7806
:10B0C00087B0202D019000F00D81DFF82892DFF885
:10B0D000288299F8113003EB43030646D8F80000A4
:10B0E00019F80340D8F8103003930DF11302D8F883
:10B0F000183002938B46304405A9FDF7D9FE7F4BEB
:10B10000A6F132029A426AD8DFF8F4A1059BD8F87A
:10B11000146005EB45050AEBC505A8681B182869EE
:10B12000D8F810501818401B20F07F43B3F5000FDB
:10B1300055D899F81120C8F81800202C88F81EB0AE
:10B14000D2B200F0C2805201DC462021934604EBCB
:10B15000440240190AEBC20246F1000ED2E9026332
:10B16000864273EB0E034FEA440746D3537D012B0F
:10B1700003D098F81D30012B35D005200091FEF743
:10B180001DF9009999F811004FF0FF324FF0FF338D
:10B190002029C8E90223C0B240F0958000EB4000AE
:10B1A000202419F80030524A99F81110127802EB55
:10B1B000411209EB42025377D8F80030019A134448
:10B1C000C8F80030FF2389F80630202C35D04D4BCD
:10B1D000187800F063FC002007B0BDE8F08F012074
:10B1E00007B0BDE8F08F009103F083FA751B0130C2
:10B1F00085420099C1DA98F81EC027440AEBC707B8
:10B20000BB7D63450DD90BEB040309EB43035B7F67
:10B21000202B16D02146D8E90456D8F818001C4631
:10B2200095E7DDE90231D8F810205B189B1A02205F
:10B23000C8F8183007B0BDE8F08F002007B0BDE8AF
:10B24000F08F0520FEF7BAF84FF0FF324FF0FF33D2
:10B2500099F81100C8E90223C0B204EB401309EBCE
:10B26000430346005A7F00EB4003410119F803A055
:10B2700009F803204FF0050C5346CF1809EB470798
:10B280001A4694421D4687F81CC07B7FF5D13718BB
:10B290004F440A4497F802E0BEF1200F5FFA8EFC9B
:10B2A00018BF8C44304418BF09EB4C0C09EB420228
:10B2B00048444FF0200114BF8CF81DA087F801A06E
:10B2C000857051776FE70C46C7E70520FEF776F8E3
:10B2D00099F811004FF0FF324FF0FF33C8E9022315
:10B2E000C0B25BE740F60D01702000F0EDF900BF41
:10B2F000A81A0020001B0020B01A0020CE3F420FE9
:10B30000A8170020D81A00202DE9F84F9A4C637C2A
:10B3100000EB431304EB43031B7F002B00F027815A
:10B32000677CDFF858820546FFB2B8F1000F04D001
:10B33000002140F64C00AFF300807E0105EB47177B
:10B3400004EB4707B8F1000F40F0D980771904EB00
:10B3500047073B7F012B08D0043B022B40F2C580FE
:10B3600003F013FA3B7F012BF6D1DFF814A24FF064
:10B37000010BB8F1000F04D0002140F66300AFF3D9
:10B380000080BBF1000F04D17E4B0BB1AFF3008006
:10B3900062B64FF00003A371B8F1000F04D0002192
:10B3A00040F66800AFF30080667C0AEB861EBEE8BC
:10B3B0000F0006F1010909F001070AEB871CACE850
:10B3C0000F00BEE80F00ACE80F00BEE80F00ACE8CD
:10B3D0000F009EE80F00B9468CE80F00B8F1000F8F
:10B3E00004D000214FF47370AFF3008006EB4606E3
:10B3F00007EB4707A319A25B9B78E2532744BB7076
:10B40000B8F1000F04D000214FF47470AFF3008046
:10B41000A37903F0FF01002B40F08580B8F1000F05
:10B4200003D040F67200AFF3008009EB49032344D8
:10B430004FEA490B5E78B54200F08F80202E2CD069
:10B440004FEA491101E0202E27D08B1904EB43036A
:10B45000324637465E7FB542F5D1202D1DD00A44D5
:10B46000294404EB410104EB42024B7F5377B8F1CE
:10B47000000F04D0002140F23630AFF300800BEB18
:10B48000090323449B789E425AD0B8F1000F0CD098
:10B49000002140F23E30AFF30080B8F1000F04D03D
:10B4A000002140F67600AFF30080374B0BB1AFF3CD
:10B4B0000080EFF310839B4672B6A279002A7FF4D6
:10B4C00058AF84F81190FF22A27123B92D4B0BB114
:10B4D000AFF3008062B6B8F1000F04D0002140F64F
:10B4E0008800AFF30080BDE8F88F731904EB4303C5
:10B4F0000122DFF88CA01A774FF0010B39E73B7F70
:10B50000012B3FF432AF043B022B16D9002140F649
:10B510005800AFF3008003F038F9002140F65C00DA
:10B52000AFF300800EE7B8F1000F3FF42AAF00211F
:10B5300040F66E00AFF300801BE701233B77ECE79A
:10B54000B8F1000F04D0002140F23930AFF3008091
:10B550000BEB090323449F7097E7202D9DD005EB4B
:10B56000491204EB42022027527F5A707FE740F6CF
:10B570004301702000F0A8F8001B0020000000002C
:10B580001C1B00200000000000000000BFF34F8FD4
:10B590000549064BCA6802F4E0621343CB60BFF36F
:10B5A0004F8F00BFFDE700BF00ED00E00400FA058B
:10B5B000094B01225A604FF0FF32C3F80823074BB2
:10B5C0004FF48042C3F88020BFF34F8FBFF36F8FDB
:10B5D000C3F88021704700BF00E0004000E100E0B8
:10B5E000094B01225A604FF0FF32C3F80823074B82
:10B5F0004FF48052C3F88020BFF34F8FBFF36F8F9B
:10B60000C3F88021704700BF00C0004000E100E0A7
:10B61000084B0022C3F8FC2F0122C3F8FC2F064B75
:10B620000222C3F88020BFF34F8FBFF36F8FC3F8A0
:10B63000802170470010004000E100E0F8B51B4E8B
:10B64000337805460C4617466BBB00F06BFAFDF7E6
:10B65000F7F8174B7760002D08BF1D462846347257
:10B66000FFF7D6FFFFF7BCFFFFF7A2FF03F043F899
:10B670000546B0B9FEF78AFD03F03FF803F046F83F
:10B68000002C0CDB04F01F026409A40004F16044E8
:10B6900004F5614401239340C4F880312360012301
:10B6A00033702846F8BD4FF0FF35FAE7A01B0020A5
:10B6B0007662030008B572B6024B5B6803B1984727
:10B6C000FFF764FFA01B00201FB572B6134B5D6827
:10B6D0008DB9FFF75BFFB2FBF6F2DCB20133002A53
:10B6E000F9D104F110036B4403F80C2C0A2234B98D
:10B6F00001A8A847EDE7024600230A26EDE7631EEE
:10B7000004AEDCB256FA83F3B0FBF2F602FB16008D
:10B71000303003F80C0C3046E9E700BFA01B0020D6
:10B72000074B93F90830002B09DB5A09012103F07C
:10B730001F0301FA03F34032024941F822307047F7
:10B74000A01B002000E100E0014B1878704700BF0B
:10B75000A01B00202DE9F84FDFF8C4A0314C324D7A
:10B76000DFF8C890074601269AF800805FFA88F84B
:10B77000FF238AF80030B8F1000F01D08AF80130B9
:10B78000EFF3108272B600236660C4F80031C4F88B
:10B790000431C4F8047526603AB962B605E0D4F8FD
:10B7A000043133B92B69DB0620D4D4F80031002BE7
:10B7B000F5D0D4F80431002BE2D1B8F1000F13D149
:10B7C0009AF80130DBB28AF8018003214FF48042FD
:10B7D000C4F80813C4F80481C4F80081C9F88021B2
:10B7E0008AF80080002BBFD1BDE8F88F4FF480436A
:10B7F000C9F88031EFF3108B72B60323C4F8043319
:10B80000D4F8003113B9D4F804311BB1BBF1000FE7
:10B81000CBD1C2E702F0B9FFBBF1000FC5D1BCE745
:10B82000AC1B002000E0004000ED00E000E100E083
:10B8300070B51646DA078CB01D4686468C4640F138
:10B84000A280C37B8DF80030837B8DF80130437B71
:10B850008DF80230037B8DF80330C37A8DF8043005
:10B86000837A8DF80530437A8DF80630037A8DF8A7
:10B870000730C3798DF8083083798DF80930437922
:10B880008DF80A3003798DF80B30C3788DF80C30C1
:10B89000837842788DF80D3003788DF80F308DF86D
:10B8A0000E20CA7B8B7B8DF810208DF811304A7BDF
:10B8B0000B7B8DF812208DF81330CA7A8B7A8DF8B5
:10B8C00014208DF815304A7A0B7A8DF816208DF8F1
:10B8D0001730CA798B798DF818208DF819304A798C
:10B8E0000B798DF81A208DF81B30CA788B788DF87B
:10B8F0001C208DF81D304A780B788DF81E208DF8AD
:10B900001F306C462046FFF725FFAB0731D59DF869
:10B910002F009DF82E109DF82D209DF82C303070B2
:10B9200071709DF82B009DF82A10B270F3709DF88D
:10B9300029209DF82830307171719DF827009DF8FD
:10B940002610B271F3719DF825209DF824303072D5
:10B9500071729DF823009DF82210B272F3729DF867
:10B9600021209DF8203030737173B273F3730CB0E3
:10B9700070BD0DF1200CBCE80F0030607160B2604A
:10B98000F3600CB070BDDEF80410DEF80820DEF8BD
:10B990000C3000686C46A646AEE80F00DCF80000EC
:10B9A000DCF80410DCF80820DCF80C30AEE80F00FE
:10B9B000A8E700BF10B5002482B0CDE90044FFF72E
:10B9C00037FF02B010BD00BF1B4B4FF4805270B563
:10B9D000C3F88020BFF34F8FBFF36F8F174D184C04
:10B9E0000021C5F80011C3F880212669236943F0BE
:10B9F000100323610123C5F8043306F010062B6001
:10BA0000D5F80031A3B11EB9236923F010032361D7
:10BA10000A4B0122D3F808055A60C3F80823002214
:10BA2000C3F80021044B4FF48052C3F8802170BD4D
:10BA300002F0ABFEE4E700BF00E100E000C0004020
:10BA400000ED00E038B50C49024605200138C0B2CF
:10BA5000FF2803D148216920FFF736FE01EBC00320
:10BA60001D7905F0FF04002DF0D141F830200122AE
:10BA70005C719C711A7138BDB01B0020042808B598
:10BA800003D94F216920FFF71FFE034B03EBC000D2
:10BA90000023037108BD00BFB01B0020042808B5B7
:10BAA00003D958216920FFF70FFE094B03EBC000B3
:10BAB0000379012B01D05921F4E7437982790133CD
:10BAC000DBB29A4218BF4371BDE80840FFF728BEB9
:10BAD000B01B002070B5124C06250026013D15F064
:10BAE000FF0500D170BD94F8281004EBC1031A794A
:10BAF000012A09D158799A79904205D05A79D2B25F
:10BB00009A7154F83130984794F828300133DBB2F9
:10BB1000042B94BF84F8283084F82860DEE700BF47
:10BB2000B01B00204FF08052034BD2F83011196047
:10BB3000D2F834215A607047DC1B0020034B186890
:10BB4000A0F10F0358425841704700BFDC1B002092
:10BB5000034B1868A0F10A0358425841704700BFD0
:10BB6000DC1B0020034B1868A0F10E03584258411B
:10BB7000704700BFDC1B0020034B1868A0F11003C6
:10BB800058425841704700BFDC1B0020044B186826
:10BB9000062803D0431C5842584170470120704783
:10BBA000DC1B0020034B1868A0F10D0358425841DC
:10BBB000704700BFDC1B0020034B1868A0F108038E
:10BBC00058425841704700BFDC1B002008B5FFF702
:10BBD000BFFF20B1024B5868B0FA80F0400908BDA1
:10BBE000DC1B002008B5FFF7D1FF38B1044B5868C3
:10BBF000063810F1080F94BF0020012008BD00BFD7
:10BC0000DC1B002008B5FFF7C1FF38B1044B5868B2
:10BC1000063810F1080F8CBF0020012008BD00BFBE
:10BC2000DC1B002008B5FFF789FF70B9FFF790FF14
:10BC300058B9FFF797FF40B9FFF7A8FF044A054B33
:10BC4000002808BF1346184608BD024BFBE700BF9B
:10BC500000E701400C05004008B5FFF797FF08B367
:10BC6000EFF3108072B6104A1369116941F01001A8
:10BC70001161A2F5406203F01003D2F80011D2F86E
:10BC800004210A4300D040BF20BF00BF00BF00BF57
:10BC900000BF23B9044A136923F01003136100B9EC
:10BCA00062B608BD20BFFCE700ED00E0914270B530
:10BCB0003BD2B2FA82F33BB1C3F1200420FA04F480
:10BCC0009940214398409A40160CB1FBF6FC06FBC4
:10BCD0001C1424041FFA82FE030C85B204EB1040EE
:10BCE0000CFB0EF4844206D9201A90428CBF02202D
:10BCF0000120ACEB000C03EB01410CFB1211B1FB7A
:10BD0000F6F006FB101105EB014100FB0EFE8E451F
:10BD10004FEA0C4C06D9AEEB010E96458CBF0222C1
:10BD20000122801A40EA0C0070BD73219620FFF7B3
:10BD3000CBFC00BF70B51D4604461646FFF7B6FFA4
:10BD4000049B286000FB16441C6070BD10B5441AAB
:10BD500094422BD34AB34B1CC31A022B31D9531E26
:10BD6000072B2ED922F003048C4686460C445CF83F
:10BD7000043B4EF8043BA445F9D122F003039A4258
:10BD800002F0030400EB030C01EB030E0DD0CA5CC0
:10BD9000C254012C09D09EF801308CF80130022CDD
:10BDA00003D09EF802308CF8023010BD002AFCD07F
:10BDB0008B18024413F801CD02F801CD8B42F9D162
:10BDC00010BD4B1E0244014613F8014F01F8014B10
:10BDD0009142F9D110BD00BF81EA00039B072DE914
:10BDE000F0415DD187075FD0002A57D0034601E0BC
:10BDF000002A53D011F801CB03F801CB9E0702F1C2
:10BE0000FF32F5D1032A28D941EA0305141F6D0733
:10BE10004FEA940E4AD12B2C48D90EF101084FEA73
:10BE2000580C03EBCC0CA1F108051C46F5E90267A0
:10BE3000E4E802676445F9D118F0010F28F0010425
:10BE400003D051F8245043F824500EF1010402F0BD
:10BE5000030203EB840301EB8401FAB1541E022CAC
:10BE600020D922F003058C460D449E465CF8044B15
:10BE70004EF8044BAC45F9D122F00304A24223440E
:10BE8000214402F0030509D00A781A70012D05D06B
:10BE90004A785A70022D1CBF8A789A70BDE8F081EA
:10BEA0000346DAE71546EFE70346ABE70EF1010775
:10BEB00001EB87071D1F0C4654F8046B45F8046F0F
:10BEC000BC42F9D1C1E700BF2DE9F04184075FFA18
:10BED00081FE5FD0002A59D0034601E0002A55D0E8
:10BEE00003F801EB990702F1FF32F7D14EEA0E2475
:10BEF000032A44EA04443ED9151FAE08172D06F163
:10BF00000106C3F3800147D99846002940D048F87C
:10BF1000044B771A03EB810C79080CEBC101CCE9D7
:10BF200000440CF1080C6145F9D127F0010C08EB35
:10BF30008C016745CCEB8C7805EB880517D02F1F5B
:10BF4000032F0C6013D9A5F10807032F4C600ED9FD
:10BF5000A5F10C07032F8C6009D9A5F11007032F59
:10BF6000CC6004D9143D032D0C6188BF4C6102F0F4
:10BF7000030203EB86034AB1013A83F800E005D0DF
:10BF8000012A83F801E018BF83F802E0BDE8F081E0
:10BF90001546BEE70346A9E719461546CFE700BF99
:10BFA00081F0004102E000BF83F0004330B54FEA6A
:10BFB00041044FEA430594EA050F08BF90EA020FD7
:10BFC0001FBF54EA000C55EA020C7FEA645C7FEA6A
:10BFD000655C00F0E2804FEA5454D4EB5555B8BF8D
:10BFE0006D420CDD2C4480EA020281EA030382EAFE
:10BFF000000083EA010180EA020281EA0303362D90
:10C0000088BF30BD11F0004F4FEA01314FF4801C62
:10C010004CEA113102D0404261EB410113F0004F74
:10C020004FEA03334CEA133302D0524263EB43032B
:10C0300094EA050F00F0A780A4F10104D5F1200EC9
:10C040000DDB02FA0EFC22FA05F2801841F1000124
:10C0500003FA0EF2801843FA05F359410EE0A5F1F8
:10C0600020050EF1200E012A03FA0EFC28BF4CF029
:10C07000020C43FA05F3C01851EBE37101F00045DF
:10C0800007D54FF0000EDCF1000C7EEB00006EEBEC
:10C090000101B1F5801F1BD3B1F5001F0CD3490876
:10C0A0005FEA30004FEA3C0C04F101044FEA4452CD
:10C0B00012F5800F80F09A80BCF1004F08BF5FEA54
:10C0C000500C50F1000041EB045141EA050130BD34
:10C0D0005FEA4C0C404141EB0101013C28BFB1F546
:10C0E000801FE9D291F0000F04BF01460020B1FA91
:10C0F00081F308BF2033A3F10B03B3F120020CDA64
:10C100000C3208DD02F1140CC2F10C0201FA0CF041
:10C1100021FA02F10CE002F11402D8BFC2F1200CA6
:10C1200001FA02F120FA0CFCDCBF41EA0C0190405C
:10C13000E41AA2BF01EB0451294330BD6FEA0404A5
:10C140001F3C1CDA0C340EDC04F11404C4F1200290
:10C1500020FA04F001FA02F340EA030021FA04F3A2
:10C1600045EA030130BDC4F10C04C4F1200220FAF9
:10C1700002F001FA04F340EA0300294630BD21FA37
:10C1800004F0294630BD94F0000F83F4801306BFFD
:10C1900081F480110134013D4EE77FEA645C18BFF1
:10C1A0007FEA655C29D094EA050F08BF90EA020F88
:10C1B00005D054EA000C04BF1946104630BD91EA80
:10C1C000030F1EBF0021002030BD5FEA545C05D183
:10C1D0004000494128BF41F0004130BD14F58004C2
:10C1E0003CBF01F5801130BD01F0004545F0FE4136
:10C1F00041F470014FF0000030BD7FEA645C1ABF6B
:10C20000194610467FEA655C1CBF0B46024650EAA1
:10C21000013406BF52EA033591EA030F41F40021CD
:10C2200030BD00BF90F0000F04BF0021704730B553
:10C230004FF4806404F132044FF000054FF0000128
:10C2400050E700BF90F0000F04BF0021704730B5E9
:10C250004FF4806404F1320410F0004548BF4042BE
:10C260004FF000013EE700BF42004FEAE2014FEA13
:10C2700031014FEA02701FBF12F07F4393F07F4FEE
:10C2800081F06051704732F07F4208BF704793F0F1
:10C290007F4F04BF41F40021704730B54FF4607404
:10C2A00001F0004521F000411CE700BF50EA010207
:10C2B00008BF704730B54FF000050AE050EA0102B0
:10C2C00008BF704730B511F0004502D5404261EB20
:10C2D00041014FF4806404F132045FEA915C3FF461
:10C2E000D8AE4FF003025FEADC0C18BF03325FEAFE
:10C2F000DC0C18BF033202EBDC02C2F1200300FAAF
:10C3000003FC20FA02F001FA03FE40EA0E0021FAD3
:10C3100002F11444BDE600BF70B54FF0FF0C4CF4C1
:10C32000E06C1CEA11541DBF1CEA135594EA0C0F73
:10C3300095EA0C0F00F0DEF82C4481EA030621EAAE
:10C340004C5123EA4C5350EA013518BF52EA0335E9
:10C3500041F4801143F4801338D0A0FB02CE4FF09B
:10C360000005E1FB02E506F00042E0FB03E54FF0CB
:10C370000006E1FB03569CF0000F18BF4EF0010EC3
:10C38000A4F1FF04B6F5007F64F5407404D25FEABF
:10C390004E0E6D4146EB060642EAC62141EA555172
:10C3A0004FEAC52040EA5E504FEACE2EB4F1FD0CB4
:10C3B00088BFBCF5E06F1ED8BEF1004F08BF5FEA32
:10C3C000500E50F1000041EB045170BD06F00046E4
:10C3D00046EA010140EA020081EA0301B4EB5C0491
:10C3E000C2BFD4EB0C0541EA045170BD41F4801189
:10C3F0004FF0000E013C00F3AB8014F1360FDEBFAE
:10C40000002001F0004170BDC4F10004203C35DA89
:10C410000C341BDC04F11404C4F1200500FA05F30C
:10C4200020FA04F001FA05F240EA020001F00042AD
:10C4300021F0004110EBD37021FA04F642EB060123
:10C440005EEA430E08BF20EAD37070BDC4F10C044D
:10C45000C4F1200500FA04F320FA05F001FA04F211
:10C4600040EA020001F0004110EBD37041F10001FD
:10C470005EEA430E08BF20EAD37070BDC4F1200508
:10C4800000FA05F24EEA020E20FA04F301FA05F270
:10C4900043EA020321FA04F001F0004121FA04F218
:10C4A00020EA020000EBD3705EEA430E08BF20EAE8
:10C4B000D37070BD94F0000F0FD101F00046400022
:10C4C00041EB010111F4801F08BF013CF7D041EAA4
:10C4D000060195F0000F18BF704703F000465200A8
:10C4E00043EB030313F4801F08BF013DF7D043EA79
:10C4F0000603704794EA0C0F0CEA135518BF95EA2F
:10C500000C0F0CD050EA410618BF52EA4306D1D1B5
:10C5100081EA030101F000414FF0000070BD50EAD4
:10C52000410606BF1046194652EA430619D094EA5E
:10C530000C0F02D150EA013613D195EA0C0F05D148
:10C5400052EA03361CBF104619460AD181EA03019C
:10C5500001F0004141F0FE4141F470014FF0000054
:10C5600070BD41F0FE4141F4780170BD70B54FF0EF
:10C57000FF0C4CF4E06C1CEA11541DBF1CEA13556F
:10C5800094EA0C0F95EA0C0F00F0A7F8A4EB050451
:10C5900081EA030E52EA03354FEA013100F0888048
:10C5A0004FEA03334FF0805545EA131343EA126311
:10C5B0004FEA022245EA111545EA10654FEA0026C6
:10C5C0000EF000419D4208BF964244F1FD0404F57F
:10C5D000407402D25B084FEA3202B61A65EB0305DB
:10C5E0005B084FEA32024FF480104FF4002CB6EB98
:10C5F000020E75EB030E22BFB61A754640EA0C0018
:10C600005B084FEA3202B6EB020E75EB030E22BF57
:10C61000B61A754640EA5C005B084FEA3202B6EB98
:10C62000020E75EB030E22BFB61A754640EA9C0057
:10C630005B084FEA3202B6EB020E75EB030E22BF27
:10C64000B61A754640EADC0055EA060E18D04FEAE5
:10C65000051545EA16754FEA06164FEAC30343EA85
:10C6600052734FEAC2025FEA1C1CC0D111F4801F52
:10C670000BD141EA00014FF000004FF0004CB6E74B
:10C6800011F4801F04BF01430020B4F1FD0C88BFEA
:10C69000BCF5E06F3FF6AFAEB5EB030C04BFB6EBF5
:10C6A000020C5FEA500C50F1000041EB045170BDE8
:10C6B0000EF0004E4EEA113114EB5C04C2BFD4EB15
:10C6C0000C0541EA045170BD41F480114FF0000E99
:10C6D000013C90E645EA060E8DE60CEA135594EA15
:10C6E0000C0F08BF95EA0C0F3FF43BAF94EA0C0F18
:10C6F0000AD150EA01347FF434AF95EA0C0F7FF48D
:10C7000025AF104619462CE795EA0C0F06D152EAE0
:10C7100003353FF4FDAE1046194622E750EA4106C4
:10C7200018BF52EA43067FF4C5AE50EA41047FF4D5
:10C730000DAF52EA43057FF4EBAE12E74FF0FF3C3A
:10C7400006E000BF4FF0010C02E000BF4FF0010C0B
:10C750004DF804CD4FEA410C7FEA6C5C4FEA430C84
:10C7600018BF7FEA6C5C1BD001B050EA410C0CBFD3
:10C7700052EA430C91EA030F02BF90EA020F002035
:10C78000704710F1000F91EA030F58BF994208BF9C
:10C7900090422CBFD8176FEAE37040F00100704759
:10C7A0004FEA410C7FEA6C5C02D150EA013C07D1B0
:10C7B0004FEA430C7FEA6C5CD6D152EA033CD3D0FB
:10C7C0005DF8040B704700BF8446104662468C46F5
:10C7D0001946634600E000BF01B5FFF7B7FF002828
:10C7E00048BF10F1000F01BD4DF808EDFFF7F4FF51
:10C7F0000CBF012000205DF808FB00BF4DF808EDDC
:10C80000FFF7EAFF34BF012000205DF808FB00BFFE
:10C810004DF808EDFFF7E0FF94BF012000205DF820
:10C8200008FB00BF4DF808EDFFF7CEFF94BF0120D5
:10C8300000205DF808FB00BF4DF808EDFFF7C4FFCE
:10C8400034BF012000205DF808FB00BF4FEA410C17
:10C850007FEA6C5C02D150EA013C0AD14FEA430CFA
:10C860007FEA6C5C02D152EA033C02D14FF0000037
:10C8700070474FF0010070474FEA410212F5001275
:10C8800015D211D56FF47873B3EB625212D94FEA17
:10C89000C12343F0004343EA505311F0004F23FA01
:10C8A00002F018BF404270474FF00000704750EA56
:10C8B000013005D111F0004008BF6FF00040704713
:10C8C0004FF00000704700BF4A0011D212F500126D
:10C8D00011D20DD56FF47873B3EB62520ED44FEAD8
:10C8E000C12343F0004343EA505323FA02F0704758
:10C8F0004FF00000704750EA013002D14FF0FF3096
:10C9000070474FF0000070474FEA4102B2F1E04338
:10C9100024BFB3F5001CDCF1FE5C0DD901F0004C26
:10C920004FEAC0024CEA5070B2F1004F40EB830076
:10C9300008BF20F00100704711F0804F21D113F1A2
:10C940003872BCBF01F00040704741F480114FEADB
:10C950005252C2F11802C2F1200C10FA0CF320FA64
:10C9600002F018BF40F001004FEAC1234FEAD32381
:10C9700003FA0CFC40EA0C0023FA02F34FEA4303EB
:10C98000CCE77FEA625307D150EA01331EBF4FF074
:10C99000FE4040F44000704701F0004040F0FE408F
:10C9A00040F40000704700BF80F0004002E000BF8C
:10C9B00081F0004142001FBF5FEA410392EA030F8A
:10C9C0007FEA226C7FEA236C6AD04FEA1262D2EBD4
:10C9D0001363C1BFD218414048404140B8BF5B42D9
:10C9E000192B88BF704710F0004F40F4000020F072
:10C9F0007F4018BF404211F0004F41F4000121F088
:10CA00007F4118BF494292EA030F3FD0A2F10102D1
:10CA100041FA03FC10EB0C00C3F1200301FA03F10F
:10CA200000F0004302D5494260EB4000B0F5000F32
:10CA300013D3B0F1807F06D340084FEA310102F1F1
:10CA40000102FE2A51D2B1F1004F40EBC25008BFA3
:10CA500020F0010040EA03007047490040EB00006D
:10CA6000013A28BFB0F5000FEDD2B0FA80FCACF16E
:10CA7000080CB2EB0C0200FA0CF0AABF00EBC2509B
:10CA800052421843BCBFD0401843704792F0000F89
:10CA900081F4000106BF80F400000132013BB5E7DC
:10CAA0004FEA41037FEA226C18BF7FEA236C21D052
:10CAB00092EA030F04D092F0000F08BF08467047B7
:10CAC00090EA010F1CBF0020704712F07F4F04D185
:10CAD000400028BF40F00040704712F100723CBF98
:10CAE00000F50000704700F0004343F0FE4040F4C2
:10CAF000000070477FEA226216BF08467FEA236380
:10CB00000146420206BF5FEA412390EA010F40F46A
:10CB1000800070474FF0000304E000BF10F00043B6
:10CB200048BF40425FEA000C08BF704743F096439D
:10CB300001464FF000001CE050EA010208BF7047B8
:10CB40004FF000030AE000BF50EA010208BF70473F
:10CB500011F0004302D5404261EB41015FEA010C54
:10CB600002BF84460146002043F0B64308BFA3F14C
:10CB70008053A3F50003BCFA8CF2083AA3EBC2532E
:10CB800010DB01FA02FC634400FA02FCC2F120024D
:10CB9000BCF1004F20FA02F243EB020008BF20F084
:10CBA0000100704702F1200201FA02FCC2F12002EA
:10CBB00050EA4C0021FA02F243EB020008BF20EADF
:10CBC000DC7070474FF0FF0C1CEAD0521EBF1CEA0D
:10CBD000D15392EA0C0F93EA0C0F6FD01A4480EAFB
:10CBE000010C400218BF5FEA41211ED04FF00063E4
:10CBF00043EA501043EA5111A0FB01310CF0004010
:10CC0000B1F5000F3EBF490041EAD3715B0040EA35
:10CC1000010062F17F02FD2A1DD8B3F1004F40EB05
:10CC2000C25008BF20F00100704790F0000F0CF0D8
:10CC3000004C08BF49024CEA502040EA51207F3A9C
:10CC4000C2BFD2F1FF0340EAC250704740F4000077
:10CC50004FF00003013A5DDC12F1190FDCBF00F068
:10CC600000407047C2F10002410021FA02F1C2F116
:10CC7000200200FA02FC5FEA310040F1000053EAB2
:10CC80004C0308BF20EADC70704792F0000F00F000
:10CC9000004C02BF400010F4000F013AF9D040EA06
:10CCA0000C0093F0000F01F0004C02BF490011F49A
:10CCB000000F013BF9D041EA0C018FE70CEAD15398
:10CCC00092EA0C0F18BF93EA0C0F0AD030F0004C18
:10CCD00018BF31F0004CD8D180EA010000F00040CC
:10CCE000704790F0000F17BF90F0004F084691F08A
:10CCF000000F91F0004F14D092EA0C0F01D14202C4
:10CD00000FD193EA0C0F03D14B0218BF084608D18C
:10CD100080EA010000F0004040F0FE4040F40000D6
:10CD2000704740F0FE4040F4400070474FF0FF0C69
:10CD30001CEAD0521EBF1CEAD15392EA0C0F93EAB0
:10CD40000C0F69D0A2EB030280EA010C49024FEA02
:10CD5000402037D04FF0805343EA111143EA1013BB
:10CD60000CF000408B4238BF5B0042F17D024FF473
:10CD7000000C8B4224BF5B1A40EA0C00B3EB510F4E
:10CD800024BFA3EB510340EA5C00B3EB910F24BF37
:10CD9000A3EB910340EA9C00B3EBD10F24BFA3EBBC
:10CDA000D10340EADC001B0118BF5FEA1C1CE0D184
:10CDB000FD2A3FF650AF8B4240EBC25008BF20F037
:10CDC000010070470CF0004C4CEA50207F32C2BF8B
:10CDD000D2F1FF0340EAC250704740F400004FF028
:10CDE0000003013A37E792F0000F00F0004C02BF59
:10CDF000400010F4000F013AF9D040EA0C0093F023
:10CE0000000F01F0004C02BF490011F4000F013B7C
:10CE1000F9D041EA0C0195E70CEAD15392EA0C0FE4
:10CE200008D142027FF47DAF93EA0C0F7FF470AF1C
:10CE3000084676E793EA0C0F04D14B023FF44CAF5F
:10CE400008466EE730F0004C18BF31F0004CCAD1F4
:10CE500030F000427FF45CAF31F000437FF43CAF30
:10CE60005FE700BF7BB972B90029BEBF00204FF059
:10CE7000004106E008BF00281CBF6FF000414FF0E2
:10CE8000FF3000F075B8ADF1080C6DE904CE002953
:10CE900009DB002B1ADB01F0A3FCDDF804E0DDE97F
:10CEA000022304B07047404261EB4101002B1BDBC1
:10CEB00001F096FCDDF804E0DDE9022304B0404215
:10CEC00061EB4101524263EB43037047524263EB13
:10CED000430301F085FCDDF804E0DDE9022304B042
:10CEE000404261EB41017047524263EB430301F062
:10CEF00077FCDDF804E0DDE9022304B0524263EB85
:10CF00004303704753B94AB9002908BF00281CBF22
:10CF10004FF0FF314FF0FF3000F02AB8ADF1080CB0
:10CF20006DE904CE01F05CFCDDF804E0DDE90223EC
:10CF300004B07047D0B50C4B002206460F46FFF7F1
:10CF4000EBF9FFF7C1FC0446FFF76CF9074B002231
:10CF5000FFF7E2F902460B4630463946FFF724F860
:10CF6000FFF7B2FC2146D0BD0000F03D0000F041CB
:10CF7000704700BF10F8012B11F8013B012A28BFB0
:10CF80009A42F7D0D01A7047034613F8012B002AB3
:10CF9000FBD1181A0138704710B58B88037043789D
:10CFA00003F0F00343708A88C2F3032213434370F3
:10CFB000CA888270CA8803F0CF03120A4370C27015
:10CFC0000A7A120102F03002134303F03F03437068
:10CFD0004A7A43EA821343700C460968043081425E
:10CFE00005D0E288FB2A28BFFB22FEF7F5FEE08889
:10CFF0000430C0B210BD10B48B880370437803F0C6
:10D00000F00343700A468988C1F303210B43437040
:10D01000D1888170C17801F0C001C170D488C4F397
:10D020000524214303F0CF034370C170147A240117
:10D0300004F03004234303F0BF034370547A43EAFF
:10D04000841301F03F0103F07F034370C170116846
:10D050000430814203D0D28810BCFEF7BDBE10BCA4
:10D06000704770B50B781E2B05460C4623D853B37A
:10D07000013B1D2B27D8DFE813F03F00430047009A
:10D08000F6002600BE00C400CA00D000D600DA00B8
:10D09000DC00EC00F200290026004C0026005000C5
:10D0A000E000E60000010601FA000C01120118017F
:10D0B0001E0131012401822B4FF0FF0200F0078195
:10D0C000832B00F0088140F2322112E00E23B1F8E8
:10D0D00003200B7042F283039A4209D10623637046
:10D0E0006278961C324621462846FEF775FE59E0C6
:10D0F0003121C720F7F7E2FD0C230B700823EEE780
:10D100001A230B700123EAE73E230B700223A3705E
:10D11000E6E73E230B700B23F9E72920F7F7B6FF6C
:10D1200028B13E232370222363702923EFE70A20CE
:10D13000F7F7ACFF3E2305F1080204F108012B705C
:10D1400090B30A23AB70E378EB70A3882B71A388AC
:10D150001B0A6B71A379AB71E379EB71A368AB60C8
:10D160008B889380D4F80E30C5F80E30638A6B82BA
:10D1700063696B61238B2B83638BAB76638B1B0A99
:10D18000EB76A38B2B77A38B1B0A6B77E38BAB77A9
:10D19000E38B1B0AEB7794F8203085F820301F22B0
:10D1A0006A70961C304670BD0123AB70E378EB705B
:10D1B000A3882B71A3881B0A6B71A379AB71E379E8
:10D1C00003F00103EB71A368AB608B889380638BE2
:10D1D000AB73638B1B0AEB73A38B2B74A38B1B0AA0
:10D1E0006B74E38BAB74E38B1B0AEB7494F8203005
:10D1F0002B751322D4E73E230B7004234B701423AA
:10D2000085E73E230B700C234B7004237FE73E23FE
:10D210000B700A234B70032379E73E230B700D2319
:10D220004B70052373E705232370042357E7082376
:10D23000FAE730230B70032351E73E230B700B23D7
:10D240004B70072363E73E230B7006234B700C23C0
:10D250005DE713230B708B789B0001333FE7572367
:10D260000B7002233BE73E230B700D234FE73E2359
:10D270000B7001234B70112349E73E230B700623EB
:10D280004B70122343E73E230B7009234B7013238B
:10D290003DE73E230B7005234B70202337E73E23E9
:10D2A0000B7009234B70212331E7FF230B700B23F5
:10D2B0004B70A2232BE7FF230B7005234B70A32396
:10D2C00025E7FF230B700D234B7080231FE70A70A7
:10D2D0000D2262701BE70A700222FAE7FF23037037
:10D2E00081238370D1F80330C21C03F1280153F865
:10D2F000040B42F8040B8B42F9D1292250E710B5F8
:10D300000C4648B141B1F7F737FE0028207014BF32
:10D3100000206FF0220010BD6FF01500FBE708B58C
:10D32000F7F79AFE002008BD034602221A709A7091
:10D330002D225A7179229A716FF05E02DA716FF0C4
:10D3400037021A726A225A72402200209A726FF0D3
:10D3500048025870D8701871DA72704700F058BFE0
:10D3600038B54FF080530446D3F8A020D3F8A4106A
:10D37000013106D1D3F8A8304FF6FF719BB28B4232
:10D380003ED0D3073CD54FF08055D5F8A420D5F832
:10D39000A830A4F80530C3F3072363F03F03C4F8B3
:10D3A0000120A371D5F89030013323D0D5F8943003
:10D3B00001331FD0D5F8983001331BD0D5F89C30FD
:10D3C000013317D00020F9F77BFD98B9D5F890000C
:10D3D000D5F89410D5F89820D5F89C30C4F81330BF
:10D3E000C4F80700C4F80B10C4F80F200123237001
:10D3F000002038BD10220021E01DFEF765FDF5E795
:10D400000023F4E770B54FF0805510220021044648
:10D41000D5F8A060FEF758FD10220021A018FEF7F5
:10D4200053FDD5F8803001330BD1D5F8843001336A
:10D4300007D1D5F88830013303D1D5F88C300133CA
:10D440000BD0D5F88000D5F88410D5F88820D5F811
:10D450008C30E36120616161A2610020F9F730FD49
:10D4600008B9F3071DD44FF08053D3F89020013250
:10D470000BD1D3F89420013207D1D3F89820013290
:10D4800003D1D3F89C2001320BD0D3F89000D3F80D
:10D490009410D3F89820D3F89C30E360206061604A
:10D4A000A260002070BD10B50446FEF78DFAB0F5FD
:10D4B000007F09DA10F5007F08DD031EB8BF0333D3
:10D4C0009B102370002010BD7F23FAE76FF07E03CE
:10D4D000F7E7012070471FB50023CDF80A30D0F8D8
:10D4E0000230417841F64B5293428BBF40F2E24208
:10D4F0004FF47A72B3FBF2F3B3FBF2F3027898BF06
:10D5000003F5506342EA01229BB2ADF80020ADF86A
:10D510000230ADF80430C279837943EA0223ADF8D2
:10D520000630427A037A684643EA0223ADF80830AF
:10D5300000F0ABFE05B05DF804FB00F0E5BE00783E
:10D54000003818BF012000F09BBEF9F7C3BBF9F704
:10D55000C9BB0120704700F0E0BE00F01EBE00F025
:10D560004CBE08B5F7F78AFD002008BDF9F7BCBA34
:10D5700000F05FBEF9F764BB00F068BE00F0D1BDFB
:10D5800000F0D6BD00F0E2BD00F0F4BD00F02CBE0E
:10D5900000F013BE00F017BE023101444A43B2F559
:10D5A000004FA8BF4FF0FF3290B2173020F00300B9
:10D5B000B0F5004F34BF00B24FF0FF30704770B588
:10D5C000044604F11406A38822899BB29A420846B5
:10D5D000C2F30E050DD021B1A91CE27C3144FEF747
:10D5E000FBFB04F108012046755BF7F773FD284645
:10D5F00070BD0025FBE730B590B18478B1FBF4F342
:10D6000004FB131300EB430252898A4201D1D8B2C2
:10D6100030BDC27822B900F10A03D0B2844201D8E9
:10D62000FF20F5E733F8025BA94202F10102F4D1D1
:10D63000EEE78278038805324B4303EB420318443C
:10D64000704770B50D4609211E46FFF7A5FF32460B
:10D65000044609212846FFF79FFF002C03DB002822
:10D6600001DB204470BD4FF0FF30FBE7D31D23F0FA
:10D67000070370B5083390B110F0070403D05821A8
:10D680002220F7F71BFB0460C280818000F10804B0
:10D690000A464FF6FF75013A92B2AA4203D103FB44
:10D6A00001F0083070BD0668266004601C44F2E793
:10D6B00018B1C2888188FFF7D9BF70470346EFF3DE
:10D6C000108272B6006830B10168196000230370DF
:10D6D00043708370C37002B962B67047EFF3108372
:10D6E00072B602680A60016003B962B67047F7F764
:10D6F000B5BE08B540F2B7213220F7F7DFFA13B50F
:10D700000C4690F8CA2002F0FF03AAB1363800F0A8
:10D7100097FA1823237004238DF8043000238DF822
:10D7200005309DF80430002063F307009DF80530B4
:10D7300063F30F2002B010BD8DF80430EFE708B599
:10D74000F7F7C8FEFAF7C0FCBDE80840F8F718B8CC
:10D7500008B5F7F7BFFEF7F7CBFFFAF7B5FCBDE862
:10D760000840F8F70DB8F7F7D1BF08B5F7F7B2FEE4
:10D77000FAF7AAFC032008BD08B5F7F7ABFEF7F7E8
:10D78000B7FFFAF7A1FC032008BD90F83E0000386F
:10D7900018BF012070472DE9F74F01218046002076
:10D7A000F7F70EFE012105460846F7F709FE044685
:10D7B000284600F096FA95F87830012B03D095F8BA
:10D7C0007830002BF7D154B1204600F08AFA94F853
:10D7D0007830012B03D094F87830002BF7D1F8F78C
:10D7E00047FDCDE90054002C4FF000060CBF4FF070
:10D7F000010B4FF0020BE946374640F2071A59F881
:10D80000044B3F2200212046FEF75EFB0136012338
:10D8100084F8547084F87C7084F85880A4F84AA086
:10D8200084F84C3004F16000F6B200F0A0FDB3457E
:10D83000A766E4D185F8907003B0BDE8F08FF7F7E4
:10D8400065BF90F8403013F0FD0F14BF0120002099
:10D85000F9F736BB11F0FD0F0CBF0123002380F850
:10D860004B3080F85510704710B5D0F8C040944246
:10D870000BD190F840208A4207D1D0F8C4001B6831
:10D880006730C31A5842584110BD0020FCE790F899
:10D8900054305907024605D590F85600431E5842A9
:10D8A0005841704713F00300FBD092F8550000F088
:10D8B000FD00F3E7012910B5044601D1F7F718FF81
:10D8C000002384F8783010BD10B5012104460020F3
:10D8D000F7F776FD20B940F6AB213220F7F7EEF9E5
:10D8E000637880F85430A37880F84030E178FFF70F
:10D8F000B1FF237980F84A3010BD08B500231A46DD
:10D9000019466030F9F788FA00280CBF0C20002077
:10D9100008BD2DE9F04105468CB00C4600200121E0
:10D92000F7F74EFD064620B940F2C1113320F7F754
:10D93000C5F9A03000F0DDF9A5F1080718B196F897
:10D940005430042B18D13046FFF71FFF064698B914
:10D950003846F8F7C7FB8DF8046002238DF80530D0
:10D960009DF80430002063F307009DF8053063F351
:10D970000F200CB0BDE8F08102A905F1230000F0F2
:10D98000C0F8EE7A16F0100604F10D0806D09DF8E6
:10D990001860059932464046FEF71EFAEB7AD80623
:10D9A00001D45321C2E75907AA7A95F80DE004F192
:10D9B000060005F10E0C27D5E97EFE2924D111239E
:10D9C00023701301023363700123E270237184F822
:10D9D00005E0D5F80E30C4F80630BCF8043083807A
:10D9E0002173EB69C4F80D302B8CA8F804302B7E22
:10D9F000E3743846F8F776FB23796FF34613237107
:10DA000004238DF80430A8E706F10A0313FB02F3A0
:10DA10000233032121706370E27084F805E0D5F8C9
:10DA20000E30C4F80630BCF80430838026732644D8
:10DA30002B7E7373EA7A12F0080002D0042323715C
:10DA4000D7E702F00303032B01D12071D1E752077E
:10DA500001D50123F3E7022BF1D00BB92171C8E7FF
:10DA60009A2163E71FB5002403949DF92040029496
:10DA70009DF81C4001949DF818400094F8F744FB71
:10DA800004B010BD1FB503939DF91830CDE90123F3
:10DA9000FF23009304220023F8F736FB05B05DF85E
:10DAA00004FB70B50C460546164600F0ECFC6074AD
:10DAB000284600F0F3FCA074062E1DD8DFE806F01F
:10DAC0000412041C041C040001236370EB1C63603B
:10DAD0000023A3606B78063BDBB2237453B1093596
:10DAE000E56070BD03236370EB1809356360A560C2
:10DAF00000232374E360F4E70023C4E90133637077
:10DB0000F7E7027802F00F02FFF7CBBF08B5D0F8B5
:10DB1000D830D21A04D540F2A6312120F7F7CEF83A
:10DB2000D0F8C000B2FBF0F008BDD0F8C430D0F897
:10DB3000C00067331B1A584258417047014638B538
:10DB40001C46FFF7F2FFD1F80431DBB9D1F8C03041
:10DB50000725A3FB053550B1D1E92A01121A64EB60
:10DB600001049A4274EB050311D2032038BDD1E9B8
:10DB70002E01121A64EB01049A4274EB050306D3DA
:10DB80000120F3E700280CBF01200220EEE702206D
:10DB9000ECE72DE9F041044600F0C9FDD4E92A2361
:10DBA000074620468846FFF7C9FF0646FDF730FACC
:10DBB000312842D9431CD4E9322514D08318AB4212
:10DBC000D4E9283128BFA81ADB1B61EB0801012B1F
:10DBD00071F100054FF000052DDB984275EB010156
:10DBE00000DB18461518AD1A41F28830854228BF6F
:10DBF000054600F09CFDC7F1740303449D421CD30D
:10DC000031462846FDF758FAB8B9D4F8C830D4F8E8
:10DC1000D000D4F8CC202B4428449342C4F8C83018
:10DC2000C4F8D00003D1D4E93623C4E92E23BDE8DB
:10DC3000F041FDF79FB92846D4E70020BDE8F08108
:10DC400070B5044690F8003103F0FF05002B46D074
:10DC5000FF2380F8013190F89800FCF7C5FF94F895
:10DC60009800FDF751FB00212046FFF723FE94F8B2
:10DC7000083104F1D8050BB3D4F8F830284643B383
:10DC8000F8F7ECFD002684F8016194F8085120466D
:10DC900015F0FF0518BF0C25FFF72FFE84F808616B
:10DCA000C4F8046184F8006194F89800FCF71AFC49
:10DCB00090B940F2FB212120F7F700F8D4F80401D5
:10DCC00030B1D4F8F8301BB900F5D870F8F762FD20
:10DCD0002846F8F75FFDD5E7202384F898302846DA
:10DCE00070BD90F800310BB1FFF7AABF7047FFF786
:10DCF000F8BF90F86000003818BF0120704708B5E1
:10DD00000B7813F0060F04D040F2B3212120F6F770
:10DD1000D5FF5B0702D540F2B621F7E790F8002166
:10DD200002F0FF0312B140F2B921EFE70A7812F0D6
:10DD3000010218BF8B684968C0F8C010C0F8E8102D
:10DD400040F27121A0F8EC1012B1673BC0F8C4306A
:10DD500008BD08B5D0F8043123B94FF43B71212038
:10DD6000F6F7ACFFBDE80840FFF76ABF70B506469E
:10DD70000C4690F8013183BB00F0D9FC0546062C17
:10DD800020D8DFE804F0241F1F04271F2C004FF4C5
:10DD90005772D6F8A800D6F8C8302D1AED3B1544B6
:10DDA000AB428CBF012400240AD83046FFF7F1FEB5
:10DDB00030B1D6F8C840ED3CA5422CBF0024012468
:10DDC000204670BD4FF452712120F6F777FF4FF4D3
:10DDD0000472DEE74FF40272DBE70024F0E701246F
:10DDE000EEE7F8B50C46064601F5D877D4F8B80149
:10DDF0000021F8F719FDB042054606D18268D4F833
:10DE0000B8319A420DD2816959B129463846F8F79E
:10DE1000DDFC00233362ADB900220023C4E96C238A
:10DE2000F8BD9A422CBFB260B360F2693762002A33
:10DE3000F2D09168D2E900325B1842F10002C4E9E5
:10DE40006C32EDE7D5E90032A968F5E770B5044614
:10DE500088B0072967D8DFE801F00441413C6656E5
:10DE6000546390F801314BB10121FFF723FDFAF71C
:10DE70007DF908B0BDE87040FCF7C0B9FCF74CFB79
:10DE8000C4E92A010B460246064620460D46FFF726
:10DE90003DFEB0FA80F040098DF8100032462B4666
:10DEA00020460294FFF732FE003818BF01208DF89B
:10DEB000110002A8F8F7CAF8D4F8C800DD38C4F891
:10DEC000D000FDF757F8E0B940F295112120F6F7A0
:10DED000F5FE08B0BDE87040FAF712BA00220092D1
:10DEE000012302A9F8F722FA40B194F8980002A998
:10DEF000FCF718FC28B940F23D71E7E72046F8F737
:10DF0000EBF808B070BD90F8013123B108B0BDE85E
:10DF10007040FFF794BCFFF73CFE0028F1D1F5E715
:10DF200040F2CB11D2E740F2CF11CFE710B5044653
:10DF300088B090F8003103F0FF0223B14FF41B7159
:10DF40002120F6F7BBFEFF2380F8003180F8012185
:10DF5000FFF7EBFD78B9D4F8C4306733C4F8E0308C
:10DF600000910023012202A92046F8F7DFF928B921
:10DF700040F28121E4E741F28833EFE794F898001A
:10DF800002A9FCF7CFFB10B940F28221D8E708B014
:10DF900010BD10B5044688B090F8012102F0FF03CF
:10DFA0009AB900931A4602A9F8F7C0F950B194F84B
:10DFB000980002A9FCF7B6FB38B940F22471212081
:10DFC000F6F77CFE2046F8F787F8FAF7CFF808B0A6
:10DFD000BDE81040FCF712B9F8F77CBB30B585B04E
:10DFE0001546089B099CC01A61EB0404002C2146CD
:10DFF00002DA404264EB440103AB00932A4602ABD1
:10E00000FDF798FE002C039801DA00B1281A05B03C
:10E0100030BD90F8D831DBB290F8B0202AB913F0B7
:10E02000FB0F14BF0120002070470020704710B57F
:10E0300001210020F7F7C4F9044638B90121084648
:10E04000F7F7BEF9044660B9002009E0A030FFF7F9
:10E0500050FE0028F2D02046FFF719FC0028EDD032
:10E0600010BDA030FFF745FE0028EDD02046BDE8EA
:10E070001040FFF70CBC07B5002340F6881201A939
:10E08000FAF752FB03B05DF804FB30B5841FA4B26D
:10E0900040F67A45AC4222D88C1FA4B2AC421ED8BE
:10E0A00088421CD80132B2F5FA7F18DCA3F10A00CD
:10E0B00080B240F67644A04211D84A4342F2107032
:10E0C00040F6C41143434A43934208D9BDF80C00BB
:10E0D000BDF8103098428CBF0020012030BD0020D8
:10E0E000FCE708B501210020F7F76AF930B90121F2
:10E0F0000846F7F765F940B9012008BDA030FFF7E1
:10E10000F8FD0028F3D00020F7E7A030FFF7F1FD7D
:10E1100080F00100C0B2F0E708B5F8F741FE00203A
:10E1200008BD10B50446F9F7D3FA2070002010BDE1
:10E1300010B5FFF77CFF044630B9F9F7C3FA204663
:10E14000F8F7D0FF204610BD0C20FCE710B50446C0
:10E15000FFF76DFF50B92078012809D8611CF9F745
:10E16000BDFA002814BF0020072010BD0C20FCE7DA
:10E170001220FAE738B50546FFF759FF044640B9C3
:10E180002878012803D8691CF9F7D8FA18B91220A1
:10E1900038BD0C20FCE72046FAE710B503460E24F4
:10E1A00004706B2110220020DC70592459709A7081
:10E1B0001C7158719971DA7110BD08B50821F6F714
:10E1C000CDFE002008BD10B504466FF07F00FFF7BC
:10E1D00052FFF9F759F820707F20FFF74CFFF9F74D
:10E1E00053F86070002010BD08B50A46072300F1FF
:10E1F0001001FDF7DFFB002008BD10B50146044605
:10E200000020F8F745FE08B92060A080002010BD6E
:10E2100010B50446F8F7BEFD28B900202146F8F7EE
:10E220001FFE002010BDFFF75CFF0028F5D10C2079
:10E23000F8E710B50446FFF754FF28B10120214646
:10E24000F8F70EFE002010BD0C20FCE707B50378A0
:10E2500042788DF800300021012B8DF80120ADF8B7
:10E260000210ADF8041007D1012A07D86846F8F764
:10E270002DFB03B05DF804FB002BF7D01220F8E76C
:10E2800008B5F7F719F9002008BD73B50446002159
:10E290000088F7F795F8054610B9022002B070BD66
:10E2A000FFF7B7FE0028F8D0A389A68801936389F9
:10E2B0000093E288238960883146FFF7E6FEE8B1E3
:10E2C00095F8F43103F0FF00D3B940F2E2435E4326
:10E2D0009E4217D9C5E97F06A5F8F831E279A379FE
:10E2E00043EA0223A5F80432237A627A43EA02233E
:10E2F000A5F80632FF2385F8F431CFE73020CDE7CB
:10E300003A20CBE71220C9E708B50078003818BFDB
:10E310000120F8F727FA002008BD1220704710B539
:10E32000044604B910BD236898476468F9E7036898
:10E330000BB9016070471A465B6813B18A42FAD183
:10E3400070478A4218BF5160704708B5FFF744FE16
:10E35000F8F7C4FBFFF71FFABDE80840F8F70EBA5C
:10E3600008B5F7F76BFEBDE80840F8F7D9BCFF2306
:10E3700043710023037103604371704743791BB9F4
:10E3800003680BB101221A607047704730B54240F4
:10E390000C7818785D7844404878684004449D784B
:10E3A000887868400444DD78C878684004441D7962
:10E3B00008795B794979684004444B402344D3424F
:10E3C0000CBF0120002030BD034600200139C9B236
:10E3D000FF2900D170475A5C82F001021044C0B29C
:10E3E000F4E708B500F0CCF818B1BDE80840F9F73B
:10E3F00051BA082008BDF8B5D0E9047605460C46A8
:10E40000FCF79EF820B94FF481712920F6F756FCED
:10E41000F4B1D5E90431DA1B61EB0603012A73F18B
:10E4200000014FF0000115DB6FF00100904271EB2D
:10E43000030302DA4FF48671E7E7631E1344B3FB6C
:10E44000F4F35C43E41946F10006C5E904461C46B2
:10E450002046F8BD0C46FBE70B68C0F803308B88FC
:10E46000A0F8073070470B68C0F809308B88A0F817
:10E470000D3070470378890123F0400301F040011B
:10E480000B43037070470078C0F380107047037827
:10E4900003F07F0343EAC113037070470078C0099B
:10E4A00070470278437802F00F02062A0FD8DFE89F
:10E4B00002F00804080E0E0E08000C3B58425841AA
:10E4C0007047981F1F288CBF002001207047002034
:10E4D0007047037803F00F03042B06D14078063809
:10E4E0001F288CBF00200120704700207047F8F7DC
:10E4F000D1BF10B521B94FF41C711020F6F7DEFB27
:10E500004A600B72EFF3108472B6031D0B60426811
:10E510001AB1127A012A08BF03600368196001600A
:10E5200004B962B6BDE81040F8F7FCBF0222F9F763
:10E530001DB80322F9F71AB80422F9F717B810B575
:10E540000B794C790A68012843EA042108BF41F499
:10E550008031104610BD07B5FFF7F1FF0DF107023E
:10E56000F9F75AF803B05DF804FB08B5F9F7CEFBEC
:10E57000F9F7C4F9F9F716F9BDE80840F9F79EB9BB
:10E5800008B5C821F9F76CF9022807D1013911F053
:10E59000FF01F7D1F5213B20F6F790FB431E5842CF
:10E5A000584108BD38B504461546F9F7FDF92A4625
:10E5B00001462046BDE83840F9F772BD10B5044663
:10E5C0000846F9F7D7FF4FF47A73B0FBF3F0201A3F
:10E5D00010BD10B504460846F9F7CCFF023C4FF4D5
:10E5E0007A7300F2E730B0FBF3F0201A10BD08B5E3
:10E5F000FDF798FABDE80840FAF722B9801A00F34F
:10E60000070038B540B20D4659B21446FAF708F97A
:10E610000023287020446B7040B238BD0023036093
:10E6200070477047002070474FF0FF3070474FF041
:10E63000FF3070477047002070474FF0FF30704741
:10E6400000207047002070470023037070470022AD
:10E65000FFF7D4BF002070474FF0FF3070474FF0F6
:10E66000FF3070474FF0FF30704770474FF08043E6
:10E6700001221A6070474FF08043D3F8080400F07D
:10E68000010070474FF08043D3F8140400F00100FC
:10E6900070474FF08043D3F81C0400F0030070472C
:10E6A0004FF080410246D1F81804D1F8181410F444
:10E6B000803004D001F00300831A5842584170475B
:10E6C00008B5FDF783FA28B14FF080430222C3F862
:10E6D000342C08BDFDF75AFA0028F5D1FDF76CFA85
:10E6E0000028F1D1F5E7FAF741B9FAF76DB9FAF771
:10E6F00031B9FAF735B9FAF741BAFAF77FB9FAF74B
:10E7000031BA08B5FAF71CF9002008BD70B5FAF760
:10E7100077FB002405462646E0B2854200D870BD4E
:10E72000FAF774FB0134868480F82660F4E7FAF780
:10E73000A1BD07B56846FAF791FCDDE900024FF08C
:10E7400080730021E2FB030103B05DF804FB034684
:10E75000002018707047EFF3108272B60378012121
:10E76000DBB2017002B962B6012B0CBF6FF0220060
:10E7700000207047EFF3108372B60022027003B9D5
:10E7800062B600207047FDF7A5B9FDF765BAFDF741
:10E7900063BA00280CBF6FF01500002070470020FE
:10E7A0007047072303700020704700207047002047
:10E7B000704738B50022002304460D46FEF71EF8C8
:10E7C00028B920462946BDE83840FEF7B3BB2046AD
:10E7D00005F10041FEF7AEFB404261EB410138BD5F
:10E7E0002DE9F04786468C460846089E1546744635
:10E7F0001946002B40F0C2808542B2FA82F245D918
:10E800004AB1C2F1200300FA02FC2EFA03F395404C
:10E8100043EA0C0C94404FEA154EA8B2BCFBFEF83C
:10E82000230C0EFB18CC08FB00F943EA0C43994576
:10E8300028D9EB1808F1FF3704D2994502D9A8F17D
:10E8400002072B44A3EB0903A4B2B3FBFEFC0EFBAF
:10E850001C330CFB00F044EA0344A04214D92C19E9
:10E860000CF1FF3304D2A04202D9ACF102032C44D4
:10E87000241A43EA07401EB1D44000233460736079
:10E88000BDE8F0874746DDE76346F1E792BB431BEF
:10E8900001214FEA154EAFB2B3FBFEFC200C0EFB7C
:10E8A0001C330CFB07F840EA0343984562D9EB1888
:10E8B0000CF1FF3004D2984502D9ACF102002B4490
:10E8C000A3EB0803A4B2B3FBFEFC0EFB1C330CFB52
:10E8D00007F744EA0344A7424ED92C190CF1FF3341
:10E8E00004D2A74202D9ACF102032C44E41B43EA50
:10E8F0000040C0E7C2F1200320FA03F195409040A8
:10E900002EFA03F303434FEA154EAFB2B1FBFEFC00
:10E910000EFB1C10190C0CFB07F841EA004188455E
:10E9200004FA02F422D969180CF1FF3004D28845A8
:10E9300002D9ACF102002944A1EB08019BB2B1FB62
:10E94000FEFC0EFB1C110CFB07F743EA01439F4240
:10E950000ED9EB180CF1FF3104D29F4202D9ACF171
:10E9600002012B44DB1B41EA004192E76046E3E7EA
:10E970006146F7E76046A3E76346B7E7834206D9F7
:10E9800016B9002108467BE7C6E900E0F9E7B3FACB
:10E9900083F78FB9834201D3724508D8BEEB0204D6
:10E9A00060EB030301209C461EB9002168E738464E
:10E9B000FAE7C6E9004CF8E7C7F1200CBB4022FAA1
:10E9C0000CF41C432EFA0CF120FA0CF3B84001436E
:10E9D0004FEA14490EFA07F5B3FBF9F81FFA84FE63
:10E9E00009FB18300B0C08FB0EFA43EA00439A456A
:10E9F00002FA07F240D9E31808F1FF3004D29A4531
:10EA000002D9A8F102002344A3EB0A0389B2B3FBA5
:10EA1000F9F809FB183308FB0EFE41EA03418E4565
:10EA20002CD9611808F1FF3304D28E4502D9A8F120
:10EA30000203214443EA0040A0FB0298A1EB0E012F
:10EA40004145CE46434602D306D14D4504D2B9EBEB
:10EA5000020E68EB04030138002EA6D0B5EB0E02BF
:10EA600061EB030101FA0CFC22FA07F34CEA030301
:10EA7000F940C6E9003198E74046C5E74346D9E783
:10EA80002DE9F047064692B00C46002900F0BE8002
:10EA90000F68002F00F0BA808D68D1F8048005F16E
:10EAA0000409C1450AD888490422781926F00CFCCB
:10EAB000B0B90423F360A36804331EE06B1D9845CE
:10EAC00011D2454580F0A2807B5D222B07EB05002B
:10EAD00024D12146304612B0BDE8F04702F090BF85
:10EAE0006B1D98450ED379490522781926F0ECFB69
:10EAF00030B90123F360A3680533A360012086E0E9
:10EB0000C145DED872490422781926F0DDFB0028C1
:10EB1000D7D10223F36001237361CCE72D2B03D0FF
:10EB2000A3F13002092A53D800230DF1080CA8EBF9
:10EB30000505DFF8A081019367464FF0010E10F83C
:10EB4000012B452A3CD82A2A10D9A2F12B01C9B29F
:10EB50000EFA01F111EA080F01D12E2A06D1013374
:10EB60003F2B0CF8012B01D0AB42E8D148336B446A
:10EB7000002501A9384603F8405C18F08DFADDF84D
:10EB800004A0BA458046894640D04DA3D3E900236E
:10EB9000FDF748FEB0B9504B002240464946FDF70C
:10EBA00037FE90B940464946FDF766FEC6E906893C
:10EBB00008237061F360A368AAEB070A53449CE73B
:10EBC000652ACBE76FF00040F0E74FF00040EDE73B
:10EBD0005B2B58D1D4F80C90B9F57A7F16D209F195
:10EBE0000103E3607B5D5B2B10D10135A5602046FE
:10EBF0001FF090FCA368984506D9FA5C5D2A09D1FC
:10EC0000C4F80C90002736E0013BA360002012B04E
:10EC1000BDE8F087013B0025A3602F4620691FF067
:10EC200090FCA8460546002800F0A6804FB3C8F81F
:10EC30000000C0F80480A3680133A36020461FF0E1
:10EC400069FC21462846FFF71BFF002800F094804E
:10EC500020461FF05FFCD4E90123934280F08F80AF
:10EC60002268D35C2C2BD9D05D2B40F08880E368E0
:10EC7000013BE3607D602023C6E90273A368013392
:10EC80003BE70746D7E77B2BC0D1D4F80C90B9F50A
:10EC90007A7FBBD209F10103E3607B5D7B2BB5D1A9
:10ECA0000135A56020461FF035FCA3689845ABD917
:10ECB000FA5C7D2A12D1C4F80C90002758E000BFFE
:10ECC0000000C0FFFFFFDF415483030059830300AE
:10ECD0005F830300E57F00040000E0C10025013BE5
:10ECE000A3602F46A84620691FF02BFCA9460546C5
:10ECF000002841D0002F3DD0C9F80000C0F8049092
:10ED0000A36862680133934236D2A36020461FF0A5
:10ED100001FC2146284602F073FE68B320461FF02E
:10ED2000F9FB2B692B62C5F81080D4E901239342CB
:10ED300022D22268D25C3A2A1ED10133A360204637
:10ED40001FF0E8FB21462846FFF79AFEA0B12046B7
:10ED50001FF0E0FBD4E90123934210D22268D35C78
:10ED60002C2BC0D07D2B0AD1E368013BE3607D6092
:10ED7000402381E70746C3E7002F3FF447AF3846FB
:10ED800002F072FF42E700BF01282DE9F0418846FA
:10ED900007D020F080FA162303604FF0FF30BDE863
:10EDA000F0818A68244B9A42F3D821F022FB054671
:10EDB0000F4621F01EFB214CD8F80030D8F8042073
:10EDC000A3FB043604FB0266D8F808209B1846EB28
:10EDD000E276EA0B42EA4742A2FB04219B1A4FEA81
:10EDE000D737C0F30E0204FB0711A2FB04244FEA3D
:10EDF000D23242EA444266EB0101981A61F1000105
:10EE00000BA3D3E90023FEF72DF8EFF31184402381
:10EE100083F31288BFF36F8F094BC3E900019A6037
:10EE200084F31188BFF36F8F0020B8E7AFF3008041
:10EE300000CA9A3B00000000FFC99A3B00CA9A3BF7
:10EE4000E01C0020000000002DE9F04F012987B0F0
:10EE500084468E4664D8002942D033A3D3E90023E8
:10EE6000CDE9042332A3D3E90023CDE9002332A363
:10EE7000D3E9002332A7D7E90067CDE9022332A501
:10EE8000D5E900450FF2C80BDBE900AB32A1D1E9AF
:10EE9000000133A3D3E90023CCE90A01DDE9040131
:10EEA000CCE90C01DDE900014FF000084FF000094A
:10EEB000CCE90E01DDE90201CCE90089CCE9028947
:10EEC000CCE90467CCE90645CCE908ABCCE91223D0
:10EED000CCE91001CCF8D0E0002007B0BDE8F08FFD
:10EEE00021A3D3E90023CDE9042321A3D3E90023FF
:10EEF000CDE9002320A3D3E9002321A7D7E90067A8
:10EF0000CDE9022320A5D5E900450FF2840BDBE90A
:10EF100000AB21A1D1E9000121A3D3E90023BBE784
:10EF20006FF07400D9E700BF310BC0FF672633676D
:10EF300011155868874AB48EA78FF9640D2E0CDB23
:10EF4000D89E05C15D9DBBCB07D57C362A299A6228
:10EF500017DD70305A01599139590EF7D8EC2F1539
:10EF6000A44FFABE1D48B547D182E6AD7F520E517F
:10EF70001F6C3E2B8C68059B6BBD41FBABD9831F7F
:10EF800008C9BCF367E6096A3BA7CA8485AE67BBBC
:10EF90002BF894FE72F36E3CF1361D5F3AF54FA5E7
:10EFA00079217E1319CDE05B2DE9F04F9DB01F460E
:10EFB00000231893994B0E921D68824628460C46F2
:10EFC000FDF7E2FF4FF0000883464FF000092246AC
:10EFD000179213782B2B3BD02CD80D2B26D8082B2F
:10EFE00026D8002B2FD000230C93179E3378302B7C
:10EFF00072D1737803F0DF03582B63D10C9B01931C
:10F0000018AB0093864A029719AB17A9504618F01F
:10F010008FFC10F00705044635D0062D1AD10E9B43
:10F020000BB101361E604046494637E0202BDAD14D
:10F030000132CDE72D2BD6D101230C93531C17930E
:10F040005378002BD1D10E9B002BECD01C60EAE74B
:10F050000023F2E7189A3AB135211AA826F0E1FC0C
:10F060001899504618F076FF013D199A042D06D8DC
:10F07000DFE805F0170320231700DDE91A892107CF
:10F0800001D549F000490E9B13B10E9A179B1360EE
:10F090000C9B002BC7D0404609F100411DB0BDE8D4
:10F0A000F08FDDE91A8302F2334223F4801343EA3E
:10F0B0000259E4E7DFF86C91E1E76FF000494FF0A7
:10F0C000FF38DCE7179B5A1C17925B78302BF9D07E
:10F0D000002BD8D0012300E000230027CDE90577DD
:10F0E0000493179B0A930A2217980678A6F1300317
:10F0F000D9B2092924D95A46294626F0E5F800282C
:10F100002DD00020059D324683460346652A01D056
:10F11000452A13D11DB9049A024394D00025179CA7
:10F12000621C179262782B2A6FD02D2A73D04FF071
:10F13000000CA2F1300109297AD91794002699E030
:10F1400005990829DDBF069902FB0133069302FBEE
:10F150000737059B0130013305931790C4E7179BD0
:10F1600003EB0B02179213F80B20059BABB38346FE
:10F170001D46A2F13003092B12D90123C6E7179BC4
:10F180005A1C17925A780130302AF8D0A2F1310374
:10F19000082B00F2EA84179B0A9383460020054659
:10F1A000303A00F1010312D09B4400EB050C2B46D2
:10F1B0000A21634513D12B18082B05F101050544DD
:10F1C00019DC06990A2303FB012306930023179AEF
:10F1D000511C179152781846CBE70598D4E7082BB5
:10F1E00003F1010303DC069E4E430696E1E7102B74
:10F1F000D8BF4F43DDE70F2BDCBF0A2303FB0727F4
:10F20000E4E74FF0000B012385E74FF0000CA21C50
:10F210001792A2788DE74FF0010CF8E7B47803005D
:10F22000407803000000F07F179A511C1791527824
:10F23000302AF9D0A2F1310108293FF67FAF303AE8
:10F240000792179A0D92179A561C17965278A2F1A8
:10F25000300EBEF1090F38D90D99761A082E44F6F2
:10F260001F6603DC07998E42A8BF0E46BCF1000F53
:10F2700000D07642002D4FD1049908437FF403AFAC
:10F28000002B7FF4E0AE692A29D026DC492A26D05B
:10F290004E2A7FF4D8AE9D4917A826F03AFA0028E6
:10F2A0003FF4D1AE179B1B78282B2FD198491AAA6F
:10F2B00017A826F042FA052828D11B9BDDF86880A4
:10F2C00043F0FF4949F4E009DDE6079E0A2101FB0E
:10F2D0000621A1F130020792B5E76E2AD9E78D49E0
:10F2E00017A826F016FA00283FF4ADAE179B8A49FE
:10F2F000013B17A8179326F00CFA10B9179B01339E
:10F300001793DFF818924FF00008BCE6844819F014
:10F310008BFD80468946B6E6A6EB0B030F93059B53
:10F320000698002B08BF2B46102D05932C46A8BF2E
:10F330001024FCF777FF092D8046894614DCA6EBE4
:10F340000B03002B3FF49FAEA6EB0B0379DD162BCE
:10F3500045DC0F9B734901EBC301D1E90001424633
:10F360004B46FCF7D9FFD4E76E4B03EBC40353E9DC
:10F370001223FCF7D1FF804638468946FCF752FF3E
:10F3800002460B4640464946FCF710FE0F2D8046CC
:10F390008946D4DD2C1BA6EB0B031C44002C26DC79
:10F3A00000F0A380644214F00F020AD05D4B03EB1F
:10F3B000C20340464946D3E90023FDF7D7F880460B
:10F3C0008946241100F091801F2C40F3B380222342
:10F3D0004FF000084FF00009CAF8003053E6C5F1BD
:10F3E0002503A6EB0B02934219DA2C1B144414F0EC
:10F3F0000F030AD04B4901EBC30142464B46D1E90A
:10F400000001FCF789FF8046894634F00F046CD078
:10F41000B4F59A7F41DD2223CAF8003071E7414CF0
:10F42000C5F10F0504EBC50142464B46D1E9000189
:10F43000FCF772FF0F9B5D1B04EBC504D4E90023AE
:10F440008FE71633A6DB374BABEB060203EBC203A9
:10F45000D3E9002340464946FDF788F859E70023E1
:10F4600006932223DFF8B490CAF800304FF000086A
:10F470001899504618F06EFD0699504618F06AFD2E
:10F480000599504618F066FD1099504618F062FD37
:10F490000799504618F05EFDF5E50023224F0493CE
:10F4A000241140464946012C22DC0BB18046894696
:10F4B000049B1D49A9F1547901EBC30142464B4617
:10F4C000D1E90001FCF728FF144B0A460B4017490D
:10F4D0008B4280469FD8A1F580118B4286BFDFF812
:10F4E00050904FF0FF3802F15479002304934CE020
:10F4F000E20704D5D7E90023FCF70EFF0123049AA5
:10F500000132049264100837CDE700BFA79D0300C5
:10F510002C7803009F9D0300369E03000000F07FBF
:10F52000649A030088650300606503000000A07C06
:10F53000FFFFEF7F14F0100318BF6A23AB4F049353
:10F54000404649460023E20704D5D7E90023FCF7EB
:10F55000E3FE0123641007F10807F4D10BB18046E4
:10F560008946049B43B1C9F30A52C2F16B03002BD5
:10F57000494650DC6A230493002200234046494652
:10F58000FDF732F900287FF422AF069B0093059A1D
:10F590000A992B46504618F045FD109000283FF47C
:10F5A0003AAF0F9BABEB060B002BB4BF5B460023BF
:10F5B00011930F9B23EAE37314930023079305939E
:10F5C000109B5046596818F085FC069000283FF4BF
:10F5D00048AF109B1A69023203F10C0192000C3003
:10F5E00025F0A4FC1AAB019319AB009342464B469D
:10F5F0005046CDE90A8918F0E1FF189000283FF441
:10F6000030AF0121504618F057FD05900346D0B9A0
:10F610000023059325E71F2B0EDD342BDEBF4FF0B3
:10F62000FF33C2F14B0293404FF00008CCBF4FF0C4
:10F630005C7903EA01099DE74FF0FF3202FA03F318
:10F6400003EA080896E7199C1A9A002CABBF119B95
:10F65000149B149E119FACBFE7181E1B049BE41A59
:10F660001444634B013C9C42C2F1360280F2B280EA
:10F670001B1B1F2BC2BFC4F17F4404F57F0404F59C
:10F680007B444FF00105C8BFE234A2EB0302DABFAE
:10F690009D40002405FA04F407EB020B049B5F4530
:10F6A00016441E443B46A8BF5B46B342A8BF334640
:10F6B000002BC2BFABEB030BF61AFF1A119B002BFA
:10F6C00016DD05991A46504618F0B6FD059000283B
:10F6D0009ED00146189A504618F004FD0D9000285F
:10F6E0003FF4BFAE1899504618F034FC0D9B1893A8
:10F6F000BBF1000F71DC0F9B002B08DD149A0699FB
:10F70000504618F099FD069000283FF4A8AE002E50
:10F7100008DD06993246504618F0E8FD06900028AC
:10F720003FF49DAE002F08DD05993A46504618F08B
:10F73000DDFD059000283FF494AE069A18995046D6
:10F7400018F040FE079000283FF48BAEC3680D937D
:10F7500000230599C36026F019F900284ADA0D9BA9
:10F7600053EA080340F0BB80C9F31303002B40F0B9
:10F77000B68029F000431B0D1B05B3F1D66F40F294
:10F78000AE80079B5B6923B9079B1B69012B40F384
:10F79000A68007990122504618F0A8FD0599079008
:10F7A00026F0F4F8002840F39A8029F00043049AE8
:10F7B0001B0D1B05002A78D0B3F1D66F6CD8B3F1BE
:10F7C0005C7F45D84FF000084FF000092223CAF8AB
:10F7D00000304DE6002401255EE718995A46504650
:10F7E00018F084FD1890002885D13AE638650300AA
:10F7F00002FCFFFFCB4640F0A3800D9AC9F3130330
:10F80000002A40D0964A934258D1049B42467BB985
:10F81000B8F1FF3F40F08980924B99453FF421AE0B
:10F82000914BDDF8108009EA030303F580191FE608
:10F830008D4B09EA0303B3F1D46F16D918F1010116
:10F840001BD1884A91453FF40CAE03F580198046E0
:10F85000864B404649460022FCF75EFD0B460343BB
:10F86000804689467FF404AEB0E71E0DC6F16B06F4
:10F870004FF0FF31B1408845E7D0002C5ED014EA4C
:10F880000B0FE5D01EE0002B4AD1B8F1000F8CD051
:10F8900064B314EA0B0F2BE0A3F580136FEA13593E
:10F8A0006FEA09594FF0FF38D2E7A3F580136FEAEA
:10F8B00013596FEA09594FF0FF38D9E59CB114EAA2
:10F8C000090F0CD0049A4046494625F044FD0246F3
:10F8D0000B46DDE90A01FCF769FB80468946049B7B
:10F8E000002BB5D1C4E515EA080FEAE718EA050FC1
:10F8F000F5D0049A4046494625F02DFD02460B46B8
:10F90000DDE90A01FCF750FB0022002304460D4606
:10F91000FCF76AFF00287FF455AFA046A946DEE752
:10F92000002CB6D115EA080FE2E724B114EA090F5A
:10F930003FF49EADC6E718EA050FF9E72A42A0E7B3
:10F940000599079826F03DF800224FF080430446C1
:10F950000D46FCF75DFF00286DD00D9B002B78D184
:10F96000B8F1000F56D1C9F31303002B59D1404B06
:10F97000002220462946FCF741FF002858D12046A6
:10F9800029463C4B0022FCF7C7FC04460D4605F116
:10F99000004308940993344B334A0BEA030315934D
:10F9A000354B0BEA02029A42DDE9086740F09E807F
:10F9B000ABF154794046494618F096FDDDE908233D
:10F9C000FCF7AAFC42464B46FCF7F0FA0B462649E8
:10F9D0002A4A19409142804654D90B9A214B9A42A7
:10F9E00003D10A9B01333FF43CADDFF878904FF030
:10F9F000FF381899504618F0ADFA0699504618F09D
:10FA0000A9FA0599504618F0A5FA0799504618F03A
:10FA1000A1FAD5E5B8F1010F03D1B9F1000F3FF418
:10FA2000D1AE174C124D0023CDE908340024B2E7C3
:10FA3000104D0024ABE70F4B204629460022FCF76F
:10FA40006BFC0D9B04460D46002BA0D0CDE908456C
:10FA5000A1E7074C0023CDE9083425461C469AE768
:10FA6000FFFF0F00FFFFEF7F0000F07F0000503925
:10FA70000000F03F0000E03F0000E07FFFFF9F7CC0
:10FA80000000F0BF03F15479049B4E46002BB0D127
:10FA900029F00043159A1B0D1B059A42A9D1204657
:10FAA0002946FEF786FEFCF709FC0B46024629466E
:10FAB0002046FCF779FAC9F313060D9B46EA0806BF
:10FAC0001E4304460D464AD02DA3D3E90023FCF77C
:10FAD00095FE00287FF4CCAC2BA3D3E9002320466D
:10FAE0002946FCF7A9FE002883D0C1E4049B13B388
:10FAF000159BB3F1D46F1ED825A3D3E9002320466C
:10FB00002946FCF785FE90B129462046FCF7DCFE2D
:10FB1000012838BF0120FCF785FB0D9B04460D46EC
:10FB2000D3B901F1004312901393DDE91267159ADE
:10FB300007F1D6639F1ADDE90A0118F0D5FC0246E9
:10FB40000B4630463946FCF7E7FBDDE90A23FCF7B4
:10FB50002DFA8046894697E7CDE91245E5E70EA3E1
:10FB6000D3E90023FCF74AFEBDE7652A3FF449AB21
:10FB7000452A3FF446AB0123FFF77EBBAFF300807D
:10FB80009535A094FFFFDF3F35E5AF350000E03F3E
:10FB90000000C0FFFFFFDF419535A094FFFFCF3F7E
:10FBA0002DE9F04F476A97B014461D46CDE904454C
:10FBB000239E83467FB9102016F044FA0246CBF804
:10FBC000240020B9A24BEA21A24817F087FDC0E922
:10FBD00001770760C760DBF82430196859B15A68AB
:10FBE0004A60012393408B60584618F0B3F9DBF864
:10FBF000243000221A602B1EB9BF23F00043059366
:10FC000000233360059F944BBCBF01223260BB438D
:10FC100019D1229A42F20F731360C7F313032343DF
:10FC200000F0E285249B53B98C4B21E08C4B089368
:10FC30000833249A1360089817B0BDE8F08F874BFB
:10FC400008930333F5E7DDE90423CDE90C23DDE96F
:10FC50000C0100220023FCF7C7FD804650B1229A18
:10FC600001231360249B13B1249A7E4B13607E4BB7
:10FC70000893E0E714AB019315AB00935846DDE918
:10FC80000C2318F09BFCC7F30A560390002E7AD081
:10FC90000D9BCDF84C80C3F31303DDE90C0143F059
:10FCA0007F5343F44013A6F2FF36194600226F4BF0
:10FCB000FCF77AF960A3D3E90023FCF72DFB60A3DE
:10FCC000D3E90023FCF772F9044630460D46FCF7F1
:10FCD000B9FA5DA3D3E90023FCF71EFB02460B46ED
:10FCE00020462946FCF762F904460D46FCF7C4FDA0
:10FCF00000220746002320462946FCF77FFD40B13D
:10FD00003846FCF79FFA22462B46FCF76DFD00B9FA
:10FD1000013F162F54D8564B03EBC703D3E90023FA
:10FD2000DDE90C01FCF76AFD00284BD0013F002300
:10FD30001293149B9B1B5A1E45BFC3F101030693EC
:10FD4000002300230A9254BF06930A93002F3BDB43
:10FD50000A9B0F973B440A9300230B93209B092B8C
:10FD600000F28A80052BC4BF043B2093209BA3F1A3
:10FD70000203CCBF00240124032B00F28880DFE8BB
:10FD800003F02B383657DDE914631E4406F2324384
:10FD9000202BC1BFC3F140039F4006F2124324FA57
:10FDA00003F3D6BFC3F1200347EA030004FA03F0CC
:10FDB000FCF738FA0122A1F1F873013E139274E7BF
:10FDC0000123B5E71290B4E7069BDB1B06937B4249
:10FDD0000B9300230F93C1E700230E93219B002B6D
:10FDE00058DC0123099399461A4621920CE001231D
:10FDF000F3E700230E93219BFB1803F101090993FC
:10FE00004B46012BB8BF0123DBF82400002104225C
:10FE100002F114059D4241D94160584618F05AF844
:10FE2000089000283DD1134B02464FF4D571CBE624
:10FE30000123DFE7AFF3008061436F63A787D23F01
:10FE4000B3C8608B288AC63FFB799F501344D33FC9
:10FE5000FE9C0300409E03000000F07F3C9E0300D8
:10FE6000339E0300F5940300F49403000000F83F70
:10FE700088650300B49E03000124002320930E94A0
:10FE80004FF0FF330993994600221223ADE7012377
:10FE90000E93F5E7219B09939946B5E7013152008E
:10FEA000B6E7DBF82430089A1A60B9F10E0F6FD864
:10FEB000002C6DD0002F36DDA14B07F00F0203EBB5
:10FEC000C203D3E90034F805CDE910344FEA271412
:10FED00017D59C4BDDE90C01D3E90823FCF746FB61
:10FEE000CDE9040104F00F044FF00308954D5CB90F
:10FEF000DDE91023DDE90401FCF738FBCDE904015D
:10FF00002BE04FF00208F1E7E10709D5DDE9100128
:10FF1000D5E90023FCF700FACDE9100108F101084A
:10FF200064100835E3E700F007817C42844B854D7F
:10FF300004F00F0203EBC203D3E90023DDE90C0157
:10FF4000FCF7EAF9CDE90401241100234FF002087F
:10FF5000002C40F0E580002BD0D1129BDDE9044558
:10FF6000002B00F04C81784B002220462946FCF7FC
:10FF700045FC002800F04381B9F1000F00F03F81FB
:10FF8000099B002B00F3E480DDE90C34CDE9043457
:10FF9000159B002B02DB0E2F40F342820E9A002AA3
:10FFA00040F067820B9CDDF818800025B8F1000F47
:10FFB0000DD00A9B002B0ADD4345069AA8BF434695
:10FFC000D21A06920A9AA8EB0308D31A0A930B9B3B
:10FFD0000BB30E9B002B00F0A682002C00F0A18238
:10FFE00029462246584618F027F9039A0146054645
:10FFF000584618F077F803990646584617F0AAFFB6
:020000040001F9
:100000000B9B1B1B0B9300F091820B9A31465846B9
:1000100018F012F903900121584618F04DF80F9B83
:100020000446002B00F084821A460146584618F018
:1000300003F9209B012B044603DC049B002B00F0FA
:100040007C820026236904EB8303186925F04FFCAA
:100050000F96C0F120000A9B184410F01F0000F01A
:100060009182C0F12003042B40F38182069BC0F1F2
:100070001C00034406930A9B034480440A93069B96
:10008000002B05DD03991A46584618F02FF9039006
:100090000A9B002B05DD21461A46584618F026F922
:1000A0000446129B002B00F076820398214625F02F
:1000B0006DFC002880F26F82002303990A225846C3
:1000C00017F06AFF0E9B03907E1E002B00F05C82EF
:1000D000002329460A22584617F05EFF099B002B91
:1000E000054603DC209B022B00F35E82B8F1000F73
:1000F00005DD29464246584618F0F8F805460F9B9C
:10010000002B00F0D0826968584617F0E3FE0746DE
:10011000002840F07F820D4B024640F2EA2153E571
:10012000E20706D5D5E90023FCF7F6F808F1010847
:100130000123641008350BE74FF002080DE700BFFC
:1001400088650300606503000000F03FB49E030073
:100150002046AD4B00222946FCF7DEF8CDE904012C
:10016000099C7E1E08F101084046FCF76BF8DDE9AA
:100170000423FCF7D1F8A54B0022FBF717FFA1F1F0
:100180005073CDE910011193002C3BD1DDE904013E
:100190009F4B0022FBF708FF02460B46CDE90423E4
:1001A000DDE91023FCF748FB002840F05781DDE92A
:1001B000102101F10043DDE90401FCF71FFB0028D9
:1001C0003FF4E2AE00242546219BDDF820A0DE436B
:1001D0004FF000082146584617F0BCFE002D00F0F5
:1001E000A980B8F1000F05D0A84503D04146584674
:1001F00017F0B0FE2946584617F0ACFE9AE03E468E
:100200004C46B1E7834B03EBC40353E90201089B5F
:100210001C440E9B002B4AD002460B4600207E4910
:10022000FCF7A4F9DDE91023FBF7BEFECDE91001D0
:10023000DDF820A0DDE90401FCF71EFB0546FCF714
:1002400001F802460B46DDE90401FBF7ADFE30354F
:10025000CDE9040102460B460AF8015BDDE9100115
:10026000FCF7EAFA002865D1DDE904236B49002098
:10027000FBF79AFE02460B46DDE91001FCF7DCFABB
:10028000002840F00D81A24500F0EA80DDE9100170
:100290005D4B0022FCF740F85B4BCDE910010022DA
:1002A000DDE90401FCF738F8CDE90401C2E7DDE936
:1002B0001023FCF731F8CDE91001DDF820A0A046AD
:1002C000DDE90401FCF7D8FA0546FBF7BBFF02465F
:1002D0000B46DDE90401FBF767FE30350AF8015BE8
:1002E00002460B46A245CDE904234FF0000223D17C
:1002F000494BDDE91001FBF759FE02460B46DDE9EB
:100300000401FCF799FA002840F0CA80DDE91023C7
:1003100041490020FBF748FE02460B46DDE9040197
:10032000FCF76CFA70B1C24608F1FF381AF8013CCC
:10033000302BF8D0374655E0334BFBF7EDFFCDE9D6
:100340000401BDE7DDE90C34CDE90434159B002B35
:10035000FFF628AE0E2F3FF725AE2E4B03EBC7035B
:10036000D3E90034CDE90634219B002B02DAB9F140
:10037000000F64D0DDE90445DDF820A0DDE90623A7
:1003800020462946FCF7F2F8FCF776FA0646FBF71A
:1003900059FFDDE90623FBF7BFFF02460B46204667
:1003A000294606F13004FBF7FFFD0AF8014B089CD3
:1003B000AAEB0404A14502460B4640F08280FBF7FD
:1003C000F5FDDDE9062304460D46FCF735FA002865
:1003D00065D1DDE9062320462946FCF705FA08B178
:1003E000F3075CD40399584617F0B4FD00238AF84C
:1003F0000030229B01371F60249B002B3FF41BAC75
:10040000C3F800A017E400BF0000244000001C4017
:1004100000001440886503000000E03F0000F03F4A
:10042000A24B03EBC703D3E90034CDE90634219B8B
:10043000002B9FDAB9F1000F9CDC7FF4C3AE9C4B1C
:100440000022DDE90601FBF767FFDDE90423FCF785
:10045000E9F9044600287FF4B5AE3E462546B4E0EF
:10046000DDE90C34CDE90434159B002B01DB0E2FA4
:10047000D6DD209A012A36DC139A82B303F2334385
:100480000B9CDDF81880069A1A4406920A9A0121FC
:100490001A4458460A9217F00FFE054686E53E4676
:1004A00053469A4613F8012D392A06D1089A9A42E2
:1004B000F7D10899302201360A701A7801321A7081
:1004C00038E77C4B0022FBF727FF0022002304467D
:1004D0000D46FCF789F900283FF450AF82E7149BE2
:1004E000C3F13603CCE70B9B09F1FF34A34208DBD1
:1004F000B9F1000FA3EB04040EDBDDF818804B46C6
:10050000C1E70B9B0F9A0B94E31A1A44DDF818808D
:100510000F924B460024B6E7069BA3EB0908002385
:10052000B1E7039E71E50B9A039970E5039672E5B6
:10053000209B012B17DC049BABB9059BC3F3130372
:100540009BB9059B23F00046360D360536B1069B58
:10055000013306930A9B01330A9301260F9B002B5C
:100560007FF470AD0F96012075E50026F6E73FF4A5
:1005700086AD069A1C331A4406920A9A1A44984485
:100580000A927CE50346F4E7099B002B2BDC209BB9
:10059000022B09DC27E0B9F1000F1DDC209B022BA8
:1005A0001ADDCDF824903E46099B002B7FF40CAE5B
:1005B00021460522584617F0EFFC014604460398F1
:1005C00025F0E4F900287FF7FFADDDF820A0312306
:1005D0000AF8013B0136FBE50E9BCDF824903E4620
:1005E000002B7FF483AD089F0398214624F0DCFEA6
:1005F00000F1300907F8019B089B099AFB1A9A42FF
:1006000040F3CB80039900230A22584617F0C4FC1C
:100610000390E9E72A690232920005F10C010C30DF
:1006200024F084FC01223946584617F05FFE089BEF
:1006300003F1010ADDE9082313440A93049B03F044
:100640000103A8460B9305460AF1FF3321460398A0
:10065000069324F0A9FE4146099000F13009039861
:1006600025F094F92A4621460746584617F0AAFE77
:10067000C268014602B3584617F06CFC002F3ADA04
:1006800003990122584617F031FE2146039025F0C8
:100690007DF9002803DC29D119F0010F26D0B9F12A
:1006A000390F1DD132E02846C1E700BF886503003D
:1006B00000001440000024400E90039825F066F9D5
:1006C0000E990C90584617F045FC0C9A5ABB209B8B
:1006D00053B90B9B43B9B9F1390F17D0002F05DD82
:1006E000099B03F1310901E0002F2ADADDF818A097
:1006F0000AF8019B6EE5209B3B4304D1049B03F069
:100700000103002BBCD0B9F1390F36D1069F392334
:1007100007F8013BBA46013F1AF8013C392B5BD080
:1007200001333B7056E5002F06DB209B3B4306D18F
:10073000049B03F0010313B9002AA1DCD6E7002AC9
:10074000E1DC0A9B0AF8019C534557462FD00399D8
:1007500000230A22584617F01FFCA84503904FF0CB
:1007600000034FF00A02414658460BD117F014FC23
:10077000804605460AF1010A66E7DDF818A009F18E
:100780000109B5E717F008FC2946804600230A2234
:10079000584617F001FC0546ECE7099B002BC8BF43
:1007A0001F46089BD8BF01271F444FF0000803993C
:1007B0000122584617F09AFD2146039025F0E6F8ED
:1007C0000028A7DC02D119F0010FA3D1BA4617F80F
:1007D000013D302BFAD0FDE4089BBB429AD1089A28
:1007E000312301361370F5E4249B002B7FF41EAAFD
:1007F000014BFFF73DBA00BF339E0300000000002D
:1008000017A3D3E9002330B417A5D5E90045C0E903
:10081000022317A3D3E90023C0E9004516A5D5E9B3
:100820000045C0E9062316A3D3E90023C0E9044527
:1008300015A5D5E90045C0E90A2315A3D3E900238E
:10084000C0E9084514A5D5E90045C0E90E230022FA
:100850000023C0E90C45C0E9602330BC704700BFED
:100860003BA7CA8485AE67BB08C9BCF367E6096AC3
:10087000F1361D5F3AF54FA52BF894FE72F36E3CEE
:100880001F6C3E2B8C68059BD182E6AD7F520E51CA
:1008900079217E1319CDE05B6BBD41FBABD9831F82
:1008A0002DE9F043E3B01546619272A3D3E900232A
:1008B000CDE9002371A3D3E90023CDE9022371A37D
:1008C000D3E90023CDE9042370A3D3E90023CDE9C4
:1008D000062370A3D3E90023CDE908236FA3D3E94E
:1008E0000023CDE90A236FA3D3E90023CDE90C232C
:1008F0006EA3D3E90023CDE90E2300238046609345
:1009000045B900254146684660951CF051FA63B030
:10091000BDE8F0837F2D0E4679D9A5F1800727F039
:100920007F078037DFF848910F440C4660682268E3
:10093000E368A16800BA12BACDE9200262692069B1
:100940001BBA12BA22932492E369A2691BBA12BAA3
:1009500026932792636A626B1BBA12BA28932C9271
:10096000E36AE26B09BA00BA1BBA12BA2391259066
:10097000A16A206A2E922A93226BA36B09BA00BA4D
:1009800012BA1BBA2B912D922F932990606C216C77
:10099000E36CA26C00BA09BACDE93001616D206D3B
:1009A0001BBA329309BAE36D3491A16D1BBA369329
:1009B00009BA636E3791616F12BA1BBA00BA3392EB
:1009C0003893E26EA36E359009BA206E3C91803464
:1009D00054F8041C12BA1BBACDE93A2354F8102C6F
:1009E00054F8083C00BA09BA39903E9112BA1BBAC1
:1009F000494668463D923F93F4F792F8BC4295D140
:100A000025F07F0315F07F051E443FF47AAF002DDB
:100A100014BF2C460124032D26D924F003003044B2
:100A2000334640AA53F8041B42F8041B9842F9D1FC
:100A300024F00303A2071E443FF464AF0DEB03024E
:100A4000317882F800115A1C95427FF65BAF6A44F8
:100A50000233717882F800119D427FF653AF6B44E8
:100A6000B27883F800214DE70023E7E7AFF3008079
:100A70005066030008C9BCF367E6096A3BA7CA844D
:100A800085AE67BB2BF894FE72F36E3CF1361D5FAA
:100A90003AF54FA5D182E6AD7F520E511F6C3E2B29
:100AA0008C68059B6BBD41FBABD9831F79217E13FD
:100AB00019CDE05B0000000017A3D3E9002330B498
:100AC00017A5D5E90045C0E9022317A3D3E9002300
:100AD000C0E9004516A5D5E90045C0E9062316A3DF
:100AE000D3E90023C0E9044515A5D5E90045C0E9CF
:100AF0000A2315A3D3E90023C0E9084514A5D5E9C5
:100B00000045C0E90E2300220023C0E90C45C0E9DE
:100B1000602330BC704700BF07D57C362A299A6213
:100B2000D89E05C15D9DBBCB39590EF7D8EC2F156A
:100B300017DD70305A01599111155868874AB48EE3
:100B4000310BC0FF67263367A44FFABE1D48B54777
:100B5000A78FF9640D2E0CDB2DE9F043E3B01546A9
:100B6000619272A3D3E90023CDE9002371A3D3E9F5
:100B70000023CDE9022371A3D3E90023CDE90423A7
:100B800070A3D3E90023CDE9062370A3D3E90023A2
:100B9000CDE908236FA3D3E90023CDE90A236FA38E
:100BA000D3E90023CDE90C236EA3D3E90023CDE9DB
:100BB0000E2300238046609345B9002541466846D0
:100BC00060951CF0D3FA63B0BDE8F0837F2D0E462C
:100BD00079D9A5F1800727F07F078037DFF84891A2
:100BE0000F440C4660682268E368A16800BA12BA34
:100BF000CDE92002626920691BBA12BA22932492BD
:100C0000E369A2691BBA12BA26932792636A626BE0
:100C10001BBA12BA28932C92E36AE26B09BA00BAA3
:100C20001BBA12BA23912590A16A206A2E922A93A8
:100C3000226BA36B09BA00BA12BA1BBA2B912D9280
:100C40002F932990606C216CE36CA26C00BA09BAF6
:100C5000CDE93001616D206D1BBA329309BAE36DA5
:100C60003491A16D1BBA369309BA636E3791616FE7
:100C700012BA1BBA00BA33923893E26EA36E359063
:100C800009BA206E3C91803454F8041C12BA1BBA85
:100C9000CDE93A2354F8102C54F8083C00BA09BAAC
:100CA00039903E9112BA1BBA494668463D923F932D
:100CB000F3F736FFBC4295D125F07F0315F07F0591
:100CC0001E443FF47AAF002D14BF2C460124032D9F
:100CD00026D924F003003044334640AA53F8041BBD
:100CE00042F8041B9842F9D124F00303A2071E44E2
:100CF0003FF464AF0DEB0302317882F800115A1C07
:100D000095427FF65BAF6A440233717882F8001136
:100D10009D427FF653AF6B44B27883F800214DE7D4
:100D20000023E7E7AFF3008050660300D89E05C1BB
:100D30005D9DBBCB07D57C362A299A6217DD7030C2
:100D40005A01599139590EF7D8EC2F15310BC0FFC4
:100D50006726336711155868874AB48EA78FF964E0
:100D60000D2E0CDBA44FFABE1D48B547F0B5044666
:100D700090F90100A3789BB003EB0020FBF7CEFEB7
:100D80002B49FBF71FFF0746B4F8030040BA80B2B7
:100D9000FBF7C4FE2749FBF715FFB4F805300646FC
:100DA0005BBA4CF2503010FA83F0FBF7B7FE2249E1
:100DB000FBF7BCFFE38AADF820309DF821300546F3
:100DC000D4F8120004939DF820300393030E02938D
:100DD000C0F30722C0F30743079001930092C3B208
:100DE000164A142109A816F0F9F8142209A90EA828
:100DF00024F07CFA002338468DF84B30FBF734FAA8
:100E0000CDE914013046FBF72FFACDE9160128464B
:100E1000FBF72AFACDE918010948002200230EA9A0
:100E20000AF014FA10B107481DF06FFE1BB0F0BDB8
:100E30000AD7A33B0AD7233B0000C842407E0300E9
:100E4000040C00205E7E030008B5002005F0FCFCC9
:100E500028B1014602481DF058FE4FF0FF3008BD92
:100E6000777E030008B50449044806F067F90038A6
:100E700018BF0120404208BD750F0100700A002014
:100E800070B5084A084C1168002312201D4699428B
:100E900002DC0023136070BD00FB03F60133A5558F
:100EA000F5E700BF98270020B493002008B5064856
:100EB0001DF02BFEFFF7E4FF06F090F9003818BF95
:100EC0000120404208BD00BF977E03002DE9F0419C
:100ED0002021054624F0E3F908B1002303701048EF
:100EE000104C114FDFF8448029461DF00EFE0026FD
:100EF0003B68B34205DC0E481DF007FE0020BDE84C
:100F0000F081214640461DF000FE20462946FCF7B0
:100F100031F8123408B10136EAE70120EFE700BFEB
:100F2000B07E0300B4930020982700205380030074
:100F3000DF9A0300F8B50C4E05463068042812DC31
:100F40000A4C12273A46294607FB004024F0CEF906
:100F5000074829461DF0D9FD336807FB03440022EA
:100F6000013362743360F8BD98270020B4930020E9
:100F7000C97E0300F0B51E46037893B0044607AD62
:100F8000032B38D8DFE803F00231333532492846E5
:100F900024F092F9059563780493A3780393E3789A
:100FA00002932379019363790093A3792B4A2C4D03
:100FB0001E210AA81DF0B6FD002440F2994755F8FD
:100FC000041B0AA824F0B1F9002841D00AA8FFF7B1
:100FD0007DFF40B90AA8FFF7ADFFB288062A10D8F6
:100FE00020481DF092FD13B0F0BD1F49CFE71F4907
:100FF000CDE71F49CBE71F4A0A2128461DF092FD85
:10100000C8E730680378022B01D01B48E9E7437832
:10101000012B01D01948E4E70379C178FF2B01D0F7
:101020001748DEE7B0F80530BB4201D01548D8E7D5
:10103000D31E8B4205DC1448073A03391DF065FDC9
:10104000D1E71E2A01D81148CBE70730FFF78EFE03
:101050000134052CB3D1C6E7D57E0300FE7E030024
:1010600060030020217F0300DC7E0300E37E030099
:10107000ED7E0300F77E0300387F0300507F0300FE
:10108000637F0300827F03009B7F0300BC7F03001C
:101090002DE9F341032316468A1CB2FBF3F29200BA
:1010A00005460C46501C1FF065FA3B4F29190024D9
:1010B0002B462546994200EB040C1ED1002D68D02A
:1010C0009DF80430344F9A08611CBA5C8CF80020FB
:1010D000012D00EB010E42D11B0103F03003012E64
:1010E000FB5C8EF8003004F102014DD13D234354E6
:1010F000E11C3D234354013146E005F1080EEE4466
:1011000013F8018B0EF8048C022D05F1010224D195
:101110009DF80450AA082D01BA5C8CF800209DF8B7
:10112000052005F0300507EB121E92001EF8055051
:101130008CF801509DF8065002F03C0207EB951820
:1011400005F03F0518F802208CF8022004F1030E88
:101150007D5D00F80E50043400221546AAE7022DEA
:1011600010D19DF805201B0107EB121103F030038D
:101170009200CB5C8EF8003002F03C02E11CBB5CBC
:101180008CF80230012EB4D00023435402B0BDE8E5
:10119000F0812146F8E700BF7C0A002070B5084BBB
:1011A000084D00242646184655F8041B122224F048
:1011B0009DF80134052C467400F62863F3D170BD08
:1011C0009C27002060030020F8B51D460446164603
:1011D0001DF037F9431C069F04D1BDE8F8400B48C9
:1011E0001DF093BC40F6286303FB0040D0F8241E9A
:1011F000B1F5967F09DA00EB810401316661C4F82C
:10120000C454C4F87479C0F8241EF8BD33800300B8
:101210002DE9F041324E334D8EB00B2430461DF097
:1012200074FC2B68052B0DD12F4E304FDFF8C0809A
:101230000022002302A930460AF05CF8002835D0CD
:10124000002011E0013C2CD12A48274E274FDFF81F
:10125000A0801DF05AFC0022002302A930460AF0AB
:1012600049F820B14FF0FF300EB0BDE8F08102A97F
:1012700038461DF04AFCDDE90A01FBF745FB05464F
:10128000DDE90801FBF740FB0446DDE90C01FBF753
:101290003BFB2B460090224602A94046FFF794FFF5
:1012A000D9E74FF47A701DF0A6F8B7E702A93846DF
:1012B0001DF02BFCDDE90A01FBF726FB0546DDE905
:1012C0000801FBF721FB0446DDE90C01FBF71CFBE1
:1012D0002B460090224602A94046FFF775FFA7E77C
:1012E0004580030098270020040C00204E80030056
:1012F0009C2700208A8303002DE9F04F5A4E5B495A
:101300005B4F89B040F628640590304623F0D4FF47
:10131000059B584A5C4304EB070B5B4649F6FF719B
:10132000701C15F05BFE451CC5F520417019524A32
:1013300015F054FE04F110090544B9444FF00008BB
:10134000DBF8242E424506EB050AC5F520433FDCB9
:101350004A4A1946504615F041FE059A04F5986927
:1013600040F628630544B9444FF0000803FB0273BC
:10137000D3F8242E424506EB050AC5F5204B42DC86
:101380003F4A5946504615F029FE059B04F517645F
:1013900040F6286905443C444FF0000809FB0379F6
:1013A000D9F8247E474506EB050AC5F5204B45DCF8
:1013B0005946344A504615F011FE2844C0F52041E4
:1013C000304A304415F00AFE274809B0BDE8F08FD6
:1013D00059F8040FCDE90623FAF746FF069A2A4B7F
:1013E00002F1FF3C294AC445C8BF1A46079B029236
:1013F000CDE90001264A1946504615F0EFFD08F1E7
:10140000010805449CE759F8040FCDE90623FAF7D3
:101410002BFF069A1C4B02F1FF3C1C4AC445C8BF77
:101420001A46CDE9000102925946194A504615F074
:10143000D5FD08F10108079B054499E754F8040F0E
:10144000FAF712FF104B114A013F4745C8BF1A4631
:10145000CDE90001029259460D4A504615F0BEFDF5
:1014600008F1010805449BE70E9400205C8003000E
:101470009C270020578003005E80030075800300D6
:1014800083800300EE8303008D9B0300CC9F030049
:101490006E800300084B1A691268120403D520B14C
:1014A0009B681B6903E00028FAD09B68DB68024850
:1014B0004FF40041184700BFB85E030038B5012063
:1014C000FFF7E8FF44F620601CF095FF00F0DEFE19
:1014D0000446C0B100F096FE224601461148124D66
:1014E0001DF013FB11481DF010FB062442F2107092
:1014F0001CF081FF28461DF008FB00F0C7FE40B934
:101500000B481DF002FB43F698201CF074FF0020EE
:1015100006E0013CEAD107481DF0F7FA4FF0FF3032
:1015200038BD00BF9180030019820300B78003001B
:10153000DC800300E580030070B5064688B03248C1
:101540001EF008FC88BB31481DF0DFFA10242E483D
:1015500002698168136823F4004313600B684FF439
:1015600020220F219847014618B129481DF0CDFAD5
:10157000102428481DF0C9FA0120FFF78BFF43F61D
:1015800098201CF038FF01F0ABF980B144F0010461
:10159000FFF75AFC08B144F00204204600F078F846
:1015A000FFF7FCFD204608B070BD0024CFE700F037
:1015B0006DFE054648B100F025FE2A460146164854
:1015C0001DF0A3FA44F00C04E2E742F6E0601CF0E0
:1015D00012FF2021684600F0D5FF1049684623F02D
:1015E000A4FE68B93146684600F050F91CF052FF7D
:1015F000FFF72AFC0028CED1002CD1D01024CCE754
:1016000044F00804C4E700BFB85E0300ED800300A7
:101610000A8103002E81030091800300848D030062
:1016200001481EF097BB00BFB85E030070B50025EF
:101630000E4C2E464FF496620021204623F09EFC6D
:101640004FF49662A018002123F098FC013504F5B0
:1016500016604FF49662002123F090FC052DC4F82B
:10166000106E04F62864E5D170BD00BFB0270020DD
:1016700010B51CF0F9FE044620B104481DF045FAEF
:10168000204610BDFFF7D2FFFAE700BF3E810300FE
:1016900010B5044620B90F48BDE810401DF035BA1A
:1016A000C30702D50C481DF030FA600702D50B487D
:1016B0001DF02BFAA10702D509481DF026FA2207D2
:1016C00002D508481DF021FAE30601D50648E3E7F4
:1016D00010BD00BF5D810300798103008C81030090
:1016E0009F810300B7810300CC8103002DE9F04105
:1016F0000388DE0688B004460D4615D55A485B4F70
:101700001DF003FA052638461DF0FFF91CF0CEFE49
:10171000FFF786FF002800F087802388544823F0D5
:10172000100323801DF0F1F92388D80714D5514800
:101730004E4F1DF0EAF905261CF0B8FE38461DF0A4
:10174000E4F901F0CDF8002873D149481DF0DDF926
:10175000238823F0010323802388590725D5464891
:10176000424F1DF0D2F905261CF0A0FE38461DF0B0
:10177000CCF900F08BFD002863D13D481DF0C5F980
:10178000238823F0040320216846238000F0FAFE1A
:101790003A49684623F0C9FD38B92946684600F041
:1017A00075F8238823F00803238023881A071FD5A0
:1017B00033482E4FDFF8C4801DF0A7F9052600F04E
:1017C00065FD1CF073FE38461DF09FF92021684628
:1017D00000F0D8FE4146684623F0A7FD002836D128
:1017E0002946684600F052F8238823F00803238036
:1017F00023889B0713D523481C4E1DF086F9052529
:101800001CF054FE30461DF080F9FFF71DFB20BB95
:1018100017481DF07AF9238823F00203238008B0CB
:10182000BDE8F0411CF036BE013E7FF46CAF1648B7
:1018300078E7013E80D1144808B0BDE8F0411DF0C2
:1018400064B9013E90D110481DF05FF9ADE7013E4B
:10185000B5D10D481DF059F9CAE7013DD0D10A486C
:101860001DF053F9DBE700BFE38103001982030099
:10187000DC800300F8810300B7800300848D03003F
:101880001C82030037820300E580030030B50C465C
:101890008FB000282DD000292BD009AB039308ABC3
:1018A000029307AB019306AB1949009304AA05AB59
:1018B00015F0C8FB049B03F5FA6264336361059B72
:1018C0000492013B2361069BE360079BA360089B96
:1018D00063600025099B23602562204614F09CFC70
:1018E000B1F1FF3F08BFB0F1FF3F04D109481DF03F
:1018F0000CF90FB030BDCDE90A010AA901200C9501
:10190000FDF742FA08B10448F1E70448EFE700BFE9
:1019100060820300788203008D820300A8820300A6
:1019200010B588B004A9012004F058F9C8B904A87A
:1019300014F06AFB0446DDE904230C481DF0E5F8C9
:1019400023680B48D4E90421029363680193A368D8
:101950000093E368013201F26C711DF0D6F808B013
:1019600010BD04481DF0D1F8F9E700BFC68203009E
:10197000D3820300F7820300F0B585B069460120E9
:1019800004F02CF9054628BB684614F03DFB0446DC
:10199000816817482A461DF0B8F8A36833BB154D77
:1019A000E368D5E90002D917914208BF83421DD0F0
:1019B0000B26FFF783FDFFF75BFE07464FF4203051
:1019C00000210AF093FA4FB1013EF2D10A481DF00E
:1019D0009CF809E009481DF098F807E0E368DA1779
:1019E000C5E90032FFF722FE1CF054FD05B0F0BD42
:1019F00016830300381C0020448303003283030055
:101A00002DE9F0470A688B6806465C1CD018D35C49
:101A1000222B0F46144440F0E180D1F804C0254643
:101A20000023A91A614580F0D9802978222919D18B
:101A3000C3F10103281A3A691844904781460028E7
:101A400000F0CC808046AC4216D3002388F80030EA
:101A50001023C6E903393B68ED1A0135BD6001204A
:101A6000BDE8F0875C2905D10135A91A614580F0F0
:101A7000B58001330135D4E723785C2B06D00134DF
:101A800008F1010288F800309046DCE76378752B96
:101A90000AD86D2B0FD8622B2AD023D82F2B39D000
:101AA0005C2B37D0222B35D07B69484698473B6862
:101AB000E41ABC6095E06E3B072BF5D801A252F802
:101AC00023F000BFFD1A0100A91A0100A91A0100A4
:101AD000A91A0100051B0100A91A01000D1B010034
:101AE0001B1B0100662BDFD108F101020C2302E071
:101AF00008F10102082302210C44C3E708F10102A6
:101B00000A23F8E708F101020D23F4E708F10102C6
:101B10000923F0E708F10102EDE72B1B052BC3DDDC
:101B2000A01C1CF0D8FCA0F55C43B3F5806F824686
:101B3000BAD3A0F55843B3F5806F2CD2A31DEB1A8E
:101B4000052BB1DDA3795C2BAED1E379752BABD13D
:101B500004F108001CF0BFFCA0F55C43B3F5806FF6
:101B6000A2D2214BC0F3090003EA8A23034303F501
:101B7000803A0C21F020042202F1FF3C58FA8CFC40
:101B8000E0455FFA8AF320D1012A14BF034303F032
:101B90007F034244B0E77F280BD9B0F5006F0CD328
:101BA000B0F5803F0DD3B0F5881FBFF47DAF06219F
:101BB000E0E7062100200122DEE70621C020022204
:101BC000DAE70621E0200322D6E703F03F0363F0C3
:101BD0007F030CF801394FEA9A1AD1E7002C7FF401
:101BE00066AF00203CE700BF00FC0F00F8B50D46D3
:101BF0000446002834D0002931D08468FAB9194E3F
:101C000074B3236AC3B1AB4221D005F1FF3C013B61
:101C10001CF8011F725C02F00302012A13F8012F65
:101C2000B05C00F003000F4608BF01F12007012857
:101C300008BF203297420FD02468E1E724687CB1C6
:101C4000216A21B12846FBF795F90028F6D1236ACD
:101C5000002B08BF002403E00029D9D1F7E70C4688
:101C60002046F8BDFE9B03002DE9F041134E0446CB
:101C700000270CB9BDE8F081E368D4F80080DA05EC
:101C800004D4A06880B92069736898B9E36813F434
:101C9000007504D1206A10B1736898472562204608
:101CA000736898474446E4E7FFF7DEFFE368DB0527
:101CB000E9D5EBE798472761E8E700BF7403002008
:101CC0002DE9F043314F89B005460C4616460021F8
:101CD0001C2201A84FF00009984623F04FF9C7E9EC
:101CE000009925B90024204609B0BDE8F083002CF6
:101CF0003DD0274B93E8070008ABCDE9015403E939
:101D000007001CF01EFC0446002830D0019850B19A
:101D1000039BE3B9029B042B04D91E49032223F041
:101D2000D3FA88B101A81CF0F5FB01462046FCF768
:101D3000A7FEC8B1B8F1000F0BD1002ED3D0019B84
:101D4000039A13443360CEE703230393EAE748463C
:101D5000E9E701A81CF0DEFBDDE90223934203D290
:101D6000019AD35C002BE8D02046FFF77DFFDDE928
:101D70000223934201D332B1531E0EB1EA183260EE
:101D8000C7E90053AEE71346F7E700BF646E0020D3
:101D9000740300206983030030B58BB001A8FFF7FE
:101DA000CBFB174CADF80200BDF80230D3B9154D8E
:101DB000154CFFF7B5FDFFF755F830B9FFF728FAD6
:101DC000013002D128461CF0A0FEFFF76FF8FFF7A4
:101DD000D3FD20461CF099FE00214FF416000AF0B6
:101DE00085F8E6E720461CF090FE00214FF47020B5
:101DF0000AF07CF801A90DF10200FFF777FCD3E7A8
:101E00006D830300798303009383030070B5ADF500
:101E1000825D06A80AAD00F0B3F80FCD6C460FC482
:101E200095E8030084E8030008AE96E80C001C481F
:101E300000F00CF9054600F059FA044660B100F0D4
:101E400067FA28461EF08FFB204600F0DBF90446B7
:101E500020460DF5825D70BD124A2B464FF480512D
:101E600010A815F0BBF810A8FBF78EF80646284618
:101E70001EF079FB00940C490C48334610AA00F080
:101E8000F9FA044610B100F043FADDE74FF4806040
:101E90001EF070FB044600F04DFA00F039FAD7E767
:101EA000A3830300F08303004184030057840300ED
:101EB0002DE9F0410E46ADF6080D804601214FF4A4
:101EC00070501EF05BFB012105464FF440501EF0A0
:101ED00055FB04463046FBF757F8002201463046D2
:101EE000FFF7D6F8244A03464FF4405106462046F1
:101EF00015F074F82046FBF747F8074630461EF009
:101F000032FB3B461D4A4FF47051CDE90084284610
:101F100015F064F82846FBF737F8074620461EF010
:101F200022FB00F0C9FB044618B300F033FC28463E
:101F30001EF019FB20460DF6080DBDE8F081A91929
:101F40004FF4006202A823F0D1F902A88DF80888A6
:101F5000FBF71AF8014602A800F03EFC06F5006601
:101F60000446B742EBD828461EF0FDFA00F012FCFA
:101F7000E0E706468046F4E77B840300988403008C
:101F800010B5044620B9BDE810400D481CF0BDBD99
:101F90000C4B03600C4B83600C4B43610C4BC0E952
:101FA00003331CF088FA0B4BC31861F10002B0F543
:101FB000E15041F1FF31C4E90632C4E9080110BD26
:101FC0005C850300A383030057840300848503001A
:101FD000AB850300D0D5FFFF70B5044686B030B99D
:101FE00017481CF092FD0025284606B070BD836995
:101FF00004930369039303680293C368019383689E
:102000000093002143680F4A084614F0E7FF461C7E
:1020100030461EF0AFFA054608B90B48E1E7A36960
:1020200004932369039323680293E3680193A368ED
:1020300000936368034A314614F0D0FFD4E700BF31
:10204000E1850300FA8503003E86030082B02DE996
:10205000F047ADF5367DBEA905464FF4806081E8B6
:102060000C001EF087FA04464FF400601EF082FA5E
:102070000746BEA8FFF7B0FF80462846FAF784FF60
:10208000002201462846FFF703F806464046FAF7C5
:102090007BFF002201464046FEF7FAFF0546404618
:1020A0001EF061FA4F4A009533464FF48061204696
:1020B00014F094FF07A81EF090FA11A80DF0E6FEA8
:1020C00061A81FF0E2FA4FF4C0734749009311AAC8
:1020D000002361A80DF03CFE61AB0293DFF80C8198
:1020E0004349CDF804800023009340F2A96207A879
:1020F0000AF05EFE8246C8B101463E481CF005FD6E
:1021000007A81EF06EFA11A80DF078FE61A80DF078
:1021100001FE10F0E5F930461EF025FA28461EF0C3
:1021200022FA20461EF01FFA002753E0012107A8DB
:102130001EF067FA18B930481CF0E7FCE0E72046CB
:10214000FAF722FF5346014609AA20461EF049FB32
:1021500020461EF008FA61ABCDE903830DF11809A2
:102160004FF480730DF1840801930921CDF8089094
:10217000CDF80080534609AA07A81EF04BFA014685
:1021800020B142421D481CF0C0FCB9E70246D9F814
:1021900000104046FEF77CFF194A33464FF4806139
:1021A000CDE900500446384614F018FF30461EF0C2
:1021B000DAF928461EF0D7F920461EF0D4F907A810
:1021C0001EF00FFA11A80DF019FE61A80DF0A2FD86
:1021D00010F086F938460DF5367DBDE8F04702B0BF
:1021E000704700BF768D0300D9FE0100B1FD0100EC
:1021F0005F860300088D0300138D0300408D0300EC
:10220000738D03002430C0B224289ABF024B53F8C8
:1022100020000248704700BFD06803007C8D030097
:102220002DE9F043ADF2044D0E4615461C4600F074
:1022300043FB1248124FDFF84C80DFF84C9000F05F
:102240003BFB2A4623466946384609F053F870B9E5
:10225000694640461CF059FC3146684623F065F853
:1022600050B94946684623F060F80028E9D00020BC
:102270000DF2044DBDE8F0830120F9E75985030014
:10228000340C002053800300848D030008B51249EC
:1022900012484FF420320023FFF7C2FF10B94FF06D
:1022A000FF3008BD0E490F484FF420320023FFF7DE
:1022B000B7FF50B108490C484FF420320023FFF714
:1022C000AFFF10B96FF00500EBE74FF400400021BD
:1022D00009F00CFE0020E4E78A8D03008D8D0300D9
:1022E000908D03009F8D0300A88D030008B506495B
:1022F00006484FF420320023FFF792FF00280CBF5E
:102300006FF00900002008BD8A8D0300B78D03001F
:1023100008B5064906484FF420320023FFF780FF36
:1023200000280CBF6FF01300002008BD8A8D030049
:10233000C38D03002DE9F0410646ADF6380D4FF48C
:1023400000601EF017F9002303703F493F4D404FD6
:10235000DFF80081044601A822F0AEFF01A800F0DA
:10236000ABFA3D4800F0A8FA4FF4203200230EA942
:10237000284608F0BFFF002836D0009B374A4FF4AC
:10238000807101A814F02AFE35494FF42032002351
:1023900001A8FFF745FF98B32C4D2D4FDFF8B4800F
:1023A0004FF4203200230EA9284608F0A3FF00288E
:1023B00038D00A2120461CF02EF81CF0DEF8054625
:1023C00020461EF0D0F8DDB1264928461CF0D9F889
:1023D000254A03694FF40061304614F0FFFD28469A
:1023E000FFF742FC00200DE039460EA822F09DFFC9
:1023F00060B11E481CF089FB1549304622F05CFF95
:102400006FF00F000DF6380DBDE8F08141460EA8C3
:1024100022F08BFF0028A7D015496A460EA814F0B9
:1024200011FEA1E739460EA822F07FFF0028E0D177
:1024300041460EA822F079FF0028B1D10EA920460E
:1024400022F01EFFACE700BFCF8D0300340C00204C
:10245000848D0300F98D030059850300168E030057
:102460008A8D0300278E0300478E0300DC8D030056
:10247000048E0300F0B5ADF5005D81B01D460DF58D
:10248000005318330E461F684FF40051034614469C
:102490006846334A14F0A2FD32494FF4203200233B
:1024A0006846FFF7BDFE28B96FF00A000DF5005D24
:1024B00001B0F0BD2C4A33464FF40051684614F089
:1024C0008DFD28494FF4203200236846FFF7A8FE0F
:1024D00010B96FF00B00E9E78FB1244A3B464FF487
:1024E0000051684614F07AFD1E494FF42032002353
:1024F0006846FFF795FE10B96FF01400D6E71C4A46
:102500002B464FF40051684614F068FD19494FF40A
:10251000203200236846FFF783FEF0B1164A2346B7
:102520004FF40051684614F059FD0E494FF4203223
:1025300000236846FFF774FE10B96FF00D00B5E791
:102540000E490F484FF420320023FFF769FE0028A0
:1025500014BF00206FF01200A8E76FF00C00A5E791
:10256000348E03008A8D03004A8E0300648E0300BC
:102570007E8E0300948E0300478E03009D8E030021
:10258000A18E03002DE9F04F0D46ADF2045D044627
:1025900000285BD0002959D00026344906706846CF
:1025A00022F08AFE684600F087F93148DFF8C4A0BF
:1025B000DFF8C4B0DFF8C49000F07EF94FF42032A9
:1025C00040A90023504608F095FE014618B12C485A
:1025D0001CF09BFA35E040A958461CF096FA494693
:1025E00040A822F0A2FE804618B126481CF08DFAC1
:1025F00027E0254940A822F098FEA0B1222122F030
:102600004EFE80B3471C2221384622F048FE08B314
:10261000C61BB54210D932463946204622F086FC08
:1026200004F806800126194940A822F07EFE002801
:10263000C4D05EB91648D9E716482A4631461CF080
:1026400064FA0E4A2946204614F0C8FC0DF2045DD7
:10265000BDE8F08F10481CF058FA4A46294620463B
:1026600014F0BCFCDFE70D48F5E700BFB18E0300B6
:1026700059850300340C002053800300848D03002F
:102680009D8F0300DC8D0300BA8E03008A8D03004A
:102690006D8F0300C28E0300088F0300438F030079
:1026A000034904484FF420320023FFF7B9BD00BFAF
:1026B0008A8D0300C98F030008B52B492B484FF4BE
:1026C00020320023FFF7ACFD50B9294929484FF4C7
:1026D00020320023FFF7A4FD10B96FF0200008BDE1
:1026E000234925484FF420320023FFF799FD38B1E4
:1026F0001F4922484FF420320023FFF791FD10B903
:102700006FF02100EBE71A491D484FF420320023F7
:10271000FFF786FD38B116491A484FF420320023DE
:10272000FFF77EFD10B96FF01D00D8E7104916487D
:102730004FF420320023FFF773FD0028F3D00C493B
:1027400012484FF420320023FFF76AFD0028EAD038
:1027500007490F484FF420320023FFF761FD00289E
:10276000E1D00020BBE700BFD18F0300DD8F030065
:102770008A8D0300E98F0300F48F0300119003009A
:102780002B90030037900300439003005490030004
:102790007F900300D0B50C4C0C484FF42036002736
:1027A00032463B462146FFF73BFD32463B4621463B
:1027B0000748FFF735FD32463B4621460548FFF7FF
:1027C0002FFD0020D0BD00BF8A8D03008B90030039
:1027D00099900300A4900300D0B5ADF5006D0B46B1
:1027E0000F4A04464FF4006168464FF42036002734
:1027F00014F0F4FB0B4932463B466846FFF710FDE8
:10280000002140F6CD4009F071FB074932463B46B6
:102810002046FFF705FD00200DF5006DD0BD00BF7F
:10282000B0900300C19003008A8D03002DE9F341AD
:102830001D4DAC68E36B13BBE36A3BBBDFF86880FC
:102840001A4C1B4EAB681B69EBB101220DF107015D
:1028500040469847012816D19DF807200A2A01D042
:102860000D2A18D12368002B15DD0027F7541049D5
:1028700010480022002308F0E9FC2760E2E7284620
:1028800098470028D8D102B0BDE8F08106489847A3
:102890000028D3D1F7E7236840F2FE318B429EBF78
:1028A000591CF2542160CDE71C5F03006C6E0020C0
:1028B0000E340120340C0020F8B50646FAF764FB0C
:1028C000064F05460024AC4200DBF8BD315DBB6815
:1028D00002485B6898470134F5E700BF1C5F0300BE
:1028E00038B50E4C20461DF035FAA0B1A5684DB1A3
:1028F0002B6C3BB10A490022204698472B6A3BB912
:10290000002004E007481CF000F96FF0010038BD1A
:1029100020469847F4E74FF0FF30F8E71C5F0300CC
:102920002D280100DC920300014B1B68184700BFF3
:1029300080030020014B1860704700BF8003002017
:1029400007B50B46002102460091034800F0E4F968
:1029500003B05DF804FB00BF2929010030B587B042
:102960000025CDE903010446009503A90548059516
:1029700000F0D2F9DDE904309842B8BF255407B021
:1029800030BD00BFE7EA02000F2808B506D91CF0E9
:1029900082FC092303604FF0FF3008BD3023584309
:1029A000044BBFF35B8F1B58BFF35B8F002BEED044
:1029B0000020F2E78C0300200EB42DE9F74130250A
:1029C00045431B4C05F10C0604EB050826444FF06B
:1029D000FF324FF0FF33074630461CF0D7F8D8F8E7
:1029E00004306059DB680AAA40F20111019298474D
:1029F000051E10DBD8F82C3003F47042B2F5E04F1E
:102A000005D011D803F45043B3F5804F03D13023E0
:102A100003FB0744A56230461CF0BAF8284603B011
:102A2000BDE8F04103B07047B2F5004FEEE700BFDC
:102A30008403002030B530231049434308330B444E
:102A4000BFF35B8F1A68BFF35B8FB2B1BFF35B8FCD
:102A5000541E53E8005F954204D143E8004CBCF19A
:102A6000000FF6D1BFF35B8FEAD1012A05D13023E5
:102A700058430A1800230B50536030BD84030020D4
:102A80002DE9F84F074689469246FFF77DFF00285B
:102A900036DB30257D431C4C05F10C0604EB0508A4
:102AA00026444FF0FF324FF0FF3330461CF06EF8F3
:102AB000D8F804306059D3F800B0D8F8283052461E
:102AC0004946D847051E12DDD8F82C3003F4704271
:102AD000B2F5E04F05D010D803F45043B3F5804F62
:102AE00005D1302303FB0744A36A2B44A36230467D
:102AF0001CF04EF82846BDE8F88FB2F5004FEFE71E
:102B00004FF0FF35F6E700BF840300202DE9F84FB2
:102B1000074689469246FFF737FF002836DB302507
:102B20007D431C4C05F10C0604EB050826444FF0D0
:102B3000FF324FF0FF3330461CF028F8D8F804304D
:102B40006059D3F804B0D8F8283052464946D847DF
:102B5000051E12DDD8F82C3003F47042B2F5E04FB8
:102B600005D010D803F45043B3F5804F05D130237E
:102B700003FB0744A36A2B44A36230461CF008F809
:102B80002846BDE8F88FB2F5004FEFE74FF0FF356C
:102B9000F6E700BF84030020F8B50546FFF7F4FE12
:102BA00000281ADB30246C430D4F04F10C063E4420
:102BB0004FF0FF324FF0FF3330461BF0E7FF3B1979
:102BC00038595B689B689847044630461BF0E0FF25
:102BD0002846FFF72FFF2046F8BD4FF0FF34FAE7F5
:102BE0008403002070B504460D46FFF7CDFE002893
:102BF0000DDB0849302303FB04F00C182B46095861
:102C000060684FF48372BDE870401BF0B0BF4FF0B6
:102C1000FF3070BD8403002073B504460D46164690
:102C2000FFF7B2FE00280EDB084B302202FB043314
:102C300040F201119B6A00932A4633462046FFF773
:102C4000BBFE02B070BD4FF0FF30FAE784030020F6
:102C5000F0B5094E016802460A2700200B460131F3
:102C60001C78355D6D0701D41360F0BD07FB004390
:102C7000A3F13000F2E700BFFE9B03002DE9F84FFF
:102C800015469A46D378234A12F803B06F2B814633
:102C90000F460BF0030B2BD026D8582B0CBF102659
:102CA0000A26DDF828803246002348463946FAF7DE
:102CB00029F9092A08F1FF38D4B21ED83034B145B9
:102CC000E4B277F1000788F8004001D3D04511D86D
:102CD0002B789B0605D5082E15D1AB7843F0080359
:102CE000AB704046BDE8F88F03F0F703702BD5E7D3
:102CF0000826D6E781460F46D5E7BBF1010F0CBF8A
:102D000037345734DBE7102EEBD1AB7843F01003A8
:102D1000E6E700BFFE9B03002DE9F04F9FB082461F
:102D2000039117461C460025387810B9284600F054
:102D3000A0BD252809D00399D0470028C0F2998565
:102D40007B1C01350593059FEEE71822002110A892
:102D500022F014F97B78252B00F0BA800023791C2F
:102D600098469E469C4618460E4611F8012B2B2A83
:102D700000F0E18000F2D880202A00F0DF80232AD2
:102D800000F0DF802BB19DF8483043F040038DF810
:102D90004830B8F1000F05D09DF8483043F02003CB
:102DA0008DF84830BEF1000F05D09DF8483043F053
:102DB00010038DF84830BCF1000F05D09DF8483065
:102DC00043F008038DF8483028B19DF8483043F0AF
:102DD00004038DF848309DF8483003F0440144293D
:102DE00003D16FF386138DF848309DF848300E9666
:102DF00043F080032A2A8DF8483040F0A7809DF8E0
:102E0000493043F001038DF84930731C1A782E2A9B
:102E10009DF849200CBF0121002161F341028DF88A
:102E200049200CD15A1C0E925A782A2A40F09E80D2
:102E30009DF8492042F004028DF8492002331A78A7
:102E40006C2A00F0BF8000F2A180682A00F0A78001
:102E50006A2A00F0C0804C2A00F0C58013F8012BCC
:102E60000593782A8DF84B2000F205816D2A00F237
:102E7000C780692A00F2FF80572A00F2DE80412ACB
:102E800004D0A2F14503022B00F2F5809DF84A30F0
:102E900002F0DF020421A2F1410661F30203724253
:102EA0009DF849108DF84A30724162F3C7110A0645
:102EB0008DF84910CBB200F11D8103F07802182A79
:102EC00040F007816FF3C6038DF849300023F6E028
:102ED0008DF84B30BB1C05939DF849209DF84A3076
:102EE000D10703F0070040F1078154F8041B049157
:102EF000002908DA9DF8481041F004018DF84810C7
:102F0000049949420491560740F1FE8054F8046B3D
:102F1000002E80F2FD809DF849206FF341028DF86C
:102F200049204FF0FF36F3E02D2A0DD0302A7FF4F0
:102F300029AF012318E74FF0010C15E74FF0010E00
:102F400012E74FF001080FE701200DE70EA8FFF789
:102F50007FFE0E9BB3423FF459AF9DF8482013907B
:102F6000C00F60F341028DF848204FE70EA8FFF72D
:102F70006FFE9DF848301490C3F3400242EAD072CD
:102F800062F341038DF848300E9B58E7742A26D02F
:102F90007A2A7FF463AF9DF8492006210CE05A7825
:102FA000682A9DF8492006D1012161F3C6028DF8F7
:102FB0004920023352E7022161F3C6028DF849200D
:102FC00001334BE75A786C2A9DF8492001D104213E
:102FD000EBE70321F0E79DF849200521ECE79DF898
:102FE00049200721E8E7BDF8482022F4F04222F00A
:102FF000020242F4804242F00202ADF84820DFE7CC
:103000006E3AD3B201229A4040F282431A429DF8AE
:10301000493037D112F0240F5FD1D1072BD59DF85D
:103020004A2003F07803A3F14000032161F3020278
:1030300043428DF84A20434141E0A2F15801C9B210
:10304000012000FA01F111F4624F7FF41FAF40F646
:10305000010319429DF849301AD111F4043F0AD0F6
:103060009DF84A2060F3020203F07803402B8DF8AC
:103070004A207FF42BAF9DF8483043F001038DF8D0
:10308000483023E79DF84A20022161F30202EBE772
:103090009DF84A10022003F0780360F30201402BF0
:1030A0008DF84A1002BF9DF8481041F001018DF8DB
:1030B0004810632A7FF40AAF003B18BF01239DF834
:1030C0004820C2F340010B4363F341028DF84820CE
:1030D00002E713F0380FCED1F8E69DF84A2003211D
:1030E00013F0780F61F302028DF84A2014BF012318
:1030F0000023E4E70123E2E79DF948100029B4BF6B
:1031000013994FF0FF31FDE691077FF50AAF149E4A
:103110009DF8491000220428CDE9132207D18A071F
:1031200005D49DF94920002AACBF06260D2603F0E0
:103130000703012BC1F3C30132D1CB1E042B04D8EA
:10314000DFE803F0204545202000236801294FEAED
:10315000E372CDE910321BD19DF94030DA17CDE989
:10316000103204349DF8483006939B074FD0059BDE
:1031700003993A4650461BF03CFD0028C0F2798383
:103180000544E0E554F8043BDA17CDE91032E9E7ED
:103190000229E6D11AB243F3C033CDE91023E0E7A8
:1031A000022B24D1CB1E042B04D8DFE803F0181027
:1031B00010181800012954F8043B4FF0000214D0F5
:1031C0000229CDE91032CDD19BB21093CAE7073462
:1031D00024F00704F4E80223CDE91023C2E754F8F1
:1031E000043B109300231193BCE7DBB2CDE7042B23
:1031F00008D1073424F00704D4E900230834CDE9CA
:103200001023AFE7032BADD154F8043BDDE79DF865
:103210004B80B8F1780F3FF696ADB8F1570F5CD8F8
:10322000B8F1250F00F0A480B8F1240F7FF68BAD24
:10323000B8F1410F04D0A8F14503022B3FF683AD4E
:10324000DDE91023002BC0F24D810699080700F13B
:103250004C81C1F300194FEA4919C3F30A51C3F372
:103260001303002940F0448152EA030014BF4FF0D9
:10327000010C4FF0000CD80240EA5250D702CDE9C1
:103280000C70B8F1460F47EA010740EAE17008BF49
:103290004FF06608384300F0B881BCF1000F10D041
:1032A0001B0343EA125317033A4618464FF0000C2B
:1032B000002880F25681BCF1000F40F05981CDE921
:1032C0000C730D9B43F00043A1F2FE3B0D930021D4
:1032D000DDE90C230F46052060E1A8F15803202BFF
:1032E0003FF631AD01A252F823F000BFB734010020
:1032F000472D0100472D0100472D0100472D0100FA
:10330000472D0100472D0100472D0100472D0100E9
:1033100041320100472D0100633401007734010080
:10332000413201004132010041320100472D0100CC
:1033300077340100472D0100472D0100472D010082
:10334000472D0100BD340100B734010007340100EE
:10335000472D0100472D010081330100472D010059
:10336000B7340100472D0100472D0100B73401009B
:1033700003994046D0470028C0F27B820135E2E441
:10338000002E109F3BDB3146384621F0C2FF002F54
:103390003FF4D9AC3E18F31B4FF000099DF84A20CA
:1033A00012F01001069100F05982023312F040022F
:1033B000DDF84C80089218BF149ACDF81C80434465
:1033C00018BF9B18049A002A40F36382D31A9DF811
:1033D000482004935007C2F3800B00F15A82510633
:1033E00040F14A82B9F1000F07D003994846D0470F
:1033F0000028C0F23E820135D94630223DE23846EF
:10340000F9F7C2FDC6E71098002800F022820DF1FE
:103410007503009312AA17AB0021FFF72FFCBDF82C
:103420004A3003F0EF0343F4F04343F01003074640
:10343000ADF84A304FF00009002E0CDB9DF8482013
:103440000DF17503DB1B6FF386129E428DF8482049
:1034500001D9F31A1393002F3FF475AC0DF17506E3
:103460006DE0109B8DF85C304FF000090DF15D06AA
:1034700017AF012392E7069B1F0758BFC3F300193C
:10348000DDE9102354BF4FEA49194FF02B09002BF7
:1034900006DA524263EB4303CDE910234FF02D09C6
:1034A0000DF175030093DDE9100117AB12AAFFF7C8
:1034B000E5FB0746C0E74FF00009F1E7109B07293D
:1034C0003FF641ACDFE801F00C04060C08080C0CD8
:1034D0001D7038E41D8036E4EA17C3E9005232E477
:1034E0001D6030E44FF02D09B7E64FF02B09B4E62C
:1034F00040F2FF70814231D108F10108A1495FFA21
:1035000088F8134311F8081001F003011ED10129B6
:103510000BBF492369234E216E210CBF4622662230
:103520008DF85C309DF848308DF85D106FF3861390
:103530008DF85E208DF848300DF15F0617AFF31B54
:10354000B9F1000F3FF42AAF013327E7012915BF76
:103550006E234E23612141211A46E1E74FF0000C12
:1035600089E6921801F1FF3140414FF0010C9FE6CE
:10357000CDE90C20A5E6520842EAC3725B08B3F11C
:10358000333F59460BF1010BF5D200FB03FCA2FBC4
:10359000002301F1020B6344013F01211BF1020FE3
:1035A000E9DB09B1CDE90C23BBF1000FDDE90C32F9
:1035B0002EDCCBF10401A1F120000BF11C0B02FA6F
:1035C0000BFB22FA00F0CA40CB40079208F0DF0262
:1035D00043EA0B03472A43EA00037ED1F91C01DBCF
:1035E000BE422BDAA8F10208002E5FFA88F87DDDD2
:1035F0009DF84820920606F1FF3677D4B6F1000B0D
:1036000018BF4FF0010B721C27E04FF0000B5EE675
:10361000023342F100020CA8CDE90C321BF0BAFAD9
:10362000DDE90C320BF1FF3B0137DB185241002A78
:103630000BF1FF3BF9DACDE90C32B5E79DF84820F4
:103640009006A6EB07064ED4B6F1000B18BF4FF05C
:10365000010BF2194FF066084BD4102AA8BF1022B4
:1036600010200B904FF000610020CDE90E01DDE944
:103670000E01002A3FD1079A1B1842EB0101B1F15C
:10368000805F47D2CDE90C31069BB8F1660F03F09D
:10369000200240F0BE80002F47DC30238DF85C30E4
:1036A000002A71D1002E40F3B7812E238DF85D30B2
:1036B00087B17B42B342A8BF33469DF84A2013939B
:1036C000002BA6EB0306D4BF0023012363F34512AE
:1036D0008DF84A200DF15E0340E0B8F1660F4FF01F
:1036E000000BB6D08FE74FF0000BB2E74FF0000BA6
:1036F00089E70022B4E7400840EAC1704908CDE9F3
:103700000E010EA8CDE908231BF044FA089A099B84
:10371000013AACE75B0843EAC1730CA84908CDE95C
:103720000C3101371BF036FAAEE717AB0B990029C5
:103730000BDD0BA90CA8CDE906321BF043FA069B62
:10374000079A03F8010B013FF0D11397AAB9002E95
:1037500040F360812E2103F8011B0027002E1CDDA1
:103760000B9A002A19DD0BA90CA806931BF02AFA64
:10377000069B013E03F8010BF0E72E2203F8012B14
:10378000EBE700BFFD9B03002E238DF85D30002F7B
:10379000A0D0002E8DDC0DF15E03BBF1000F4CD1EB
:1037A00014961E4608F0DF03452B21D1002FBABF27
:1037B0007F422D232B23632FC8BF64227370C2BFA7
:1037C000B7FBF2F303F1300102FB13774FF00A026B
:1037D00086F80080CABFB17002360336B7FBF2F339
:1037E00003F1300102FB1373303331707370023612
:1037F000139B002B2BDC149B002BD4BF0023012335
:103800009DF84A2063F3861200238DF84A20337016
:1038100094E60BA90CA806921BF0D4F9069A8DF831
:103820005C00302818BF07F1FF3712B9002E40F3B3
:10383000F3802E238DF85D304CE71E46013B16F8D1
:10384000012C302AF9D02E2A08BF1E46AAE70123F0
:10385000D6E7734E8146771F05239FE5110748BFC2
:103860000133A3E5104609920399D0470028099A2D
:1038700005DA1FB0BDE8F08F2022DDF810B0594600
:1038800000290BF1FF3BEDDC049BCDF810B02B447D
:103890005D1AB9F1000F05D003994846D0470028BA
:1038A000E7DB0135089B002B79D09DF94930002BCF
:1038B00029DBDFF870913B46187819F80020520791
:1038C0009B4603F101033FD49DF84A30EF1B980655
:1038D0005F4407D44246002A08F1FF383BDC079BCF
:1038E0003B449F1A9BF800002E280AD10399D04729
:1038F0000028BEDBB8F1000F07F1010731DC0BF146
:10390000010B5D4638E0B94699F800007028C846BA
:1039100009F1010913D1EF1B149D47443D44EB1BF2
:10392000002B34DC03993346424650461BF061F9C4
:1039300000289EDB3844049E0546064465E0039952
:10394000D0470028E0DA94E706930399D04700288F
:10395000069BB1DA8DE703993020D0470028B9DA09
:1039600087E703993020D04708F1FF38C0E7039973
:10397000D0470028FFF67DAF287819F800305907A6
:10398000A84605F10105F2D4A7EB0B07C4E703999C
:103990003020D0470028FFF66CAF0137BFE79DF815
:1039A0004A30DA0601D41B0706D503993020D047E8
:1039B0000028FFF65EAF0135069B3BB103999DF8E9
:1039C0004B00D0470028FFF654AF0135A84406E06D
:1039D00003993020D0470028FFF64BAF0135A8EB04
:1039E0000503002BF4DC039933463A4650461BF09E
:1039F00000F90028FFF63DAF28449CE703992020FA
:103A0000D0470028FFF635AF0135731B002BF5DCDE
:103A1000FFF799B91746C0E60DF15D03BDE600BF9B
:103A200014930300FE9B03002DE9F047058B044629
:103A30002807904611D4022905F0070540F0CC80F4
:103A400020461BF015F978B10138218B042811D8D4
:103A5000DFE800F0C2106D85950001290CBF45F02C
:103A6000100545F02005258388F31188BFF36F8F7B
:103A7000BDE8F08701F0070AAA4500F0A5800027FD
:103A8000B9463E46A368002B00F0BC8041F0080117
:103A9000218388F31188BFF36F8FA168002900F09C
:103AA000BA800D68002900F0B680D1F80480334652
:103AB00052462046C047002D76D02B6829461D4629
:103AC000F0E701F007035A1F012A1BD8002221F05A
:103AD0000701062B276889B2C4E9002209D13B46B9
:103AE00003E0628B013262831B68002BF9D141F045
:103AF0000201218320461BF0BBF800287AD041F058
:103B0000200176E0042B0AD121F0070189B221833C
:103B100020461BF0ADF810B141F020012183218B2C
:103B200001F0070AAA454FD00027B946AAE7236942
:103B300021F0070141F00601062DD3F80090218302
:103B40002DD1B9F1000F3FD041F00801218388F356
:103B50001188BFF36F8F3A492046C84729E021F00A
:103B60000701236941F0040189B2042DD3F80490C0
:103B70002183E6D000273E464FF0040A82E721F079
:103B80000701236941F0050189B2052DD3F808909A
:103B90002183D6D000273E464FF0050A72E7002762
:103BA0003E464FF0060A6DE72B4687E7B9F1000F56
:103BB000D1D1EFF31188402383F31288BFF36F8FC5
:103BC000238B23F008032383258BEA062ED525F0CB
:103BD0001003238305F007056669218B002EBFF6CD
:103BE00070AF00232768C4E9003321F0070141F0DA
:103BF00001012183218B01F0070AAA454FF000093A
:103C00007FF440AF002F9CD041F00801218388F35E
:103C10001188BFF36F8F002FC8D03D6839463346F7
:103C2000524620461BF050F82F46F4E7AB067FF5CE
:103C30001BAF25F02003238305F0070500E700BF35
:103C4000F5EC0200014B036000207047746903002B
:103C5000F0B40C4B0C4E5F6A0C4BB34203D36FF0C5
:103C60008500F0BC70475D68BD4209D31C693CB15A
:103C700095F802C00579AC4502D12346F0BC18473F
:103C80002433EAE7706E0020240E0020000E00208E
:103C90002DE9F047134CDFF85080DFF850900546CF
:103CA0000E461746444503D36FF08500BDE8F08704
:103CB0006268D9F824309A4212D3A36983B190780C
:103CC0002979884205D13A4631462846BDE8F04771
:103CD00018475279012A03D13A4631462846984777
:103CE0002434DFE7000E0020240E0020706E002038
:103CF0002DE9F0410B4CDFF8308005460E461746A3
:103D0000444502D36FF0850009E063690BB92434A0
:103D1000F6E73A463146284698470028F7D1BDE8ED
:103D2000F08100BF000E0020240E002010B50446D4
:103D30001BF0E3FB10F1780F00D050B9054A204684
:103D40001BF064F9D2F8C43023EA0003C2F8C4308F
:103D5000002010BD706E0020024B00221A605A60D5
:103D6000704700BF2B6F002070B50B4B0B4CA3426C
:103D700001D3002070BD196A1E7F00220439D5B21C
:103D8000AE4201D82433F2E7013211F832508542B5
:103D9000F5D10120EEE700BF000E0020240E002028
:103DA00008B509480378C3F341130A3350F82330A8
:103DB0003BB100F1080200F110019847C043C00F69
:103DC00008BD1846FCE700BF706E002004282DE9EE
:103DD000F14FDFF8989004460F4616D001282DD1F8
:103DE000DFF88C8098F8B93043B300F0D9FD214D4D
:103DF0004D4520D2D5F820B04FF0000A2B7F5FFA56
:103E00008AF6B34204D82435F2E7FFF7A5FFE7E7C7
:103E10000BEBC6060AF1010A30791BF06EFB024675
:103E200030791BF0F3F8D8F8C430002A23EA0003F5
:103E3000C8F8C430E2DA002388F8B9300D4D4D459A
:103E400008D30B4B1B6A6BB13946204601B0BDE865
:103E5000F04F1847EB681BB13A4621462846984771
:103E60002435ECE701B0BDE8F08F00BF240E002040
:103E7000706E0020000E002073B5C4B263060D46BC
:103E80008DF8074007D02046FFF76EFF78B10D4B45
:103E900093F8BA0058B10B4E204655B103F07CFDA3
:103EA000F3691BB10DF1070108209847012002B00A
:103EB00070BD03F099FDF369002BF7D00DF10701F8
:103EC0000920F2E7706E002073B586788DF80060E7
:103ED000037942791C4C43EA0223ADF80230C378DF
:103EE000304603F003038DF804301BF08FF8D4F84C
:103EF000C430184205460BD0304600F033FD304642
:103F0000FFF714FF1CF03DF910B9962008F00CF8EB
:103F1000684603F01DFD10F1780F03D010B10020AA
:103F200002B070BD9DF8000003F09AFD10F1780F0B
:103F300001D00028F3D1D4F8C43001202B4384F8F9
:103F4000B900C4F8C430EBE7706E00202DE9F047EB
:103F5000924DAB6904460E461746C3B9207800F06F
:103F60001F00012876D0022800F0DC8000BB94F905
:103F700000103A68637800292EDA062B0CD0082B43
:103F800025D0ABB9537001231370022303E1984786
:103F90000028E3D100200DE06388190A0A1F012AD6
:103FA0008C4605D9072903D8DAB26B6A1C781CB98C
:103FB0006FF01500BDE8F0875D78654503D182425A
:103FC00000F0E48001302344F0E71B78E3E095F84B
:103FD000BA3013700123DEE0052B11D0092BE7D195
:103FE00063886E6A002B32D1FFF7B6FE638885F8CE
:103FF000BA30EB69002BCDD0694903209847C9E757
:10400000A07803F093FC0028C4D0D1E77378042B88
:1040100010D0052B11D0022B04D177796388BB42D5
:1040200008BF012033781E443378002BEED10028DE
:10403000BED0D9E796F80380F4E76388BB42F1D19C
:10404000B8F1000FEED13046FFF73EFFEAE7FF2759
:10405000B846E9E795F8BA30D7F800C0002BA7D0EA
:104060006F6AA28894F804E03B46187800289FD035
:104070005978022904D193F80480F04500F2928027
:104080000344F2E78CF800308CF80130316081E7AE
:104090001F4493E00B2B8BD100264FF0FF08C14645
:1040A000B24606E07B78042B0FD0052B21D03B785D
:1040B0001F443B78002BF5D1EB6913B15146072023
:1040C0009847002E7FF466AF72E797F80280A388C6
:1040D00097F803909845EAD163889945E7D1B8F1FC
:1040E000070F1CD805EB0803BA4683F8BB900126DE
:1040F000DDE7A3884345DAD1A3784B450AD0BE78E3
:10410000304600F02FFC3046FFF710FEB0FA80F684
:104110007609CCE73846FFF7D7FE0646C7E7BA462A
:104120000026C4E794F900206378002A18DA002BEF
:104130007FF43EAF24793F6863060AD02046FFF73C
:1041400013FE00283FF434AF95F8BA30002B3FF44B
:104150002FAF3946204603F067FC00237B7014E73D
:10416000012B08D0032B7FF423AF6388002B7FF44F
:104170001FAF012103E0618800297FF419AFA088F7
:10418000FFF77AFE00287FF405AF11E702293B60B4
:104190007FF41BAF5B883360FCE600BF706E0020CD
:1041A0002A6F002094F9000063780028BFF672AFF0
:1041B000002B3FF467AF0A2B7FF4FAAE3B78002B5D
:1041C0003FF4F6AE797804297FF462AFB9788A4279
:1041D0007FF45EAF072A96BF5219002392F8BB30D6
:1041E0008CF80030F6E600BF13B5164C237DF3B90A
:1041F000E268A168019201AB80201AF015FF019AD4
:10420000A3681344A360E3689B1AE3606BB962B1CF
:104210002369E2889A4208DD94F8C82093FBF2F102
:1042200002FB11330BB90123237502B010BD00232B
:104230001A4619468020237502B0BDE8104003F0ED
:1042400039BC00BF706E002030B585B00023024637
:104250000D460193002858D1002935D108220B467C
:104260000DEB02011BF062F9002804DA802003F054
:1042700093FB05B030BD2A4C029A2260039A62601B
:1042800004F13802A2609DF90820BDF80E302575B2
:10429000002AC4E903550ADB802B04D9802003F0EF
:1042A0007BFB0020E3E713B1C4E90333E1E7FFF749
:1042B00077FD0028DAD0E28823699A42D4BFE26011
:1042C000E360FFF791FFD4E7154CD4E90215002D08
:1042D00001AB04DC1BF02AF90028CADAC6E72A463B
:1042E0001BF024F90028D9DB019AA3681344A360CA
:1042F000E3689B1AE360002BBBD104F13803A36091
:10430000FFF74EFD0028DCD1B0E78028B1D1044B87
:10431000DA68002AD5D11B7D002BD2D1A9E700BFD6
:10432000706E0020054B064A9A62064ADA62064A17
:104330001A63064A58629A6100207047706E002026
:104340004D3F0100513C0100F13C0100913C010056
:104350002DE9F3410446474D47484FF0FF334FF0F6
:10436000FF3207F01FF895F8B830002B7BD16B6A4D
:1043700083B142482C62E8616E6A03F0B5FC03F039
:10438000A3FA041E10DA3C4807F084F8204602B075
:10439000BDE8F08100F0BEF8FFF7C4FF6B6A002BA8
:1043A000E7D14FF0FF34EEE700F01CFB041EEADB20
:1043B0007378012B5AD1F379002B57D00026684629
:1043C00085F8C830ADF802308DF804608DF80060D3
:1043D00003F0BEFA041ED6DB802768468DF8007015
:1043E00003F0B6FA041ECEDB2549304603F068FC24
:1043F000041EC8DB2249384603F062FC041EC2DBFF
:10440000204CDFF8848044451AD3002003F028FBB9
:10441000041EB8DBD5F8C430802043F00103C5F892
:10442000C43003F01DFB041EADDBD5F8C43043F4EB
:104430008033C5F8C430012385F8B8300024A2E7E2
:10444000276A0026227FF3B29A4201D82434DAE7A1
:1044500007EBC30257F83310107903F031FC013633
:104460000028EFD09DE76FF077048CE76FF015041C
:1044700089E700BF706E0020F00B0020CD3D0100E9
:1044800049420100000E0020240E002030B51F4BD1
:104490008BB005AA03F1100518685968144603C4C7
:1044A0000833AB422246F7D11B782370102200213B
:1044B00001A820F063FD12220021154820F05EFDC6
:1044C000102101A81BF073F900281BDD0828B8BFD4
:1044D0000820093801AB0E491A18002012F8013FD4
:1044E0000AAC04EB131403F00F0328336B440130C0
:1044F00014F8144C13F8143C0C7008284B7001F19C
:104500000201EBD102480BB030BD00BF1593030090
:104510000F3801202DE9F04F724B93F800B087B0AF
:10452000BBF1000F03D0704807B0BDE8F08F6E4CB0
:1045300000264FF0011AB0463546B14623783BB904
:104540006A4B02349C42F3D1664A01231370EAE7B6
:104550006378052B1BD8DFE803F08E03C38E1D396B
:10456000402304A88DF810B0ADF812308DF814B0C7
:104570001AF0AEFF40B1082304A8ADF812301AF0CB
:10458000A7FF08B1ADF812B0BDF81230E37123787F
:104590001C44D3E7E378002BF9D1A3786BB108F181
:1045A00001085FFA88F8F2E76B689C4207D024356F
:1045B0004F4B9D42F8D30020B6E74E4DF8E7AB686D
:1045C000002BECD0414620469847E8E7002DF2D07A
:1045D00000222B7F9A42EED2296AA07801EBC20119
:1045E0000B79984201D00132F3E70127E07800F01F
:1045F00003008DF81400207994F805C040EA0C20DF
:10460000ADF8120094F902000028FBB228DA07F195
:1046100010004FF0010C0CFA00F010EA0A0F26D13E
:1046200043F080008DF8100004A8CDE90213019238
:104630001AF04EFFDDE90121039BC0B99DF810205F
:10464000A27012F0800F18BF10330A7118BFDBB2CE
:104650004FF0010214BF9A40BA404AEA020A96E7B4
:104660000120B84010EA0A0F01D11846DAE70137F5
:10467000102FBBD1B7E7032E1AD1FFF707FF07466C
:1046800050B1F8F781FC024630B11028A8BF1022C3
:104690003946A01C20F04AFC23786FF00201E21892
:1046A000091B04EB5303D14213D50136F6B26EE772
:1046B000002EF1D1B9F1000F3FF47DAFA4EB090357
:1046C00089F80230C3F3072389F8033089F804809E
:1046D000EBE702F801BC13F8010902F8020DE2E76A
:1046E000A14654E70E3801205C0D0020FF0D00208C
:1046F000240E0020000E002010B5094B00211A46A0
:104700001C78844205D15C681CB1482303FB01205E
:1047100010BD0131042903F14803F1D10020F7E76E
:104720003C6F00202DE9F34150F8303C10F8346C18
:10473000103304460AD1036950F8282C980736D55F
:10474000D2B9590715D5002344F8303C54F8303C11
:1047500010330BD054E9097554F81C8C1BF011FD73
:1047600000284FD02E4821461BF0E5FC02B0BDE8E2
:10477000F08143F00403236154F82C1C01AB304654
:104780001AF052FC10B16FF01503DDE7019A54F8EE
:104790002C3C134444F82C3C54F8283C9B1A44F815
:1047A000283C54F8243C134444F8243CCEE754F805
:1047B0002C1C01AB304603F0F9F90028E3D1019D30
:1047C00054F82C3C2B4444F82C3C54F8283C5B1BFC
:1047D00044F8283C54F8243C2B4444F8243C002D55
:1047E000B1D0304603F086FAB5FBF0F303FB105569
:1047F000002DA8D154F8283C002BA4D0304603F05B
:104800001DFAA3E744F8200CA4F1180006F0B0FE4E
:10481000002DABD0424639463046A847A6E700BF38
:10482000401C00204B1E012B73B506460D460FD8C9
:10483000FFF762FF044668B9012D09D101AB0122DF
:104840000DF10301304603F0B1F9019B002BF5D1C6
:1048500002B070BD1BF095FC04F1340108B1012DCC
:1048600005D1084602B0BDE87040FFF75BBF0348C2
:1048700002B0BDE870401BF05EBC00BF401C0020D1
:104880002DE9F74F80460091174699461AF017FC1C
:10489000044600285CD1EFF3118B402383F3128888
:1048A000BFF36F8F2C49002208460023019106F0C8
:1048B00083FE019968B9DFF8A4A0482262430AEB9D
:1048C00002056E6816F1100F12D1084606F050FE70
:1048D00006E00134042C01F14801E4D16FF00B062D
:1048E0008BF31188BFF36F8F304603B0BDE8F08FB4
:1048F0000AF802800C9A009B6A610D9A2861AA61ED
:1049000040466FF00F02C5E90237C5F844906A606F
:1049100003F0F0F958B1404603F0ECF9B7FBF0F2C0
:1049200002FB10771FB16A6C42F004026A6419F04E
:10493000020F08D0482202FB04A1094834311BF0C1
:10494000FAFB0026CCE7404603F078F90646C7E7B5
:104950006FF00F06C8E700BF586F00203C6F0020C3
:10496000401C002010B5EFF31184402383F312881C
:10497000BFF36F8FFFF7C0FE50B14368103307D10C
:104980006FF08B03436000F1340104481BF0D3FB4C
:1049900084F31188BFF36F8F10BD00BF401C00204F
:1049A000F8B50E4C04254027EFF3118687F31288E3
:1049B000BFF36F8F6368103307D16FF08B03084824
:1049C000636004F134011BF0B6FB86F31188BFF37A
:1049D0006F8F013D04F14804E6D1F8BD3C6F002023
:1049E000401C002070B50A4C0A4E00253146204676
:1049F0001BF085FB0122A4F11800114601351BF0C4
:104A00003EFB042D04F14804F0D1002070BD00BF2E
:104A1000706F00202547010070B504460E460179ED
:104A2000154815461AF027FB10B394F90020637857
:104A3000002A16DB202B04D0222B0ED06FF085002D
:104A40000AE02B681A6840F8102C9A8820F80C2C81
:104A50009B7900F80A3C002070BD638800F8093C8F
:104A6000F9E7212BEAD11038072328603360F2E7F9
:104A70006FF01200F0E700BF5C70002008B501463F
:104A800003481AF006FB10B1012300F8073C08BDEB
:104A90005C7000200169012381F84B300B6833B151
:104AA00091F849301BB1024808311BF044BB7047F4
:104AB000401C00200169012381F84A300B6833B1A2
:104AC00091F848301BB1024808311BF034BB7047E5
:104AD000401C002070B5012382F8483013680D4651
:104AE00014463BB192F84A3023B10E4802F1080156
:104AF0001BF021FBD4F890301A699B689A4205D1CB
:104B00007DB904F1180140F6CD4204E004F118012A
:104B1000002DF8D00022BDE870400248002306F0C6
:104B2000CBBE70BD401C002070B5056995F89E0095
:104B3000E0B195F89F30D3B985F84830EFF311868E
:104B4000402383F31288BFF36F8FD5F890001AF0DB
:104B5000E8F9044686F31188BFF36F8F05480022F9
:104B6000002305F1180106F0A7FE204670BD0020C5
:104B7000FCE700BF401C00200D4A03460021A0F8BE
:104B800048101068C3F8940090889279A3F89800B0
:104B900083F89A2083F89C1083F89B10A3F89E104A
:104BA00083F8A010402203F14C0020F0E7B900BFC9
:104BB000A0620300F0B5D0F88C305B681B6A1F7DE3
:104BC00085B0044638461AF07AFA0646F8B994F8E1
:104BD0008630E3B1A06F4FF4806203A91AF0C0F9E8
:104BE0000546A0B18306A4F1180308BF00F1FF3504
:104BF00084F830600193074B039900932A460223FF
:104C00003846FFF73DFEA06F29461AF0C9F905B0F6
:104C1000F0BD00BFD54A010010B504690023C4F8F7
:104C2000A8300C4BC4F8A400596804F1A80269B973
:104C3000C3E9002204F1080007491BF060FA04F1FF
:104C4000180006491BF08DFA002010BD0A605A605A
:104C5000F0E700BF5C700020E9F00200B54B0100F6
:104C600073B504698DF80710002384F84830402597
:104C7000EFF3118685F31288BFF36F8F0122D4F80A
:104C800090000DF107011AF04CF986F31188BFF37B
:104C90006F8F01280AD01BF074FA10B994F8A13074
:104CA0006BB9094B1A780AB901221A702122002324
:104CB00004F11801054806F0FFFD02B070BD0021A7
:104CC000212007F013F9D3E721380120401C0020F0
:104CD00037B514460A1E054620DDD4F88C0004F1D1
:104CE0004C011AF01EF9012384F8493023683BB1C6
:104CF00094F84B3023B1114804F108011BF01BFA62
:104D0000D4F88C104B684A699A1ACB699B1A3F2BCE
:104D100004D8012384F8A03003B030BD94F89E304D
:104D2000002BF9D0064B009301940123402204F19B
:104D30004C012846FFF7A4FDEEE700BF401C002011
:104D4000D14C0100F7B50D4601461D481AF087F910
:104D5000044610B30646691E56F8A4395F68052953
:104D60001BD8DFE801F01C1A031C222610F8061CD1
:104D700099B9012300F8063C3B6A3246187BFFF7DD
:104D8000A7FF14F85C2C42B93B6A187D0D4B0093C9
:104D9000019602231146FFF773FD03B0F0BD3046C4
:104DA00003B0BDE8F040FFF7E7BE012304F8053C7F
:104DB000F3E710F8053C002BEFD00023F6E700BF27
:104DC0005C700020D54A010037B5094D094900241F
:104DD00000944FF0FF334FF48062284606F02EFD1A
:104DE000054928461BF0D3F9204603B030BD00BF6B
:104DF000401C0020008901203393030008B50448BB
:104E000019F083FEBDE80840024819F07EBE00BFDD
:104E10003C9303007193030001480EF0FDB800BFFE
:104E2000B869030038B5044618B90F4B0F485B68E2
:104E300098476168B1F5683F10D0B1F5680F0DD0A3
:104E40000B4DA9420AD011F46861206807D00146D1
:104E500008481BF03FF800232360656038BD14222A
:104E600020F08CF8F9E700BF340800209F9303007E
:104E70002C5F5CA96475002008B520B34368B3F5C6
:104E8000683F10D101220368BFF35B8F53E8001F16
:104E9000002903D143E800200028F7D1BFF35B8F3E
:104EA0000DD1002008BD094A93420AD000684FF096
:104EB000FF324FF0FF3306F075FA0028F1D00448B6
:104EC000F0E70448EEE76FF4E040EBE72C5F5CA905
:104ED000E98FFFFFEA8FFFFF08B5D8B14368B3F54C
:104EE000683F10D100220368BFF35B8F53E8001FB7
:104EF000012903D143E800200028F7D1BFF35B8FDD
:104F00000BD1002008BD074A934208D0006806F084
:104F1000C1FAF6E76FF4E040F4E70348F2E703482C
:104F2000F0E700BF2C5F5CA9E98FFFFFEA8FFFFF6E
:104F300010B5044618B91D4B1D485B689847636857
:104F4000B3F5683F2FD0B3F5680F2CD0194A9342C0
:104F500019D1236803BB18484FF0FF324FF0FF33DD
:104F6000214606F045F908B923681BB90F4B1348D1
:104F70005B6898472068142200211FF0FFFF4FF460
:104F80006863636008E0B3F5683F0DD83A2B03D03F
:104F900040F6BA629342DED120681AF0D3FF63680C
:104FA00043F03A03636010BD054AF3E7340800207C
:104FB0009F9303002C5F5CA964750020C5930300D8
:104FC0003A00003A08B506490648402314221AF070
:104FD00073FFBDE80840044904480EF0E1B800BF83
:104FE0006470002064750020C0690300D469030068
:104FF00030BFFFF7FDBF00BF074A936893F90E105B
:10500000002907DB526993421FBF044A536843F0EB
:1050100080535360704700BFE482002000ED00E041
:1050200070B5264B15469A6A12F0100F9A6A14BF93
:105030001124102412F0080F9A6A18BF1224920744
:1050400006460AD5586B9A6A140634D519B19A6A7D
:1050500022F080029A62132401E06FF01500174BD2
:105060009A6A12F0010F9A6A18BF142412F0200FE6
:105070009A6A18BF1524D20602D49B6A9B070AD5E8
:105080000E4B5B68190506D5314600F08BFA10B15E
:1050900080F309880224094B9A6A920642BF5A6A31
:1050A00022F400525A629A6A42F0FF029A62002386
:1050B0002B70204670BD6FF01500CCE700ED00E0CE
:1050C000134B9A6A12F0007F9A6A14BF1E201D20AB
:1050D00012F0807F9A6A18BF1F2012F4002F9A6A7C
:1050E00018BF212012F4802F9A6A18BF222012F4D0
:1050F000003F9A6A18BF232012F4803F9A6A6FEA31
:1051000002426FEA12429A6218BF2420704700BF21
:1051100000ED00E010B5194B0246986A9C6A10F445
:10512000805F14BF1720162014F4006F9C6A18BF0C
:105130001820A40509D5986B986A000404D51AB103
:105140009A6A22F400429A6219200C4B9A6A12F46D
:10515000806F9A6A18BF1A20D2050CD49B6A13F488
:10516000005F18BF1C20054A936A43F47F43936293
:1051700000230B7010BD1B20F5E700BF00ED00E021
:10518000F0B5484B5B688BB00446C3F308030025B9
:1051900085F31188BFF36F8F02F07F40B0F17F4F2E
:1051A00011D102F00C0008280DD010074CBF0C469E
:1051B00001250022033B8DF80720032B05D8DFE8EB
:1051C00003F0246367602C46F3E700239DF8072073
:1051D000CAB902AE04F1200720686168324603C2F2
:1051E0000834BC421646F7D1099A002D54D0C2F3B8
:1051F000080121B96FEA52226FEA4222099202A9FC
:10520000184619F0DCFF0BB0F0BD264BDA6A9107A7
:10521000DBD4DA6A002AD8DBDA6A5200D5D55A69BB
:10522000A16942F480725A61BFF34F8FBFF36F8F51
:105230005A6931F8021C22F480725A61BFF34F8F11
:10524000BFF36F8F4DF6027291420AD09A6AD2B2C2
:105250004AB10DF1070201212046FFF7E1FE0346A6
:10526000B4E72368B2E79A6A12F47F4F05D00DF1D4
:1052700007010120FFF74EFFF1E79B6AB3F5803F7E
:10528000A3D3FFF71DFFEAE70DF107020021E3E7D3
:105290000DF107010020EDE722F4FF7222F0010278
:1052A000ACE700BF00ED00E0044B5A6942F0100289
:1052B0005A615A6922F008025A61704700ED00E015
:1052C000EFF30880EFF3098101B57246FFF758FF4D
:1052D00001BD00BF002080F31488BFF36F8F05F07D
:1052E00055F800200D490860BFF34F8F0C4880F33C
:1052F000088800F02BF8402080F3118809484FF40B
:105300000461401880F30988EFF3148002210843F8
:1053100080F31488BFF36F8F00F00CF994ED00E078
:10532000C0E30120009A01200749D1F89020002312
:10533000C2F307221846934200DB7047C1F8983049
:10534000C1F8A0000133F6E700ED00E008B572B641
:10535000002383F31388FFF7E7FF144B4FF0FF326E
:10536000C3F88020C3F88420C3F88820C3F88C20B9
:10537000C3F89020C3F89420C3F89820C3F89C2069
:10538000C3F88021C3F88421C3F88821C3F88C2195
:10539000C3F89021C3F89421C3F89821C3F89C2145
:1053A00062B6BFF34F8FBFF36F8F08BD00E100E01F
:1053B000084B9B6883420BD1EFF3058343B1064B47
:1053C0005A6842F080525A605A6A22F400425A6285
:1053D0001AF0B2BFE482002000ED00E0094A9368B1
:1053E0006FF00A01D967084998674B6843F080530A
:1053F0004B60002383F31188BFF36F8F9368D86FDE
:10540000704700BFE482002000ED00E010B50446C4
:10541000EFF31183402383F31288BFF36F8F094B9F
:1054200058699860084B4FF000625A600022836F01
:10543000826783F31188BFF36F8F00F017F920465E
:1054400010BD00BFE482002000ED00E00B498A6837
:105450004FF030001044EFF3098C80E8F01F7446E1
:105460007046FFF7D3FFA64604498A6802F1300070
:1054700090E8F01F8CF3098870470000E482002058
:105480001EF0040F0CBFEFF30880EFF30980816971
:1054900011F8021C0229FFD001B519F096FE01BDDA
:1054A00040B2002807DB044A4109012300F01F0035
:1054B000834042F82130704700E100E040B200280C
:1054C0000CDB4309064900F01F0020330122824013
:1054D00041F82320BFF34F8FBFF36F8F704700BF9A
:1054E00000E100E0054B420900F01F0053F82220C4
:1054F000012303FA00F01040704700BF00E100E014
:1055000040B2D30754BF023100210028ACBF00F1E4
:105510006040074A4FEA4113ACBF00F5614000F01C
:105520000F00DBB2B4BF135480F80033704700BFE4
:1055300014ED00E00B4A08B50B4B22F07F029A6095
:10554000BFF34F8FBFF36F8FD3F8882022F4700220
:10555000C3F8882005F074FD06F0A2FD00F05CF8A9
:1055600005F0B2FD0010000000ED00E042F8203C24
:10557000009B42F81C3C0A49019B42F8183C029BE4
:1055800042F8143C21F001014FF0807342F8043CD2
:1055900042F8081C0023203A02658367704700BF69
:1055A0003FEB0200094A0346906870B113F1160FF1
:1055B000806E05D0A0F140029A4205D8834203D202
:1055C000814228BF0020704700207047E4820020FD
:1055D00008B50B4B0E461546986000F047F82C4670
:1055E00086F309884FF00000064B984720464FF09D
:1055F00000014FF000024FF00003034C204700BFB2
:10560000E4820020E9F102003FEB0200014B10228E
:105610001A61704700ED00E0044800234021C218E1
:105620000133302B82F80013F9D1704700E100E01C
:1056300008B5EFF30583064A103B02EBC30152F8AD
:10564000330049688847BDE80840FFF7D5BC00BF74
:10565000445F0300024B034A0348012100F076B87F
:105660000000042000000020E4690300826E054B66
:10567000403A1A60044A4021C3E901121846012148
:1056800000F06EB88075002000000B15084AC2F8C3
:1056900098000B6823F01F03034343F01003C2F884
:1056A0009C308B6843F00103C2F8A030704700BF04
:1056B00000ED00E02DE9F043DFF8608085B00E4694
:1056C0001F4604464FF00009B14523DA6068D8B19F
:1056D0003FB1411E08421BD11F2819D92368194226
:1056E00016D12368019319F0A2FDA3680343039325
:1056F000D8F89050C5F30725D0B2013DA84207D88D
:1057000001A9FFF7C3FF421C09F101090C34DBE7D3
:105710006FF01502104605B0BDE8F08300ED00E023
:10572000044B0522C3F89420BFF34F8FBFF36F8F54
:10573000704700BF00ED00E0BFF35F8F024B002217
:10574000C3F89420704700BF00ED00E010B5034C93
:1057500001232278FFF7AEFF207010BD2238012010
:1057600008B50B4A00231278FFF7A4FF10F1160FBB
:1057700007D0084A0021D2F89030C3F3072398429B
:1057800000DB08BDC2F89800C2F8A0100130F2E7B3
:105790002238012000ED00E02DE9F043534B544C3A
:1057A000D3F890302568C3F307239D4285B000F2FB
:1057B0009A80FFF7C1FF00200C2685421AD14D4C7C
:1057C0004D4F25706846FEF73DFADFF82081DFF87F
:1057D0002C9106460025AE4213D123784349002080
:1057E000D1F89020C2F30722934276DBFFF798FFAF
:1057F000002042E0616806FB0011FFF747FF01301F
:10580000DBE7009800EB05114FEA051CCB683B4035
:10581000B3F5000F48D00AD8B3F5001F30D0B3F568
:10582000800F36D0B3F5801F10D00135D3E7B3F128
:10583000807F42D0B3F1007FF7D150F80C308868F8
:105840004A6819F0F4FC40F4802009E050F80C306C
:1058500088684A6819F0EBFC40F0885040F430202A
:10586000CDE901230390D8F890302078C3F30723C3
:10587000013B98422AD96FF0150005B0BDE8F083CE
:1058800050F80C3088684A6819F0D1FC40EA0900E9
:10589000E6E750F80C3088684A6819F0C8FC40F018
:1058A000E06040F40030DBE750F80C3088684A686C
:1058B00019F0BDFC40F08270D2E750F80C308868D7
:1058C0004A6819F0B4FC40F08870C9E701A9FFF7F5
:1058D000DDFE237801332370A7E7C1F89830C1F8C3
:1058E000A00001337CE74FF0FF30C6E700ED00E099
:1058F000F0690300223801200000F0FF00000811C9
:10590000014B1860704700BF14070020F8B50A4F1C
:105910000D46461EC0F10104A3199D4201DC284634
:10592000F8BD73780A2B02D13B680D2098473B687D
:1059300016F8010F9847EFE71407002008B5034950
:105940000522012019F0ADFCFEE700BF0194030021
:1059500010B5074C2368C2180648C0F1005101F584
:1059600080218A423ABF2260C0184FF0FF3010BD3C
:105970008C75002070B7032008B5054819F0C5F8EC
:10598000002383F31188BFF36F8F0423184602DFCF
:10599000079403002DE9F74FD0E9008BBBF1000F0E
:1059A0000E4632DA6548664A664C674F18EB0000CF
:1059B0004FF000036BF10001F7F754FA24228A46F6
:1059C0000546894604FB0084002130461FF0D6FAC4
:1059D000EF194AF1000301935C4B98454FF0FF33F8
:1059E0007BEB030322DB281D49F10001564F072200
:1059F0000023F7F737FAEF1949F10003B261019379
:105A0000534A01990023384626E04D4A4D4C002365
:105A100040465946F7F726FA24220546894604FBF4
:105A20000084002130461FF0A9FADCE7681D4AF126
:105A3000000107220023F7F715FA464B984502F1BB
:105A400006025BF10E0BB261DADA4348404A2818CD
:105A50004FF000034AF10001F7F704FA3F4901FB58
:105A6000007148F6AC62B1FBF2F20A4440F2B45362
:105A7000B1FBF3F5521B4FF06408394DB1FBF5F55E
:105A8000521B40F26D15B2FBF3F3B2FBF5F7B7FB17
:105A9000F8FEAEEB03030B4405FB17334FF4C87C51
:105AA00000FB0C70992103EB830C0CF1020C03F149
:105AB0000109BCFBF1F5694302314FF0050AB1FB66
:105AC000FAF1A9EB010140F2F959CC458CBF6FF016
:105AD000080C4FF0030C6544A0F26C70022D98BFC7
:105AE0000130B3F5997F05F1FF3517D3A3F599730D
:105AF0004FF46162F361B4FBF2F302FB13443C2206
:105B0000C6E90450B3603046B4FBF2F302FB134421
:105B1000F1607360346003B0BDE8F08F17F0030FDD
:105B200002D108FB1E773FB9B2F5B67F8CBF0022C9
:105B300001223B331344DBE70122FAE781AEFEFF8B
:105B40008051010080AEFEFF6CFA0A0000BAFAFF35
:105B5000B13A0200009EDA86BCBF08004FC5FDFFC7
:105B6000B03A020038B5084C002520461AF0EAF990
:105B700004F1140001351AF000FB052D04F1240492
:105B8000F3D1002038BD00BF90750020012838B542
:105B90000C4609D0042817D100230022C1E90023B4
:105BA00000238B60002038BDEFF31185402383F381
:105BB0001288BFF36F8F084B0FCB84E80F0085F37B
:105BC0001188BFF36F8FEDE719F065FB16230360B3
:105BD0004FF0FF30E7E700BFE01C002001287FB551
:105BE0000C4623D0042825D100230022CDE9002330
:105BF000002302931AF0FDFB009A164DC30B43EAF3
:105C000041439A18C0F30E00019BA0FB050643EB2D
:105C1000D131C30B029843EA464318440E4BA060AF
:105C20009842C4E900210DD8002009E06946FFF739
:105C3000ADFFDFE719F02FFB162303604FF0FF30B5
:105C400004B070BD013241F10001401BC4E90021E4
:105C5000A060E9E700CA9A3BFFC99A3B38B5064DF8
:105C60000024284601341AF088FA052C05F10805AD
:105C7000F7D1002038BD00BF4876002038B5064D6A
:105C80000024284601341AF05DF9052C05F11405AD
:105C9000F7D1002038BD00BF707600200A4B0B4AB8
:105CA00030B51C460025191BB1F5387F01D90020FD
:105CB00030BD506803F18801C3E922200160B83388
:105CC00003F8085C5160EEE7F01C00201807002084
:105CD00070B54169867A0B4D044659B1437ADB07AA
:105CE00006D42C2303FB06535B6A1B689B6898470A
:105CF000002363612C20214606FB0050BDE8704064
:105D00001AF0AFB9AC0C0020024B2C2202FB003081
:105D1000704700BFAC0C0020827A064B2C2101FB9F
:105D200002339A6A1B7F1B33801A23F00303B0FBF4
:105D3000F3F07047AC0C002038B5074B827A2C2466
:105D400004FB02335B6AD3E901240C601568FFF79A
:105D5000E3FF04FB005038BDAC0C00202DE9F04FF0
:105D600085B005466846039190461C4691469B4681
:105D70001AF041FBDDE90067EFF3118A402383F35A
:105D80001288BFF36F8F6B8B002B42D02A8B9A4205
:105D900026D900220023284605F0B8FB0446F8B1B6
:105DA0008AF31188BFF36F8F039B002B4ED03246CE
:105DB0003B4668461AF043FBA27A2D4B2C2101FB8F
:105DC000023320465B6A1B6803A91D68DDE90023D6
:105DD000A847606100283AD12046FFF779FF2AE002
:105DE000698B4B1E6B838AF31188BFF36F8F2B7FF8
:105DF0002A8BAC6A1B3323F00303521A02FB0344C1
:105E00001B4B1C4AEB1A9B105343A3722B7FE3726C
:105E1000CAE78AF31188BFF36F8F54EA08040FD1E1
:105E20004FF00009CB464A465B46284605F06EFB1C
:105E300004460028B8D10024204605B0BDE8F08F04
:105E400006F090F80C4B8342EDD1E9E76361012342
:105E500000252381039B6382E27A6560294604F171
:105E600018001FF08BF863692582E360E4E700BF48
:105E7000AC0C0020A38B2EBA5826002070B50C4C19
:105E80002C2500B970BD037A4668013BDBB2037272
:105E9000002BF7D1C3604360837A05FB03431B6A81
:105EA00013B198473046ECE7FFF712FFFAE700BF5F
:105EB000AC0C00200E4A0123C2F840354FF080425E
:105EC0004FF08051C2F87835D1F83001082808D158
:105ED000D1F83411052904D80648415C09B1C2F84B
:105EE00038364FF080430122C3F8802500207047E8
:105EF00000E001401094030020B1034B800143F007
:105F000001031847704700BFB06203004FF08043A1
:105F1000D3F84036DB072ED54FF01023D3F80433E7
:105F200003F00703072B26D1144A0123C2F80435D6
:105F3000D2F80034002BFBD04FF01021D1F80433FD
:105F400023F0070343F00403C1F804330023C2F82D
:105F500004350A4AD2F80034002BFBD0BFF34F8F30
:105F60000749084BCA6802F4E0621343CB60BFF3F1
:105F70004F8F00BFFDE70020704700BF00E00140E9
:105F800000ED00E00400FA0508B5044819F0E2FE4F
:105F900000280CBF6FF01200002008BD085F03004E
:105FA00038B50546054819F088F9044620B10121A5
:105FB0000C3019F0B5F92576204638BD040D0020C7
:105FC0000E38012810B50CD80A4819F076F90446A5
:105FD00028B101210C3019F0A3F9012323762046C2
:105FE00010BD09B10448F0E7BDE810400120FFF7FB
:105FF000D7BF00BF300D0020AC0C002010B5012130
:1060000004460C3019F0A7F92146034A0078BDE890
:106010001040002319F0E3B97C6A030010B5012198
:1060200004460C3019F097F92146034A0078BDE880
:106030001040012319F0D3B9746A030038B51C4825
:1060400019F054F90446002831D0037E012B02D107
:10605000038A012B0BD8FFF711FF164BD3F80C3135
:106060002BB3BDE83840144914481AF064B8022133
:106070000C3019F070F903780E3B012B05460ED851
:106080000F4A1049104840F6A83318F0C9FD002304
:1060900083F31188BFF36F8F0323184602DF28783C
:1060A0000A4A0323214619F09AF92046D3E738BD5E
:1060B000E4020020D80100204007002088200020B2
:1060C000299403005D9403008B9403005C6A030031
:1060D0002DE9F047884616468246002878D0BFF35F
:1060E0005B8FDFF8F090002359E8004F49E8003259
:1060F000002AF9D1BFF35B8F002C69D02046FFF74F
:106100000BFE354D0C2303FB0050274643885345B7
:1061100011D0BFF35B8F59E8003F49E80072002AB5
:10612000F9D1BFF35B8F002B52D01F463846BDE834
:10613000F047FFF7A3BEA6420ED0204619F0B8F8EC
:1061400004F10C0901212176484619F0E9F8328A58
:10615000F168484619F0EEF82046FFF7DDFD0C2601
:1061600006FB00504368ABB1B8F1000F12D12046D6
:10617000FFF7D2FD06FB005001214268D2E900037F
:10618000127A03F01F06B1405B09DAB100EB83001D
:1061900019F012F92046FFF7BFFD0C2606FB005050
:1061A0008368002BC2D02046FFF7B6FD704305F888
:1061B00000802046FFF7B0FD06FB0055A86805F0FB
:1061C000D7F9B3E7C94300EB830019F01FF9E1E702
:1061D000BDE8F087E0020020D476002010B5C1E9C8
:1061E00000239DF808300B720C46FFF795FD034B1A
:1061F0000C2202FB00335C6010BD00BFD47600208F
:106200002DE9F0474FF0FF3206464FF0FF331848B4
:10621000884619F052F8044638B300F10C07012102
:106220004FF00009384619F07BF884F818902046A2
:10623000FFF772FD0F4D4FF00C0A0AFB005046802D
:106240002046FFF769FD0AFB0050C0F80890204681
:10625000FFF762FD0AFB005503213846C5F804909C
:1062600019F062F8068080F802802046BDE8F087C9
:10627000D80C0020D4760020034B0146D3F82C0123
:1062800082689268104700BFD80100202DE9F041D4
:10629000044600F10C06304619F06DF8B4F8108091
:1062A000B8F1010F054604D82046BDE8F041FFF7DC
:1062B000E5BD3046022119F04EF80378052B06465D
:1062C00022D00E3B012B21D9114A1249124840F627
:1062D000E47318F0A5FC002383F31188BFF36F8FDC
:1062E0000323184602DF022702230C4A3078214696
:1062F00019F075F8BB07D7D56369A4F8108013FAB5
:1063000085F5E560BDE8F0810327EDE70127EBE7C0
:1063100029940300A89403008B9403004C6A0300A3
:1063200010B50C4605F024FD237E012B1AD1E3683D
:106330001B78052B0AD00E3B012B0AD82046FFF70D
:10634000A5FF002405F028FD204610BD2046FFF7DC
:106350009DFF2146064818F0B4FF0649064819F08B
:10636000EAFEEEE72046FFF789FD6FF01504E9E746
:10637000E4020020400700208820002008B50448DF
:10638000042119F019F8BDE8084000F0D7BD00BF9E
:10639000AC020020044BBFF35B8F1868BFF35B8F28
:1063A000C0F38000704700BFAC020020014805F038
:1063B0003FBA00BF3007002038B502460B46244DD7
:1063C000D5F8141109B9002038BD05F1F00005F029
:1063D000F3F80028F7D10022002305F58A7005F0B4
:1063E00095F8044668B91B4A1B491C4840F6B73368
:1063F00018F016FC84F31188BFF36F8F032318463F
:1064000002DFD5F8080120B1FFF738FD0023C5F8F9
:106410000831204618F080FFC5F808012046FFF734
:106420002BFF98B10E4805F0A3F82046FFF774FC47
:106430000C4B0C2202FB00301F2140882246FFF744
:1064400047FE2046FFF71AFDFFF7B0FF0120BBE72C
:10645000D801002029940300C19403008B94030009
:10646000C8020020D47600202DE9F04F064687B000
:1064700015460C4631B9FFF7C3FE044648B96FF024
:10648000680079E0887AFFF73FFC474B834240F091
:10649000848001220021684619F0F1FD2046FFF7B3
:1064A0003BFCDFF808910C2303FB0090C0F808D0F8
:1064B000204618F031FF01463D4819F0C7FDFFF7AF
:1064C00075FF05F04FFD3B4B834222D1DFF8E8A07A
:1064D000DFF8E8B0364819F0CEFD002180464FF4D1
:1064E000A020FFF769FF074688B94FF4D4735246DE
:1064F0005946334818F094FB3248314618F090FB67
:1065000087F31188BFF36F8F0323184602DF4445DA
:10651000E0D14FF4A0220023684605F04DF807466D
:1065200098B14FF4D773244A2749254818F078FBCF
:1065300026483A46314618F073FB002383F311884E
:10654000BFF36F8F0323184602DF2046FFF7E4FBFB
:106550000C23584319F80060BEB12046093EFFF7EE
:106560008DFC092E0ED8DFE806F01B0D0D0A050D77
:106570000D0D0D186FF00B0007B0BDE8F08F6FF038
:106580000C00F9E76FF00400F6E715B12C6000206D
:10659000F2E72046FFF772FCF9E76FF01500EBE732
:1065A0006FF06E00E8E700BFD80C0020D476002022
:1065B000EC0200205826002029940300C594030013
:1065C0008B940300CD940300ED940300F694030034
:1065D000F7B5002101AA40F60340FFF745FF044646
:1065E00000286CD1019CE3681B789BB900F0A6FCE5
:1065F000BFF35B8F914B1A68BFF35B8F02F0090208
:10660000BFF35B8F53E8001F43E800200028F9D157
:10661000BFF35B8F2046FFF731FC01AA002141F256
:106620000300FFF721FF0446002848D1019A844D5A
:10663000D168D1F80100D1F8051005F1780303C342
:106640001046FFF71BFC214601AA41F20100FFF7AB
:106650000BFF044698BB0198C3685A7885F87020F0
:106660005A88A5F872201A7985F87120B3F80720A6
:10667000A5F87420B3F80530A5F87630FFF7FEFBD7
:10668000214601AA41F20200FFF7EEFE0446B0B92E
:10669000019FFA6805F18006531C41321868596859
:1066A000344603C4083393422646F7D13846FFF7F1
:1066B000E5FB95F87C30580604D46FF012042046B0
:1066C00003B0F0BD01AA002142F20300FFF7CCFEA7
:1066D00004460028F3D1019A5A4BD168D1F8010041
:1066E000D1F8051003C31046FFF7C8FB95F87C30BE
:1066F000990618D4022140F66D40FFF781FD064649
:10670000002800F0978002210C3018F00DFE0123C4
:10671000447003702246314640F66D40FFF7A4FEF8
:1067200004460028CBD195F89C301A0712D501AA4F
:10673000002142F21C00FFF797FE04460028BED15C
:106740000198C368D3F80120D3F80530C5E9382390
:10675000FFF794FB082142F20100FFF751FD0446C8
:10676000002867D008210C3018F0DEFD0227002237
:10677000077042708270C270027142718271C27180
:10678000214642F20100FFF76FFE0446002896D131
:10679000082140F60140FFF733FD0646002849D0A6
:1067A00008210C3018F0C0FD8023437020230470B2
:1067B0008470047144718471C770C371224631467C
:1067C00040F60140FFF750FE044600287FF477AF03
:1067D000014601AA4FF60140FFF746FE044620BBE2
:1067E0000198FFF74BFB214601AA4FF60240FFF745
:1067F0003BFE0446C8B90198C368B3F80130A5F858
:10680000C130FFF73BFB95F8C1305B070DD501AAFE
:1068100021464FF60340FFF727FE30B90198C368C1
:106820005B7885F8C030FFF729FB03B0BDE8F04086
:1068300000F048BA6FF0680441E700BFAC020020E6
:10684000D8010020B002002073B5264D0646D5F8C9
:106850002C0119F07FFA00283CD06FF0020105F1FD
:10686000D40018F0D3FD012118F0A6FD10EA0104B0
:1068700033D11D4B1E600A4605F1F00019F0FFFBF5
:1068800005F58A7019F0D6FB184819F064FC184910
:10689000164800946FF007034FF4806204F0CEFFB7
:1068A0001449124819F073FCD5F82C011249836879
:1068B0001B689847044628B93EB9FFF789FE78B9A6
:1068C000FFF75CFD204602B070BD05F1C40004F086
:1068D000AFFFF7E76FF01204F4E76FF07704F1E72A
:1068E0000446EFE7D8010020EC7600208820002045
:1068F000408D01203B9503002163010010B5FFF797
:1069000067FE044608B9FFF739FD044B1B681BB14D
:106910002046BDE81040184710BD00BFEC760020AF
:10692000F7B5144B93F99B30002B05460C461DDA46
:1069300014B9204603B0F0BD082C01AA4FF00001A5
:1069400042F21800264628BF0826FFF78DFD0028D2
:10695000F0D1019FF9683246013128461EF0E6FA6F
:106960003846FFF78BFA3544A41BE1E76FF085004A
:10697000E0E700BFD801002038B5032104460C3001
:1069800018F0E9FCE3680578B0F80100197840F6E2
:10699000354398420AD02246FFF79AFB35B10448A6
:1069A00004F0E6FDBDE83840FFF700BD38BD00BF8C
:1069B000C802002038B5042104460C3018F0CBFC86
:1069C0004578017840882246FFF782FB35B10448BC
:1069D00004F0CEFDBDE83840FFF7E8BC38BD00BF8D
:1069E000C8020020F8B50A4DEF7906460024E3B24C
:1069F0009F4202D86FF0010007E02946304618F0A8
:106A00001CFD0735631C08B12046F8BD1C46EEE7A7
:106A1000D801002070B5144E0622314604461EF0FF
:106A200075FAD8B1062142F20500FFF7E9FB0546E9
:106A3000B0B1062221460C3018F07CFC0022294619
:106A400042F20500FFF710FD48B93346226843F8CB
:106A50006929A288B280012283F86820002070BDD5
:106A60006FF06800FBE700BF4102002037B5044625
:106A70000D4689B11849284618F0DFFC60B9174A5D
:106A80002968C4EBC404A3181151AA889A80AA7972
:106A90009A71002003B030BD684618F070FC0028E1
:106AA000F8D16846FFF79EFF0028F5DA0B4A0098F8
:106AB0009DF80610C4EBC404A3181051BDF80400DF
:106AC00098809971002DE4D012592A609A88AA8082
:106AD0009B79AB71DDE700BF16940300D80100205D
:106AE00070B5044611B16FF0150070BD80B11C493E
:106AF00018F0A3FC60B92046FFF774FF002829DADC
:106B00002378012BEFD1A37903F0C003C02BEAD186
:106B1000144DEB79012B20D0BFF35B8FD5F8D43027
:106B2000BFF35B8FDB0707D4002CDCD00C49204679
:106B300018F083FC0028D6D1EE792146731C30462C
:106B4000EB71FFF793FF08B93046CEE7EB79013BD5
:106B5000EB71CAE76FF07700C7E76FF00B00C4E78F
:106B600016940300D80100202DE9F3410446D8B162
:106B700001AA002141F20900FFF776FC054698B909
:106B8000019E1249D6F80C8008F10107062238460A
:106B90001EF0BCF928B10E49062238461EF0B6F99F
:106BA00030B93046FFF76AF9002002B0BDE8F08145
:106BB000D8F80130C4F80130BB88A4F8053030465D
:106BC0002570FFF75BF90120EFE700BF2394030076
:106BD0001D94030007B56846FFF7C6FF044BD87144
:106BE00018B169460020FFF741FF03B05DF804FBD0
:106BF000D8010020F0B5294DEE7989B0002E46D19C
:106C000095F8C230DB0722D56A4631464FF6094077
:106C1000FFF72AFCD8B9DDF800C0DCF80C40637837
:106C2000012B1E4628BF012673B1A31C02AA1234F1
:106C300018685968174603C70833A3423A46F7D184
:106C4000186838609B88BB806046FFF717F9EE71C3
:106C5000002416260127EB79E0B2834202D8B3B1B3
:106C6000002012E008AB06FB0033694653F8182CED
:106C700033F8143CCDF80120ADF805308DF80070E4
:106C8000FFF7F4FE01340028E5D009B0F0BD002183
:106C9000084609B0BDE8F040FFF722BFD801002048
:106CA00010B50C4649B1064B1B780B70002018F04C
:106CB000D1FB08B90123237010BD6FF01500FBE76D
:106CC000D801002010B50A4CE3790BB1002010BDAB
:106CD000FFF780FF0028FAD1E379002BF6D1FFF708
:106CE00089FF0028F3D1601CBDE81040FFF792BE79
:106CF000D801002070B5054686B00E4642F20C0061
:106D00000221FFF77DFA0446A0B102210C3018F0F1
:106D10000BFB0A4A4670057003A92046009506231E
:106D2000FFF75CFA0022214642F20C00FFF79CFBC1
:106D300006B070BD6FF06800FAE700BFAC0200203B
:106D400008B50C4B0246400903EB800018F09AFB93
:106D500002F01F0340FA03F313F0010006D122B939
:106D6000054818F08FFB40F3002008BD6FF0770056
:106D7000FBE700BFF0760020AC0200200A4ABFF318
:106D80005B8F430902EB830200F01F000123834065
:106D9000DB4352E8000F184042E800010029F8D117
:106DA000BFF35B8F704700BFF076002030B587B02F
:106DB0005C480022002304F0F5FA002840F091809E
:106DC0005948594D18F05EFB10F0010344D02B1DBB
:106DD00093E8070006AB03E90700544818F052FB9C
:106DE000C0F38013504818F04DFB014600286AD0CC
:106DF00073B10C224E490DEB02001EF087F80028FB
:106E00006AD000210846FFF775FF0446002864D1C8
:106E100000239DF80C00ADF80930BDF80E30ADF838
:106E20000530BDF81030ADF80730431E8DF8040072
:106E300058420DF109015841FFF732FF044600287E
:106E40004BD1072142F20B00FFF7DAF90546002883
:106E500049D16FF0680440E03448364A18F012FB1C
:106E600010F4807F0ED09089D1891269ADF80E00A0
:106E70004FF48074ADF80C40ADF81010ADF812303E
:106E80000592AAE72C4C2068616803AB03C3A06895
:106E9000186092F8D930180748BF0523224848BF28
:106EA0008DF80D3018F0EEFA810706D53023ADF8D5
:106EB00010306023ADF80E308FE71B4818F0E2FA6F
:106EC0004207F3D489E73BB1FFF714FF044620B92A
:106ED000174B2861C3E901000024124804F0DAFAD4
:106EE000204607B030BD072201A90C3018F022FA65
:106EF0002246294642F20B00FFF7B6FA0446002864
:106F0000EBD19DF80D10012001F00101FFF7F2FE19
:106F100004460028E1D106AA12E90700044B83E8E1
:106F20000700D9E70C770020F0760020AC020020A3
:106F300000770020D80100209462030010B5094CAE
:106F40004422002120461EF019F804F11C0018F01C
:106F5000F9FF04F1300018F0F5FF034B00221A602E
:106F600010BD00BFF07600203C770020032838B524
:106F7000054603D1BDE83840FFF718BFFFF7E0FE34
:106F80000446C8B9BFF35B8F0C4B6A0903EB82035D
:106F900005F01F0101228A4053E8000F104343E827
:106FA00000010029F8D1BFF35B8FFFF7FFFE044615
:106FB00010B12846FFF7E2FE204638BDF0760020EB
:106FC0002DE9F04F00F10C0889B00446404618F056
:106FD000CAF9DFF854B1064616B909B0BDE8F08F1A
:106FE000524818F04FFAC107F7D5238A082BF4D975
:106FF0000921404618F0AFF9037A228A01339A42F8
:107000000546EAD30123ADF81C307F238DF81630F6
:10701000037A0344471C5B7A8DF81530FF238DF803
:1070200014300023ADF81A3002788DF81720042AA6
:107030009CBF3F4B9B5CADF8183090F808A03B48D4
:1070400018F020FAC20703D5BDF818305B0763D4E7
:10705000384618F0ADF9002848D0394602A818F093
:107060009CF9DBF80030A3B1404618F084F9278A78
:107070009DF817209DF91510DBF800C0A4F810A0AA
:107080008146434602A8E0476369278213FA89F3E1
:10709000E36002AB0493274B1B68002B3AD01A68BD
:1070A00002B1083A53F8081CB9B11746A3F1080217
:1070B0004046019218F05FF9019A238AA4F810A0C3
:1070C000126800938146414604A890476269009B7C
:1070D000238212FA89F2E2603A46DAB197681368BD
:1070E000B7B1083F002BE3D13A46F7E76B78FF2BA7
:1070F00009D1114B186802909A889B798DF80E304F
:10710000ADF80C20ADE7394618F09FF90346F1E7DA
:10711000002BCDD100230493297A40460131013E52
:1071200018F011F9F6B257E73C770020F07600200E
:10713000449503003477002016940300F8B5054603
:10714000224818F09FF943070F463CD52A78012AB8
:1071500003D96FF015042046F8BD6B780F2BF8D8D3
:107160006888031F9BB243F6FC74A342F1D8A98838
:107170000B1F9BB2A342ECD88842EAD37AB91448D9
:107180000022002304F00EF904460028E3D1FFF7A3
:10719000D7FD044640B10E4804F07CF9DBE718F057
:1071A0006FF90028EBD1D4E728686968094E0A4BCB
:1071B00003C6A868306020461F60FFF7D7FE04466C
:1071C00006F12400E8E76FF00A04C4E7AC020020EF
:1071D00020770020F47600203C770020024B00202E
:1071E000186018F055B900BF3C770020020600F087
:1071F0007F0312D5082B05D1010700F00F0306D538
:107200000E48704710F0780F12D100F00F034C2099
:1072100000EB43100A4B18447047082B05D10207B6
:1072200000F00F0306D50748704710F0780FF6D02E
:1072300000207047044800EB431070478C78002012
:1072400040770020AC790020AC780020014902484A
:1072500018F071BF687700202821002001460148FE
:1072600018F0F4BE940C002002480022002304F021
:107270004DB900BF940C002013B5124800F0C4FEB5
:10728000114B98421AD1114803F09EFD002410487A
:1072900003F0E0FD0F49104800944FF0FF334FF426
:1072A000806204F0CBFA0D490B4818F070FF0C48CF
:1072B0000C4918F024FF204602B010BD6FF0040006
:1072C000FAE700BFCD7401000000AD0B5795030035
:1072D0008C6A030080910120282100204995030039
:1072E00068770020E975010010B50E49BFF35B8F88
:1072F000002351E8002F012A03D141E80030002883
:10730000F7D1BFF35B8F0CD151F8044C14392046F0
:1073100017F08BFD783004D12046BDE8104017F0FF
:1073200060BD10BD6077002038B5002464F07F0098
:10733000C0B2FFF75BFF013418F0B3F8082CF5D1A9
:107340000E4D0024E0B2FFF751FF036903B9056158
:10735000013418F0A6F8082C05F14005F2D10848D0
:1073600018F09FF8074BD3F87C2212B9064AC3F8ED
:107370007C22064818F095F8002038BDD07D00200A
:107380008C78002040770020D0790020AC79002054
:1073900010B5054CFFF768FF20B14168204618F092
:1073A00099FDF7E710BD00BFD00A002007B5002304
:1073B0000E48002201A903F01BFF90B1FFF7E8FF80
:1073C0000A480022002301A903F012FF38B90198EE
:1073D000042340600374FFF741FFFFF737FF0020ED
:1073E00001E00198406003B05DF804FBD00A002082
:1073F000022810B511D8094B1C5CFFF7D7FF60B10C
:10740000002202740472FFF729FF054B93F8243021
:107410001BB1BDE81040FFF719BF10BD5495030024
:1074200040770020F8B5877806463846FFF7DEFE3D
:107430003B06F578044612D5002D43D1FFF7B6FF81
:10744000034600283ED00122A5770274032202736E
:107450009C60FFF703FFBDE8F840FFF7F7BE4DB1B2
:10746000012D2FD1FFF7A2FF034658B365770574AE
:107470000573EDE7FFF79AFF20B3B278124B12F0D5
:10748000800F02F0080111D041B1D3F8A836E360B3
:1074900001230374022303738460DAE702F00F020E
:1074A000142101FB0233D3F80836F0E711B1D3F809
:1074B000A837ECE702F00F02142101FB0233D3F8E6
:1074C0000837E4E7F8BD00BF00700240F0B506469B
:1074D00089B01422002103A81DF050FD3378013B30
:1074E000052B21D8DFE803F07A0314146A1603236E
:1074F0008DF814300024FFF759FF0346A0B104743F
:1075000000F10802DDE9050182E8030018461DE0EC
:107510000423EDE7B7783846FFF768FE837A044620
:1075200023B1013B022B43D909B0F0BD3B06F578EE
:1075300013D5002DF8D1FFF739FF03460028F3D00B
:107540000122A5770274032202739C60FFF786FE76
:1075500009B0BDE8F040FFF779BE55B1012DE3D188
:10756000FFF724FF03460028DED065770574057316
:10757000EBE7FFF71BFF07460028D5D00123037474
:1075800002230373846004F10C01B07817F0EAFF62
:10759000134AE168B2F88C328B4206D95B1AA2F822
:1075A0008C3201F07FF83846D0E7A2F88C52FAE727
:1075B000304609B0BDE8F040FFF734BF01A801F044
:1075C0004FF89DF80530052B04D19DF8043013F0D9
:1075D000600FA9D0034B059301248CE702248AE7AE
:1075E00040770020AC7800202DE9F043A64CDFF86E
:1075F0009C9285B08046FFF737FE074610B905B06C
:10760000BDE8F08394F825303A7C3BB9002A00F0BD
:10761000868079689D4818F05DFCECE7042A42D822
:10762000DFE812F07D0005000001160140013B7B00
:10763000BD68032B37D8DFE803F0023D5A5F6E695F
:10764000934B002232607260D3F880143170D3F80B
:1076500084147170D3F88814D3F88C0441EA0021A3
:107660007180D3F89014D3F8940441EA0021B180DA
:10767000D3F89814D3F89C3441EA0323F380082309
:10768000EB6030687168834B03C311462B68687ADE
:10769000984796F90030002B08DBF38833B1A4F843
:1076A0008C3200F0FFFF79684846B4E70023A4F865
:1076B0008C32F8E76B7F002BF5D02B7F002BF2D0BC
:1076C00000266E774FF0FF3273482E774FF0FF336E
:1076D00017F0FAFE6B6901936B68CDE9023601A9D8
:1076E000687A00F0E7FC6C4817F0F0FEDBE72B68E7
:1076F0000121687A9847D6E7AB7A6BB9EB7F5BB923
:1077000065484FF0FF324FF0FF3317F0DDFE00F019
:10771000CFFF614817F0DAFE2B680221E9E73A7AD9
:10772000042AC0D8DFE802F059032367730000F091
:107730002BFC05460028B6D100F066FBBFF35B8F3B
:107740005649012351E8002F002A03D141E80030B7
:107750000028F7D1BFF35B8FA5D141F8085C41F851
:10776000105CE0696361143917F0E4FA9BE70025C7
:1077700065F07F00C0B2FFF739FD037A13B1407A9C
:1077800001F0FAF80135082DF2D194F854311BB10B
:1077900094F8550101F0F0F80025E8B2FFF726FD56
:1077A000037A13B1407A01F0E7F80135082DF4D1DE
:1077B00094F874321BB194F8750201F0DDF80020E2
:1077C00000F0C6FB012384F825302368002B3FF42A
:1077D0006AAF00210220984765E7002584F825500C
:1077E00001F030F8FFF780FD2368002B3FF45BAF1A
:1077F00029460420EFE7002B3FF455AF00F0CEFB05
:107800002368002B3FF44FAF00210520E3E72268F7
:10781000002A3FF448AF002B3FF445AF002106207B
:10782000904740E708F110054FF0FF334FF0FF326B
:10783000284617F049FEFFF777FD284617F046FE69
:1078400058F8283C002B3FF42EAF00210120C2E75E
:1078500094F874327BB1012584F8895284F88852F7
:10786000FFF7A4FD38B10E4A057405738260FFF777
:10787000F5FCFFF7EBFC58F8283C002B3FF413AF66
:1078800000210A20A7E700BF40770020D00A00208F
:107890000070024044770020787700206077002055
:1078A000AC79002018F043FA00F0CCFF00F0A2FA07
:1078B000FFF76EFDFFF738FD18F032FA014800F0CF
:1078C000A3FBF0E6CD74010038B5164D95F82440C1
:1078D0002CBB05F1380018F035FB204601F0A2F969
:1078E00022460121E8612720FDF70AFE18F018FA68
:1078F000FFF71AFD044610B9012385F824300A4B1E
:107900001B680BB1FFF7A2FC4FF08043D3F838346B
:10791000DB0702D50020FFF76BFD204638BD0024B1
:10792000FBE700BF40770020940C0020074B93F842
:1079300024203AB193F82530002B14BF00206FF0BB
:10794000120070476FF01200704700BF40770020B0
:1079500038B5104B93F824300446C3B10578284657
:10796000FFF744FC10B96FF0150038BD457223795C
:107970008372638843602078618810F0080F02D119
:107980004B1E0B42EFD117F0E8FD0020EDE76FF042
:107990001200EAE74077002038B5124B93F8242014
:1079A0000546CAB193F82530B3B1FFF71FFC044672
:1079B000A8B1837A012B12D007D9023B012B07D93A
:1079C0006369A3610020E06038BD00F077FEF7E74F
:1079D000284600F019FEF3E76FF01200F4E76FF0AD
:1079E0001500F1E74077002038B50E4B93F82420BE
:1079F000054682B193F825306BB1FFF7F7FB68B10C
:107A000015F008040AD1284600F020FE284600F0B0
:107A1000EBFF204638BD6FF01200FBE76FF015005A
:107A2000F8E700BF4077002038B50C4B93F82420CE
:107A300005460C4662B193F825304BB1FFF7D6FBF3
:107A400048B144B1284600F0E7FD2070002038BD61
:107A50006FF01200FBE76FF01500F8E740770020A9
:107A600070B5134E96F824300446C3B1FFF7BEFB41
:107A70000546B8B1230705D4204600F0E7FD2046AF
:107A800000F0B2FF2B7A83B901232B7296F82530D0
:107A90000BB9002070BD204600F06EFFF9E76FF0D3
:107AA0001200F7E76FF01500F4E76FF07700F1E7E9
:107AB000407700202DE9F043DFF8E4801E4698F877
:107AC000243085B0074689461546002B61D098F8CA
:107AD0002530002B5DD003065ED5FFF787FB0446FB
:107AE000002859D0037A002B56D04FF0FF334FF0C7
:107AF000FF3208F1380017F0E7FCA37F4BB108F123
:107B0000380017F0E3FC6FF00A04204605B0BDE82A
:107B1000F083A37AC5B13BB30123A3774FF00008EC
:107B200001A93846CDE90195CDF80C8000F0C2FAE4
:107B30001C4B984229D084F81E801EBB6FF00404B1
:107B4000194817F0C3FCE0E7E27F02B1E577002BAC
:107B5000E2D100F0B9FD8742DED000F0A9FD124865
:107B600017F0B4FC0024D0E7B8F80A309D42F0D2F8
:107B70006268B5FBF2F302FB1353002BE9D101233A
:107B8000E377E6E7C6F80080D8E706B13560002461
:107B9000D6E76FF01204B8E76FF01504B5E700BF41
:107BA000407700200000AD0B787700202DE9F041F0
:107BB0001D46204B174693F824200E46002A33D04A
:107BC00093F8253083B3030631D401B97FBBFFF7A7
:107BD0000DFB044658B3037A4BB34FF0FF331648FE
:107BE0004FF0FF3217F070FCE368BB42984628BFA5
:107BF000B84646B93FB905B12B600F4817F066FC8F
:107C00000020BDE8F081A169424630461DF08EF9A2
:107C1000A3694344A361E368A3EB0803E360002D79
:107C2000EBD0C5F80080E8E76FF01200E9E76FF0ED
:107C30001500E6E7407700207877002070B51E4DEC
:107C400095F82420034682B395F825206AB31B06D5
:107C50002ED4FFF7CBFA044650B3037A43B34FF068
:107C6000FF334FF0FF3205F1380017F02DFCE368C9
:107C7000B3B9012663692677A361637F83B1FFF7F8
:107C800095FB30B905F1380017F020FC6FF00B00C0
:107C900070BD067484600673FFF7E0FAFFF7D6FA4A
:107CA000064817F013FC0020F2E76FF01200EFE730
:107CB0006FF01500ECE700BF4077002078770020D8
:107CC00010B5084B93F824300C462BB1FFF78EFA11
:107CD00028B10460002010BD6FF01200FBE76FF0C8
:107CE0001500F8E740770020014B1860704700BF8F
:107CF0004077002008B5074B93F8243023B1FFF7F5
:107D000075FA20B1406808BD6FF01200FBE76FF014
:107D10001500F8E7407700204FF08053D3F830216A
:107D2000082A06D1D3F83431052B04D8034AD05C95
:107D30007047002070470120704700BF589503002E
:107D4000064B10F0800FA3F1D80208BF134600F0D5
:107D50000F00182202FB0030704700BFE8800020AF
:107D6000EFF31180402383F31288BFF36F8F0A4B28
:107D7000D3F8001C032261B949F27531C3F8001C25
:107D8000C3F8142DC3F8001C80F31188BFF36F8F64
:107D90007047C3F8142DF7E700E00640EFF31180B9
:107DA000402383F31288BFF36F8F0A4BD3F8001C74
:107DB00061B949F27532C3F8002CC3F8141DC3F839
:107DC000002C80F31188BFF36F8F70470022C3F837
:107DD000142DF6E700E006404FF08053D3F8303121
:107DE000082B02BF024B0022C3F81C2C704700BFB7
:107DF00000700240024A00231360024A1370704769
:107E0000C88100202738012008B54A4B4FF4006292
:107E1000C3F80024FFF780FF08B1FFF7A1FF4FF080
:107E20008053D3F83031082B18D1EFF31180402361
:107E300083F31288BFF36F8F3F4BD3F8001CC0222F
:107E400000296ED149F27531C3F8001CC3F8142C17
:107E5000C3F8001C80F31188BFF36F8F354B0122EC
:107E6000C3F80025D3F800241205FBD54FF40062B7
:107E7000C3F800244FF08053D3F83031082B17D1CA
:107E8000EFF31180402383F31288BFF36F8F2A4BE7
:107E9000D3F8001C002947D149F27532C3F8002CF1
:107EA000C3F8141CC3F8002C80F31188BFF36F8F44
:107EB000FFF732FF30B1FFF771FFFFF72DFF08B179
:107EC000FFF74EFF4FF08053D3F83031082B194B9A
:107ED0000AD140F2E372C3F800284022C3F8042814
:107EE000BFF36F8FBFF34F8F8022C3F81C25012291
:107EF000C3F83025114B40F2FF121A60104B0021DD
:107F00001960104B1970FFF767FF0F4B19700F4B7B
:107F100002221A70FFF700FF50B1BDE80840FFF7DA
:107F20003DBFC3F8142C95E70022C3F8142CBBE71F
:107F300008BD00BF0070024000E00640C481002080
:107F4000C081002023380120253801202738012056
:107F5000094B002210B51A70084A094B094C002839
:107F600008BF1346C4F800332720FDF799FA012310
:107F7000C4F8043510BD00BF26380120FDFFDF0125
:107F8000FDFFFF0100700240034B1878012894BFE9
:107F900000200120704700BF2738012010B54FF0A6
:107FA000FF324FF0FF33154803F006FBEFF311816A
:107FB000402383F31288BFF36F8F114B1B7803F0BC
:107FC000FF0483B10F4BD3F8002412F400720AD1DE
:107FD0000120C3F82C05D3F82C05D3F80004800544
:107FE00002D5C3F82C25002481F31188BFF36F8FCD
:107FF000024803F0BDFA204610BD00BF7C0C0020F3
:108000002638012000700240F8B51C4B1C7894BB48
:108010001B4A106001221A7040F2FF17264664F0D6
:108020007F0514F0080FEDB214BF394640212846F1
:1080300017F093FA2846FFF783FE0134092C867562
:1080400006730661EBD1002440F2FF17254614F0B9
:10805000080FE6B214BF39464021304617F07DFACA
:108060003046FFF76DFE0134092C857505730561F7
:10807000EDD10448F8BD0448FCE700BF27380120D3
:10808000C88100200000AD0B0500AD0B084B10F0BF
:10809000800F00F00F0114BFD3F81025D3F814257A
:1080A00001238B40134214BF01200020704700BF02
:1080B000007002402DE9F8430246EFF31187402398
:1080C00083F31288BFF36F8F030703D1184B1B781C
:1080D000834229D1174B184E1C683568104617F09B
:1080E00034FAE443A4B24FF001092C4309FA00F832
:1080F00014EA08041AD11046FFF722FE80F80C900B
:10810000034607C91C6183E807009C750B4B0C48AC
:1081100045EA080580223560C3F8042187F31188F9
:10812000BFF36F8FBDE8F8830648F7E70648F5E729
:1081300025380120C4810020C081002000E100E03A
:108140000000AD0B0A00AD0B0B00AD0B10F0080FDB
:10815000074B06D0D3F8C00410F4803F18BF0020AE
:10816000704700F00F0000F5947053F8200070473E
:10817000007002402DE9F74FAB4BAC4ED3F85421C1
:10818000DAB10022C3F85421D3F80413890214D5BC
:108190008DF80420D3F82025ADF80620D3F8C0349C
:1081A000002B336814BF4FF001224FF48072134349
:1081B00033609F4B01A81B6898479B4BD3F86041E5
:1081C00034B10022C3F86021D3F86C44C3F86C4486
:1081D000D3F828214AB10022C3F82821954B1878FA
:1081E00017F0B3F9012383401C43DFF84C82934F0F
:1081F00098F8005098F9009015F0080143D1B9F1B2
:10820000000F05F00F032EDA8D4A52F8230020B339
:1082100042F823101422534303F1804303F51C3327
:10822000D3F80836874A117803F001034B401370E6
:10823000FFF7D2FD844803F09BF92846FFF780FD45
:10824000837D032B37D1284617F07FF9012303FAEA
:1082500000F03B6823EA00033B60DFF8D4A101256E
:108260004FF006095DE0794A52F823000028F4D067
:1082700042F823101422534303F1804303F51C33C7
:10828000D3F80837CEE7B9F1000F674B09DBD3F815
:108290005021002AE1D00022C3F85021D3F8A8379A
:1082A000C0E7D3F82C21002AD7D00022C3F82C2114
:1082B000D3F8A836B6E7037BDBB9284617F045F9B3
:1082C000012303FA00F03B68B9F1000F23EA000331
:1082D0003B6001DA882DC0D106238DF804300023DD
:1082E0008DF80730524B8DF806501B6801A898474F
:1082F000B3E7002DB1D14C4B0122DA64ADE794FA1B
:10830000A4F03268B0FA80F005FA00F31A430F289F
:10831000326024EA03043A6840F39C80134200F080
:10832000A980002CEBD1404BD3F800215AB1C3F8FF
:108330000041474B1C703F4B1C70012301933C4B89
:1083400001A81B689847384BD3F85821002A2ED033
:108350000022C3F85821D3F80044C3F80044E305D1
:1083600008D53B4B01221A7002230193304B01A820
:108370001B689847A50508D5354B00221A700323C2
:1083800001932B4B01A81B68984760050FD5304B14
:108390001A7862B100221A70234B0122C3F8082513
:1083A0009A6504230193224B01A81B6898471E4B32
:1083B000D3F85C3103B3244B9B681BB998F80030A9
:1083C000590619D0184B0022C3F85C21D3F8803429
:1083D000184A23F07F0313703B6823F001133B60BE
:1083E000336823F4803343F00103336005230193A2
:1083F0000F4B01A81B6898473A6833681A4200F08F
:10840000EB8011480022002303F0D6F8002840F04A
:10841000E380054BD3F82C35002B7BD00A4803B002
:10842000BDE8F04F03F0A4B800700240C481002002
:10843000C88100202538012024380120C081002077
:1084400008710240233801207C0C0020307102406A
:108450002638012013407FF464AF60F07F018DF86F
:1084600004908DF806108DF80730DAF8003001A876
:10847000984756E7A0F110018DF804908DF806108A
:108480008DF80750F1E749F080052846FFF758FCC2
:108490004368B0F814A001689A4528BF9A4601F0D5
:1084A0006043B3F1005F044604D0544852461CF0C8
:1084B0003DFD52492268636852442260A268A3EBE2
:1084C0000A03D20768B2636053D5BAF1000F52D1E4
:1084D000002323734FE011464FF0000A604545D159
:1084E000003B18BF0123002A42D0504540D9012348
:1084F00003FA09F32BEA03033B6006238DF80430EB
:108500003F4B8DF8065002221B68A2758DF807209C
:1085100001A89847D7F800B033681BEA03093FF475
:108520007DAF19F0012314BF93FAA3F999FAA9F9C1
:10853000B9FA89F9B9F10F0FA5D9A9F11005EDB272
:108540002846FFF7FDFB04462846FFF7FFFD63685A
:10855000B4F814C022689842BDD81B1A00EB020E72
:1085600011466360C4F800E08246B7E70023BAE72B
:1085700068B2002BACD04FF08053D3F83031082BC9
:1085800002BF204B8222C3F81C2C336888F80050AD
:10859000012202FA09F923EA09033360236915F07D
:1085A000080F53442361174B19D1002805F00F051C
:1085B0004FF0140000FB0530A9BF0A3503EB85031B
:1085C000C0F80017C0F804A7AFBF43F82520C0F8D3
:1085D0000016C0F804A65A6003B0BDE8F08F00286A
:1085E000B5BFC3F8A016C3F8A017C3F8A4A6C3F874
:1085F000A4A7B4BF5A629A64EEE700BFD07F002000
:10860000C881002000700240024B40F48070C3F823
:108610001805704700700240030713D400F00F03E1
:1086200010F0800F084A0BBF03F5887303F58473BD
:1086300002EB830252F8230008BF5068003818BFCD
:10864000012070470020704700700240034BC3F8C0
:108650000C0540F48070C3F80C05704700700240B0
:108660000023036043600E4BD3F880240270D3F8DC
:1086700084244270D3F88824D3F88C1442EA01226F
:108680004280D3F89024D3F8941442EA01228280E5
:10869000D3F89824D3F89C3442EA0323C38070476C
:1086A00000700240014B0122DA6470470070024002
:1086B000014B01221A65704700700240014B0122F4
:1086C0005A65704700700240014B1878704700BF30
:1086D0002538012010B50246EFF31184402383F3BF
:1086E0001288BFF36F8F16F030FF0B49012303FA96
:1086F00000F00B6823EA00030B6012F0080101BFD1
:1087000002F00F02054B02F5947243F8221084F335
:108710001188BFF36F8F10BDC4810020007002402C
:10872000F7B50146EFF31185402383F31288BFF3B9
:108730006F8FFFF705FB0646084616F006FF01227D
:1087400011F0800F02FA00F22D4818D1036832EAC6
:1087500003040AD00846FFF7BDFF0323B37585F372
:108760001188BFF36F8F03B0F0BD2649347323EA3D
:10877000020303600B6823EA02030B60EDE70B07BB
:1087800015D48029204B2FD001F00F0404F2DA34E5
:108790006400C3F80048D3F80448D3F80478E4B27E
:1087A00044F002043C43C3F80448D3F80438154F9E
:1087B00004683B6864EA030C1CEA020FCFD0134341
:1087C0003B60002333730323B3758DF807300F4BE1
:1087D0008DF8061024EA0204062204601B688DF856
:1087E000042001A89847BAE740F2B474C3F80048DF
:1087F000D3F80448D3F80478E4B244F00404D1E791
:10880000C0810020C481002000700240C881002087
:1088100038B50446094D4FF0FF324FF0FF3328467C
:1088200002F0CAFE2046FFF77BFF284602F0A0FEBA
:10883000034B8022C3F8042138BD00BF7C0C00200C
:1088400000E100E0F8B54FF0FF324FF0FF332B4866
:1088500002F0B2FE2A4B8022C3F884212720FCF7C5
:1088600041FE98B1274E284B34681B68240C240421
:108870001C43012764BB254D40F2FF1333602720C2
:10888000C5F80445FCF71AFEC5F80043204A1378E2
:108890008BB11E4B0021C3F808110121C3F800263B
:1088A000C3F804165960D3F808110029FBD0002141
:1088B000C3F808111170154B0022C3F80025FFF70B
:1088C0008BFA0E4802F054FE124B01221A70F8BDCA
:1088D00094FAA4F5B5FA85F50F2D2846C6BFA5F183
:1088E0001000C0B240F08000030701D4FFF718FF6A
:1088F00007FA05F524EA0504BCE700BF7C0C00205C
:1089000000E100E0C4810020C0810020007002402E
:10891000233801202738012010B504464FF0FF32DC
:108920004FF0FF33114802F047FE2046FFF7F8FEF4
:1089300004F00F02012393400D4A14F0800F14BF7E
:10894000D2F81015D2F814156FEA030315BF0B40C7
:108950000B40C2F81035C2F81435044802F008FE86
:10896000044B8022C3F8042110BD00BF7C0C002002
:108970000070024000E100E070B50446FFF786FB9E
:1089800068B904F00F02012514F0800F144B05FAAA
:1089900002F205D0D3F810150A43C3F8102570BDB4
:1089A000D3F814150A43C3F81425631E062BF6D812
:1089B000EFF31186402383F31288BFF36F8F2046B5
:1089C000FFF788FE204616F0C0FD064A1368854072
:1089D00023EA0503136086F31188BFF36F8FDEE788
:1089E00000700240C0810020030610B5044605D483
:1089F000FFF712FE10B12046FFF76CFE014BC3F8E3
:108A0000184510BD00700240084B70B5C31A0D46E2
:108A100007499B10044659430648402216F0C1FD01
:108A20002B4601462046BDE870401847E0810020F3
:108A3000B76DDBB6905E030073B50C4C0C4A402357
:108A4000041B00930D460B460A49A41061430646D9
:108A5000094816F0D2FD011E05DA30462B4602B059
:108A6000BDE87040184702B070BD00BFE081002033
:108A700065F60200B76DDBB6905E030010B5EFF34C
:108A80001184402383F31288BFF36F8F074A136862
:108A900023F00201DB07116002D4012017F09DF8DA
:108AA00084F31188BFF36F8F10BD00BF30820020A8
:108AB000002270B5012104461046FCF721FD0F4845
:108AC00001F030FC0E4B984215D117F08BF8266957
:108AD0000C49304616F01BF900280BDB01253564E4
:108AE0002469084904F11C0016F011F9002801DB83
:108AF000E564002070BD6FF00400FBE7098C010005
:108B00000000AD0B906A03007FB500220123CDE980
:108B1000022304ABCDE90433094ACDF800D06B46FB
:108B2000CDF804D016F097FD002805DB4FF4804205
:108B30000023684602F040FD07B05DF804FB00BF6B
:108B400083F6020030B4104B0C2202FB00330146C6
:108B50000020D3E90E529863EFF31180402484F390
:108B60001288BFF36F8F1C6C04F0C00444F0020441
:108B70001C6480F31188BFF36F8F1DB12B4603482F
:108B800030BC184730BC7047E0810020905E030085
:108B900010B4EFF31182402383F31288BFF36F8F79
:108BA0001748016841F002040460C80707D482F343
:108BB0001188BFF36F8F012010BC01F0A3BB4FF0F1
:108BC0008041D1F80C04D1F80C14C907EFD5EFF3AC
:108BD000118083F31288BFF36F8F0A490B6C03F087
:108BE000C00343F002030B6480F31188BFF36F8F5F
:108BF00082F31188BFF36F8F002010BCFFF7A2BF74
:108C000030820020E081002010B1012804D070479C
:108C1000034B1B6C5B0701D1FFF794BF704700BF8C
:108C2000E0810020024AC3B21C2003FB00207047F1
:108C3000E08100202DE9F0413849BFF35B8F074602
:108C4000012251E8003F41E800200028F9D1BFF39C
:108C50005B8F33B9324933484B60CB608A6016F082
:108C600069F87B1E012B2BD8012F07D14FF08043D1
:108C7000D3F81C3403F00303012B21D017F081FA41
:108C80000546F8B9284B1B78E3B14FF08043022228
:108C9000C3F808230646DFF894804FF08044D4F8E8
:108CA0001824D4F81834D20315D503F00303012B8C
:108CB00001D0012F0FD155B386F31188BFF36F8F09
:108CC000BDE8F081EFF31186402383F31288BFF3F0
:108CD0006F8F0125DFE7ADB1304616F099FAD4F871
:108CE0001835002BDBD1D4F80421002AD7D0C4F8E2
:108CF0000431D4F804310123C4F81835C8F88031A0
:108D0000A360CCE70021212003F0F0F8E7E74FF063
:108D100080430222C3F80423D2E700BFDC81002095
:108D2000CC810020FC810020DA88012000E100E0F5
:108D300008B5074817F00EF838B10648FCF7E0FD13
:108D40000448F9F7F7FD002008BD6FF01200FBE7BB
:108D5000CC5E0300598D01000A2838B5074D044642
:108D600004D1AB680D215B6828469847AB6803487F
:108D70005B68E1B29847204638BD00BFCC5E030077
:108D8000EFF31182402383F31288BFF36F8F0A4BF6
:108D9000D3F8001161B10021D3F80805C3F8001120
:108DA000D3F80031C0B282F31188BFF36F8F7047E0
:108DB0006FF00A00F7E700BF00D00040F0B50346AF
:108DC00010469C7893F803C0EFF31182402585F399
:108DD0001288BFF36F8F1F7893F801E0E41B04EA59
:108DE0000C04A04288BFA0B23E180CEA06063D461D
:108DF0001E7082F31188BFF36F8F0A188A4216D152
:108E000077450CD1EFF31182402181F31288BFF333
:108E10006F8F1978597082F31188BFF36F8F1B79A8
:108E2000241AA34222BF064B01221A60F0BD5E192C
:108E30000135767901F8016B05EA0C05DEE700BF24
:108E400000D00040DB432DE9F04713F001050E464A
:108E5000144604D02248FFF7B1FFBDE8F0879AB36B
:108E6000EFF31188402383F31288BFF36F8F0D2037
:108E7000FCF738FB07460D20FCF720FB88F3118830
:108E8000BFF36F8FDFF85CA0DFF85C80CAF8005199
:108E9000DAF800314FF400590123CAF800302546B2
:108EA000C8F88091DAF8003183B1FFF769FF031E3B
:108EB000C8F88091F6DB013DADB27355002DF1D1BC
:108EC00017B10D20FCF7ECFA2046C6E7EFF311804E
:108ED000402383F31288BFF36F8F16F099F9E1E70F
:108EE0006482002000D0004000E100E02DE9F04164
:108EF000124F0D46144607F1450814B92046BDE847
:108F0000F0814FF0FF334FF0FF32384602F054FB50
:108F1000224629464046FFF751FF0646384602F0F2
:108F200027FB3EB94FF0FF324FF0FF33044802F009
:108F300043FBE6E7A41BA4B23544DEE734820020FD
:108F40004C82002038B5194C01221146204617F0FA
:108F500096F80122002104F1180017F090F840F271
:108F60000743A4F848304FF0706323630C2384F860
:108F7000343000250E4B84F84550A4F84650D3F801
:108F8000042522F00102C3F804250121C3F8005191
:108F9000D3F80021C3F804132A4619600D20FCF70A
:108FA000AFFA0D20FCF77CFA284638BD3482002049
:108FB00000D0004010B5FFF7E3FE002820DB174B80
:108FC00093F8322093F8314093F83310141B31EAB0
:108FD0000404C0B20DD193F8472093F8464093F8AB
:108FE0004810141B31EA04040BD10D4B01225A60C6
:108FF0000EE09C180132114084F8350083F83210DD
:1090000010BD9C180132114084F84A0083F84710C3
:109010000448BDE8104002F0ABBA00BF3482002023
:1090200000D000404C820020F0B54068057B01F084
:109030001F0444EA4514056987B0002D64D0B2F5D9
:10904000001F00F1100506D12146284616F05AFEF1
:10905000002007B0F0BD01AE0027B2F5800F0197E8
:10906000776039D1B3F1007F14BF052304238DF855
:1090700004300023CDE904630393836823FA01F1EC
:1090800011F001011AD1B2F1A07F17D104F01F0332
:10909000620903F5E0732AD0012A3BD11F4A52F836
:1090A0002330DB070AD40DF1030632462146284659
:1090B00001F0F0FC1A4B98421CD0029603AA2146FC
:1090C000284601F0A9FB174B984220D101222146E6
:1090D000284601F043FDBBE7B3F1C06F05D0B3F103
:1090E000007F14BF01230223C1E70323BFE74FF032
:1090F000A042D4E73146284601F02AFD094B9842A8
:10910000DBD06FF00B00A4E76FF08500A1E76FF0F4
:1091100015009EE751F82330FFDE00BF000300502A
:109120000400AD0B0000AD0B38B545682B69B3B139
:109130001035284601F0FCFC044680B9014628465B
:1091400001F0C2FC084B98420BD108492246284640
:1091500001F09AFC224605210620FCF7D1F90020F7
:1091600038BD6FF00400FBE70000AD0B719101000A
:10917000420970B5034602D0012A17D070BD0D4ECA
:10918000326951680029F9D003F01F0301250C68EA
:109190009D400029F2D08A682A4002D04B683046B0
:1091A00098472CB1236821461C46F2E7024EE7E7B8
:1091B0002346F8E7B85E0300A45E03002DE9F04300
:1091C000466840F20635D006337B87B002EA0505D3
:1091D00054BFC2F34010032001F01F07B5F5837F91
:1091E000144647EA43178DF8030045D00FD8062DE3
:1091F00018D007D8B5B1022D40D06FF0150007B0D8
:10920000BDE8F083B5F5807FF7D101250AE040F293
:109210000222954234D0B5F5407F33D0B5F5007FBA
:10922000EBD102250123220303FA01F12CD5736847
:10923000C3F80815326982BB07F01F037F0929D0E4
:10924000012F77D13E4A02EB830284F48033D2F8B7
:109250000017C3F30043C4F3404444EA430421F439
:10926000E16144EA800421F0070144EA05230B434D
:10927000C2F800370020C2E70725D3E70425D1E76D
:109280000525CFE70325CDE7630344BF7368C3F823
:109290000C15CFE74FF0A042D5E710360DF10202D2
:1092A0003946304601F0F6FB14F4403F80460CD1BD
:1092B0003946304616F024FD224B9845DAD19DF808
:1092C0000210304601F03EFCD4E701AB4FF000093C
:1092D00003AA39463046CDE90439CDE90199CDF8E4
:1092E0000C9001F099FA174B984286D114F4003390
:1092F00015D09DF803308DF80E3084F48034C4F31B
:1093000000444B4603AA394630468DF80C508DF880
:109310000D4001F03BFB0B4B9842CDD06DE7CDE902
:10932000043303AA0DF1030339463046039301F0D9
:1093300073FAF0E703F5E07352F82330FFDE00BF65
:10934000000300500000AD0B036803F01F025B092F
:10935000026004D0012B034818BF002070474FF073
:10936000A0407047000300502DE9F04FDFF86091F6
:10937000DFF860A185B01546834600EB810140F21D
:10938000FF18594503D1002005B0BDE8F08FDBF888
:1093900000305804C3F3C322C3F3080400F19180E2
:1093A0001B0E19F80270444508BF4FF0FF34192B0B
:1093B00000F28A80DFE803F00D141A1D20261D88B4
:1093C0008888883663888888888888888888667CC2
:1093D0007F82C5F80C45621C5ED10BF1040BD0E70F
:1093E000C5F81445631CF8D000265FE0C5F80845B1
:1093F000F1E7C5F81045F5E7661CC5F80845ECD05F
:10940000002604E0601CC5F80C45E6D0012603A840
:109410000394FFF799FF039B012202FA03F3C0F8BC
:109420000C3508E0C5F80845002FDBD1631CD4D00B
:10943000002632460627DBF80030019303F4004093
:10944000002818BF002203A8009218BF0126039429
:10945000FFF77AFF039C019B009A00EB8400C3F3A3
:10946000412CD0F800473B0243EA8C03134304EA43
:109470000A04234343EA4603C0F80037ADE7C5F8C2
:109480000C45D1E7C5F86045621CDBF80030A4D07C
:10949000C3F30043002BB9D003A80394FFF754FF94
:1094A000039B012606FA03F3C0F808353246C2E7EB
:1094B000C5F86445E8E7C5F86845E5E7C5F86C45D3
:1094C000E2E76FF015005FE76FF085005CE700BF33
:1094D000B8950300F0F8FCFF2DE9F0410446476819
:1094E0000D4616F04EFE4FF0400888B9264B1B780B
:1094F00073B16426606816F025FAF0B9012016F001
:1095000075FB013EF6D10021212002F0EFFCF0E7CF
:10951000EFF31186314688F31288BFF36F8F6068CE
:1095200016F010FAA8B986F31188BFF36F8FEFE732
:1095300086F31188BFF36F8FE5E7EFF311863146AD
:1095400088F31288BFF36F8F606816F0FBF900286C
:10955000EED0BB691D706368BA691B680020C3F850
:1095600044250122C3F84825C3F82001D3F820413F
:10957000C3F85801D3F858019A6081F31188BFF3FA
:109580006F8FBDE8F08100BFDA880120F7B505468E
:10959000002201210220FBF7B3FF0220FBF780FF2E
:1095A0006A6811681369C1F82435137D507D927D76
:1095B00003431343C1F86C356E68D6E9004313F0DA
:1095C000010348D02F6907F10C0016F01BFB304B4C
:1095D00098425AD1387B04F10C0204F5907116F0D0
:1095E00007FB387B012707FA00F000F0F7FF08239C
:1095F000C4F80035B369C4F844350023C4F84835CD
:10960000A760D4F85831002BFBD00021C4F8001516
:109610006B68DC6801AA204616F0DDF8002805DB3F
:10962000019B226819791868FFF79EFE6A68136823
:109630000821C3F80015117A51B9D269C3F834254D
:109640000122C3F83825C3F81011D3F810111A609D
:10965000002003B0F0BD0822C4F80025B269C4F8A8
:109660004425C4F848350123A360D4F82031002BE9
:10967000FBD00023C4F82031D4F820310123E3606B
:109680004FF48073C4F80433BBE76FF00400E0E7E5
:109690000000AD0B70B5012383400E4ABFF35B8F12
:1096A000DC4352E8001F01EA040542E80056002EA0
:1096B000F7D1BFF35B8F4FF4803282400648C0F889
:1096C0000823BFF35F8FBFF36F8F0B4214BF0120DE
:1096D000002070BDA48200200010014070B40E492B
:1096E000D1E90034D01AC31844F1000422F07F46B7
:1096F000C1E90034A6F50013B3F5400F09D2074BBA
:109700001B681A0A1B069C19054B42F10005C3E9A8
:10971000004570BC02F09EBDD8210020A882002028
:10972000E021002011B3BFF35B8F0123104A834077
:1097300052E800CF4CEA030C42E800C10029F7D1FF
:10974000BFF35B8F0B4A4FF480338340C2F804337E
:10975000094BBFF35B8F1B68BFF35B8FC340DB0715
:1097600042BF064B4FF40032C3F80021704700BFE0
:10977000A482002000100140A082002000E100E04F
:109780000D4B1868010A0006BFF35F8F0B4BD3F82F
:109790000435181841F10001B3F5801F0AD2084BB7
:1097A000D3E90023904271EB030303D210F18070E0
:1097B00041F10001704700BFA88200200010014065
:1097C000E02100202DE9F04F85B016461F469DF898
:1097D00040A00446FFF75EFF0190FFF7D1FFB042C3
:1097E00071EB070354D23E4B301A67EB01019842EC
:1097F00071F100014FD23B4B03EB0413D3E9022379
:109800009F4208BF96425ED037494FF4803804F13A
:10981000500508FA04F8AD00C1F848832046ADB2FF
:1098200016F02AF926F07F4B05F1804504F5A87360
:1098300005F58835DC464FF003090293029A2CF0B7
:109840007F4341F82230C1F84483D1F80435274AD8
:109850006FF00200C01A604420F07F40904232D97D
:10986000286868B1D1F804350393A3EB0B0020F00E
:109870007F40B0F5000F26D9204616F0FDF8039B77
:10988000BAF1000F07D109EB030C09F10109D5E783
:10989000BAF1000F09D06FF0150520460199FFF7C6
:1098A00041FF284605B0BDE8F08F0123104ABFF301
:1098B0005B8FA34052E8000F184342E800010029E3
:1098C000F8D1BFF35B8F07490E98230101EB041217
:1098D000C8500F9B5360C2E902670025DDE700BF57
:1098E00001008000C821002000100140FDFF7F0022
:1098F000A08200207FB51C4C1C4BC4F80833C4F870
:1099000048331B4B00254FF0FF304FF0FF31C4F8B8
:109910000855C3E902014FF48033C4F80433154BF2
:1099200002264FF400320121C4F804631120C3F869
:1099300080212A46FBF7E4FD1120FBF7B1FD0E4A1A
:109940000123A360236013600C4B0D4A0093CDE903
:10995000015500232846FFF735FF3046FFF76AF927
:10996000284604B070BD00BF0010014003000F0086
:10997000C821002000E100E0A4820020DD96010063
:10998000FFFF7F002DE9F7432B4CD4F804339907F0
:109990000BD5D4F8043143B1284A0023C4F804316C
:1099A000D4F80431136801331360D4F80433DA03B4
:1099B00023D5BFF35B8F224B53E8002F22F0010128
:1099C00043E800100028F7D1BFF35B8FD30702D420
:1099D000D4F840318BB10025C4F84051D4F840315F
:1099E000FFF7CEFEEFF3108272B6164BD3E9026793
:1099F000B042B94104D282F3108803B0BDE8F083CD
:109A00004FF0FF384FF0FF39C3E90289D3E9001066
:109A10001D604FF48033C4F84833C4F84051D4F883
:109A2000403182F310880029E7D0009032463B464F
:109A300028468847E1E700BF00100140A8820020C7
:109A4000A0820020C821002030B5431C124C85B0F4
:109A500005D08442A8BF0446012CB8BF0124FFF7FB
:109A60008FFE0E4B0C4DD3E90013401AB0F5000FDA
:109A700010D22218AA4228BF2A4652184FF00000DE
:109A800007490091CDE9010043F10003FFF79AFE79
:109A900005B030BD2A46F0E7FFFF7F00D821002047
:109AA000DD96010008B5FFF76BFE024B1B68C01A7C
:109AB00008BD00BFD821002002460B46014801F036
:109AC00071BC00BF780B0020014801F0E3BC00BF6F
:109AD000780B002008B50A460146074815F015F82E
:109AE000064815F012F8002383F31188BFF36F8F37
:109AF0000323184602DF08BDCE950300DF9A03005A
:109B000070B5064686B018480D46184916F0F7FAA3
:109B100001A8EBF7F5F9164816F01CF9E8B1154B5A
:109B200000936846EBF712FAD0B94FF0FF304FF0D0
:109B3000FF31FFF7C1FF044638B90F490F48EBF773
:109B40009DF9044620B1FFF7BFFF204606B070BD67
:109B5000FFF7BAFF33691D60F7E76FF01204F4E70F
:109B60006FF01504F1E700BFB0820020EFFA0200A9
:109B7000085F0300199C0100E8210020099C0100F6
:109B80001FB51F48EBF7F0F8EBF7CCF90446A0BB84
:109B900001AA01218DF80400EBF722F9002828DB47
:109BA000082301AA07212046ADF80430EBF718F985
:109BB00000281EDB134B019301AA03212046EBF77B
:109BC0000FF9002815DB032301AA052120468DF893
:109BD0000430EBF705F900280BDBB0F5337F0ADB27
:109BE00084F31188BFF36F8F0423184602DF6FF0F0
:109BF0000B0004B010BD2046FBE76FF08500F8E7CE
:109C0000D59A01001B1B03020149024816F093BAC2
:109C1000B0820020B824002010B403460A4603484E
:109C200081680C681946234610BC1847085F03007A
:109C300073B54FF0FF304FF0FF31FFF73DFF0028C5
:109C400070D1394D0DF10701284600F0B1FA0446F4
:109C5000FFF73AFF002C65D19DF80730042B3AD16D
:109C600028786B783E2803F1020310D0FF2828D013
:109C7000472B2BD9002383F31188BFF36F8F042365
:109C8000184602DF02B0BDE87040FFF7BDBFAA78FA
:109C9000022AEDD1472BEDD80022002301242146D2
:109CA000FCF78EF904460028ECD06A781E4902328F
:109CB0000C3015F03FFB1D4B1B6821461C48984794
:109CC000E0E7AA7802F0FD02802AE2E74FF0FF32D7
:109CD0004FF0FF33E3E7022B10D14FF0FF324FF08C
:109CE000FF330320FCF75CF906460028CAD06A88D7
:109CF0000432472A0DD984F31188BEE7082BC1D15D
:109D00004FF0FF324FF0FF330520FCF749F90646CC
:109D1000EDE7294606F10C0015F00CFB034B31462C
:109D20001B68CBE702B070BD4A380120AC8200202E
:109D3000305F0300F7B5B04D2B780646002B40F09E
:109D40002F8204238DF80730AC4B04881F68B7B10D
:109D50000DF106030DF10702691CB84701280ED06A
:109D60009DF80630002B40F001819DF80730AB7064
:109D70000E2201236A70EB70AC80A871FFE0A30A89
:109D8000082B6DD00AD8032B0FD0042B20D0012034
:109D900040F206439C4240F09880E7E03F2B00F001
:109DA0003381012001280AD0DFE7B6F9003040F600
:109DB0000142934205D040F60342934205D0012070
:109DC000D4E0F01CF3F7ABFAECE7EBF775F9E9E751
:109DD0003388A3F58053013B082BF0D801A252F839
:109DE00023F000BF099E01001B9E01002F9E010071
:109DF000BF9D0100BF9D0100BF9D0100BF9D0100EF
:109E0000BF9D01004F9E01009DF807307C4808333C
:109E10008DF80730F3F7A1FBC4E79DF807307848C9
:109E200040338DF8073015F064FE00209DE79DF863
:109E3000073008338DF80730714B00221A605A60E2
:109E4000EB7A23F0600343F06003EB72EDE79DF8DB
:109E500007306B4806338DF80730F3F780FBA1E736
:109E6000304642F21C0130F8033B1AB28A4242F2F9
:109E700064012FDCB2F5005F01DC8C4217E0A3F532
:109E80000053013B1B2B0FD8DFE803F0314C550E7C
:109E90007E0E0E0E0E0E81840E0E879093960E0E81
:109EA0000E0E99A20E0E0EAB42F264039C4286D0B7
:109EB00000F2DF8042F226039C4200F26F8142F200
:109EC0000C039C424FF0010026D840F21D439C42F7
:109ED0004CD067E742F24B039A42CED19DF807304F
:109EE000474802338DF80730F3F754FB01E0F3F7EE
:109EF00038FB42F264039C4238D042F264039C4235
:109F000000F20D8142F226039C4200F23B8142F2B4
:109F10000C039C427FF63CAFA4F500530D3B394A3D
:109F20009BB226E19DF80730354803338DF80730A2
:109F3000F3F71CFBDDE79DF80730314808338DF857
:109F4000073015F0F7FD42F264039C420DD000F299
:109F5000E58042F226039C4200F2138142F20C0398
:109F60009C4200F20C810020AFE700200F236B70B1
:109F70000423AB700123E8702B71A5F80540012381
:109F80002B70002003B0F0BDF3F7F2FAB1E7F3F75E
:109F9000F1FAAEE7F3F7F0FAABE79DF807301848AF
:109FA00001338DF80730F3F7E9FAA2E7F3F7E8FA9F
:109FB0009FE7F3F7E7FA9CE7F3F7E6FA99E79DF8EE
:109FC00007300F4910338DF80730F3F7DFFA90E7C9
:109FD0009DF807300A4808338DF80730F3F7D8FAB0
:109FE00087E79DF8073008338DF807303023EB7191
:109FF0000023EB72A7E700BF91380120C082002048
:10A00000983801204112000330464FF6055230F8CF
:10A01000033B934221D8B3F57D4F06D203F2FF32C2
:10A0200092B20A2A0BD901202DE0A3F57D43013B12
:10A03000042B61D8DFE803F07E8184878A00A3F5D2
:10A040007C43013B0A2B00F28D80DFE803F01422F1
:10A050008B8B8B498B8B37404C004FF61C529342B5
:10A060007AD04FF61D52934279D04FF61B5293424D
:10A070006FD0012053E09DF807304B480C338DF82A
:10A080000730F3F751F924F008034FF602529342D8
:10A090001EE79DF8073040338DF80730424B002013
:10A0A0001880EB7923F0230343F02303EB712B7A21
:10A0B00023F0070343F007032B72E4E79DF8073012
:10A0C000394817338DF80730F3F74AF9DBE79DF885
:10A0D0000730354820338DF80730F3F793F9D2E78E
:10A0E000F3F73CF9CFE79DF807302F4801338DF89F
:10A0F0000730F3F7D8F9C6E79DF8073040338DF8FD
:10A100000730294B00221A60EB7923F03F0343F01C
:10A110003F03EB716B7A63F03F036B72002042F2F6
:10A1200085039C42AFD842F267039C421CD842F29E
:10A130006603CCE6F3F7CDF9A5E7F3F7CCF9A2E790
:10A14000F3F7FBF99FE7F3F7FAF99CE7F3F7FDF96B
:10A1500099E7F3F7FCF996E7F3F7FBF993E7F3F7E1
:10A16000FAF990E70120C8E6A4F50153283B0F4A0D
:10A170009BB222FA03F3DB077FF514AEF6E600206C
:10A18000CAE6002042F232039C423FF4EFAEA4F54F
:10A190000153033B012B7FF6E9AE03E60120F1E713
:10A1A0004FF0FF30EEE600BF983801202F804020AE
:10A1B00038B5094C23780D461BB9BDE83840F3F794
:10A1C0009EB8A278611C02321AF0B0FE002004236F
:10A1D00020702B7038BD00BF9138012070B5054646
:10A1E0000E46084C204615F0B5FD38B1A368B2B252
:10A1F000294620461B68BDE8704018476FF01200E2
:10A2000070BD00BF085F030002484FF4A04102F098
:10A2100055BA00BFD938012008B50A46014607489B
:10A2200014F073FC064814F070FC002383F31188CB
:10A23000BFF36F8F0323184602DF08BDFF950300AD
:10A24000DF9A030037B53223ADF80430124A0023F9
:10A250000125192168468DF80630ADF800508DF8BB
:10A260000230F1F7EBF9044690B94FF4AF60F4F720
:10A2700048FA2A4621460820FBF742F92A46214699
:10A280000B20FBF73DF92A4621462846FBF738F913
:10A29000204603B030BD00BF19A2010001490248A9
:10A2A00015F049BFC4820020B824002037B50D4DF9
:10A2B0000D49002400946FF009034FF48062284692
:10A2C00001F0BCFA0949284615F061FF0849094820
:10A2D00015F015FF224604211920FBF711F920463D
:10A2E00003B030BDB8240020C095012014960300AF
:10A2F00071FB0200C4820020014B00201B6818473C
:10A30000D482002020B1012806D10448EEF75ABDBE
:10A31000034B01201B681847704700BFF9A20100DA
:10A32000D4820020014B186001487047D48200207D
:10A330000000AD0BBFF34F8F0549064BCA6802F40E
:10A34000E0621343CB60BFF34F8F00BFFDE700BF58
:10A3500000ED00E00400FA054FF08053D3F83021FF
:10A36000082A06D1D3F83431052B02D8024AD05C32
:10A3700070470020704700BF24960300024AD2F8BD
:10A380000034002BFBD0704700E0014010B54FF0C7
:10A390008053D3F83021082A4ED14FF0804200215B
:10A3A000C2F80C11C2F81011C2F8381502F540427B
:10A3B000D3F80414C2F82015D3F80814C2F82415F1
:10A3C000D3F80C14C2F82815D3F81014C2F82C15C1
:10A3D000D3F81414C2F83015D3F81814C2F8341591
:10A3E000D3F81C14C2F84015D3F82014C2F8441551
:10A3F000D3F82414C2F84815D3F82814C2F84C1521
:10A40000D3F82C14C2F85015D3F83014C2F85415F0
:10A41000D3F83414C2F86015D3F83814C2F86415B0
:10A42000D3F83C14C2F86815D3F84014C2F86C1580
:10A43000D3F84434C2F87035FFF78EFF18B13F4BA4
:10A440003F4AC3F88C26FFF787FF18B13D4BFB222C
:10A45000C3F81825FFF780FF70B14FF080414FF02F
:10A460008053D1F8E42ED3F8583222F00F0203F0D3
:10A470000F031343C1F8E43EFFF76EFF20B1324BE8
:10A480004FF40072C3F840264FF08053D3F83031B8
:10A49000082B1AD14FF08043D3F80024D20744BFD1
:10A4A0006FF00102C3F800244FF08053D3F8343129
:10A4B000052B02D8254AD35C3BB14FF01023D3F8CB
:10A4C00008224FF08043C3F858254FF01021D1F8EF
:10A4D0000C32DB0714D51E480123C0F80435FFF702
:10A4E0004DFFD1F80C3223F00103C1F80C32FFF715
:10A4F00045FF0023C0F80435FFF740FFFFF71AFFC0
:10A50000D1F80032002B03DBD1F80432002B14DA2F
:10A510000F4901234FF01020C1F804351224FFF732
:10A520002DFFC0F80042FFF729FFC0F80442FFF7F3
:10A5300025FF0023C1F80435DEE710BD00500040C0
:10A540004881030000F00040009002401E96030086
:10A5500000E0014030B50468CCB1BFF35B8FB4FAC2
:10A5600084F3C3F11F03DBB201229A4024EA020202
:10A5700050E8005FA54204D140E8002CBCF1000F78
:10A58000F6D1BFF35B8FE6D102480B7030BD0248B5
:10A59000FCE700BF0000AD0B0200AD0B10B5036877
:10A5A000CB40DB0714D401238B400268BFF35B8FE1
:10A5B00043EA020150E8004F944204D140E8001CF5
:10A5C000BCF1000FF6D1BFF35B8FEED1014810BD97
:10A5D0000148FCE70000AD0B0400AD0B014BC3F8D4
:10A5E0000405704700F00140036803F01F025B0997
:10A5F000026004D0012B034818BF002070474FF0C1
:10A60000A040704700030050034A430900F01F00B8
:10A61000D35C1844C0B270472A96030070B5054653
:10A62000FFF7F2FF0C4C08300E4634F81030DA0514
:10A6300008D5C3F3432304EBC302284654F8333050
:10A6400052689847A3682BB1E26831462846BDE8B6
:10A650007040184770BD00BF7407002008B5FFF7B1
:10A66000D3FF034B083033F81000400B08BD00BF88
:10A670007407002008B5FFF7C7FF034B083033F815
:10A680001000C0F3400008BD7407002008B5FFF7B4
:10A69000BBFF034B083033F81000C0F3401008BD77
:10A6A00074070020034611F0010010B5CCB20DD1A3
:10A6B000A207C4F3400012D5094AD2F82005586019
:10A6C000C2F82005003818BF012008E04FF0A04173
:10A6D000D1F820251A60C1F82025002AE8D010BD45
:10A6E0000003005010B5FFF78FFF124A083032F810
:10A6F0001030D9051CD5C3F3432123F4F85322F8B5
:10A70000103002F10E04002034F8023F13F4807F71
:10A7100003D0C3F3432399420AD001303028F3D148
:10A72000002342F831300448BDE81040FFF736BF3F
:10A7300010BD00BF74070020EC070020F0B50546EF
:10A7400000200446012607468C420BD1114BD3F85A
:10A750007C2132B10022C3F87C21D3F87C3140F057
:10A760000040F0BDE3B29B0003F580729B0806FA3F
:10A7700003F31D420BD002F1804202F5C042D2F831
:10A7800000C0BCF1000F02D01760126818430134FA
:10A79000DAE700BF00600040F7B506460846FFF75D
:10A7A00033FF194F00F108050C4637F81530DB0769
:10A7B00027D5304615F080FA2046FFF767FF40B1F5
:10A7C0002046FFF74BFF316800F5A270002341F8E7
:10A7D00020302046FFF786FF002301A827F8153018
:10A7E0000194FFF701FF019B00EB8300074BD0F8BA
:10A7F0000027134043F00203C0F80037044803B0B9
:10A80000F0BD0448FBE700BF74070020F0F8FCFF30
:10A810000000AD0B0400AD0B2DE9FF41164680464C
:10A820000846FFF7F1FE0D463168044609B3284695
:10A83000FFF720FF18B12846FFF728FF10BB0023C1
:10A84000CDE900338DF80E308DF80F300DF10F0289
:10A850000B4628460DF10E0115F0D6F9474A04F1D2
:10A86000080132F8113023F0020343F0010322F80B
:10A870001130736863B328461F785968FFF7FAFEF2
:10A8800010B1D1B13E4826E03C4A04F1080032F84C
:10A89000103023F02003DB04DB0C22F8103061B110
:10A8A000032FEFD87168496891F800C0D8F80010FC
:10A8B000A7B90CF5A27C41F82C70304A04F10801CC
:10A8C00032F8113023F01C0343EA870322F81130D9
:10A8D000B3684BBB2B4804B0BDE8F08101EB8C01A1
:10A8E00043EA4C33D1F810E52EF0030EC1F810E521
:10A8F000D8F8001001EB8C0E43F02003DEF81015A1
:10A9000022F8103021F44F3121F44071CEF81015A7
:10A910002902DEF8108501F47C5141EA074141EA41
:10A920000801CEF81015C8E7D3E900672846FFF7FD
:10A93000D9FE002ECED0114DD5E90023964203D189
:10A940009F4201D1002209E00F480DF10F01FFF7EE
:10A9500001FE0C4B9842BED19DF80F2045F83260A5
:10A9600005EBC20308345F6035F8143043EA422334
:10A9700043F4807325F81430ACE700BF740700205F
:10A980000400AD0B0000AD0BEC0700202DE9F043F7
:10A990000C4685B08046204611461E46FFF734FE21
:10A9A000054629B32046FFF765FE18B92046FFF794
:10A9B0006DFE18BB314F05F1080937F8193013F057
:10A9C0001C0F02D04B78012B18D001238DF80F30CB
:10A9D0000023CDE900134A1C8B1C20460DF10F010A
:10A9E00015F012F937F8193043F0030327F819303E
:10A9F000002E41D02046FFF73DFE18B9204805B093
:10AA0000BDE8F08396F800C0D8F800301B4F0CF575
:10AA1000A272002143F8221005F1080237F8121043
:10AA200021F02001C904C90C27F8121075781DB354
:10AA3000D8F80000B67800EB8C002D04D0F8103563
:10AA400023F4991323F4F853C0F81035230203F4C8
:10AA50007C5305F440353605D0F810E52B4306F459
:10AA6000801641EA4C31334341F0200143EA0E03A2
:10AA700027F81210C0F810350248C0E7740700200C
:10AA80000400AD0B0000AD0B014BC3E9021270478F
:10AA90007407002010B508461446FFF7F7FD50B1C3
:10AAA0000846FFF7B1FD054B083033F81030044875
:10AAB0005B0B237010BD0348FCE700BF7407002048
:10AAC0000000AD0B0400AD0B70B5164D95F880403D
:10AAD00006462CBB2146602205F110001AF04EFA02
:10AAE00030682E6F21468E420ED10023C0F87C3193
:10AAF000D0F87C3140F30730FAF7D2FC01230A4842
:10AB000085F88030AB6770BDCBB29B0003F58072D7
:10AB10007C2B08BF845001F1010108BF8358E2E794
:10AB20000248F0E7740700200000AD0B0C00AD0BED
:10AB3000034B93F88000003818BF0120704700BF16
:10AB4000740700200148FFF729BD00BFE807002077
:10AB50000148FFF7FFBC00BFE807002073B503689A
:10AB60001646D3F80423002AA8BF4FF0004205463A
:10AB7000A8BFC3F8042308460C46FFF787FD00B3BF
:10AB80000846FFF777FD0146D8B92046FFF766FD76
:10AB900004B2A40004F58072034628688150296835
:10ABA00082582144D1F8102542F00102C1F8102545
:10ABB0002EB12968012202FA03F3C1F8043302B06E
:10ABC00070BD2046FFF720FD0F4B083033F81030E2
:10ABD000C3F38203042B12D0052B12D001A80194D9
:10ABE000FFF702FD019AD0F81035D34003F00103BE
:10ABF000991C204602B0BDE8704015F04EB8032104
:10AC0000F7E70221F5E700BF740700202DE9F04FB8
:10AC1000694BDFF8A881D3F80403D8F87010C0B2EC
:10AC200089B040F00040FFF789FD051E2FDAC246CB
:10AC300000235AF87C1F06A8CDE90633FFF732FD42
:10AC40005F4B01930DF118094FF0000B019A12F8B8
:10AC5000013B0192DA0803F007031AF8022022FAF6
:10AC600003F3DA071CD409F10409BBF1000F14D077
:10AC7000D8F870104FF00040FFF760FDD8F87C1056
:10AC800006A8FFF70FFD0028DAD125F000450124C2
:10AC9000002D79D109B0BDE8F08F4FF0010BD5E759
:10ACA000484B5B440293D9F800100029DBD0029B8B
:10ACB00091FAA1F11C78B1FA81F141EA44142046DD
:10ACC000FFF7A2FC0830059438F81070C808BB08DC
:10ACD00019F80020039301F00701012303FA01F1A1
:10ACE00022EA010209F8002005A8FFF77DFC059A79
:10ACF000039B02F5E072C7F3820650F822205B073F
:10AD00003746C2F3014224D520463946D6B2FFF772
:10AD100085FC05A80594FFF767FC059B03F5E07328
:10AD200050F82330C3F301439E4207D1002120464F
:10AD300014F0B3FF3146204614F0AFFF05A8059488
:10AD4000FFF752FC059B012202FA03F3C0F82035FD
:10AD5000A9E7022A0CD10321204614F09EFF06F039
:10AD60000503012BEAD139462046FFF757FCE5E7FA
:10AD700002212046039214F090FF032EF3D0039A91
:10AD8000032ADBD1022EEDE795FAA5F3B3FA83F39C
:10AD900004FA03F29B0003F1804303F5C04325EA64
:10ADA0000205D3F81005D3F81015C0F30520C1F340
:10ADB0000141FFF733FC6BE700600040740700209F
:10ADC0003A9603003A96030010B5184C237853BB0B
:10ADD0000278C2F34003920712D54FF08053D3F8A4
:10ADE0003021082A0BD1D3F83431052B07D8104A6B
:10ADF000D35C23B14FF080430122C3F838260123EE
:10AE00004FF08042C2F88035037803F00103C2F8A6
:10AE100078350020FAF766FB08B9FAF741FB012301
:10AE20000448237010BD0448FCE700BFD988012006
:10AE30003C9603000000AD0B0C00AD0B4FF08043BF
:10AE40004FF46072C3F80823014B00221A60704768
:10AE5000D882002008B5FFF7F1FF03680BB1014A63
:10AE6000136008BDD882002010B54FF08043D3F89E
:10AE70000443620707D54FF4847014F045FF10B106
:10AE80001E4B1B689847A30608D54FF48A7014F030
:10AE90003BFF18B11A4B00201B689847600608D585
:10AEA0004FF48C7014F030FF18B1154B01201B6863
:10AEB0009847210608D54FF48E7014F025FF18B17D
:10AEC000104B00201B689847E20508D54FF490709E
:10AED00014F01AFF18B10B4B01201B689847A3050B
:10AEE0000AD54FF4927014F00FFF28B1054BBDE85E
:10AEF00010401B680220184710BD00BFE0820020F0
:10AF0000DC820020D882002001460148FFF722BBE6
:10AF1000F8070020014B986864307047E4820020F5
:10AF200038B5EFF31185402383F31288BFF36F8F99
:10AF3000064B9C6814F021FF85F31188BFF36F8FD7
:10AF40002046BDE83840FAF733BA00BFE48200205B
:10AF500038B5094B53F82040013053F82050A54232
:10AF600000D838BD636823B1204614F009FF0834C7
:10AF7000F5E723689847FAE7C86B030070B52B4BD9
:10AF80002B4C2C4D012286B003201A70FFF7E0FFF6
:10AF9000F9F734FF14F010FF0420FFF7D9FF26461D
:10AFA000AE4204F1300410D300F0E2FE204C224EF9
:10AFB000AC4226D300F0F0FEF6F7EEFE1F4A137BFC
:10AFC00023F00103137306B070BD54F80C3C0593D5
:10AFD00054F8103C049354F8143C039354F8183C70
:10AFE000029354F81C3C019354F8203C009354E91C
:10AFF0000A2354E90C0100F089FC54F8303C5E65EA
:10B00000CDE7D4E90A23B3F1FF3F08BFB2F1FF3F18
:10B0100005D052EA0301206803D115F0BBF83034A3
:10B02000C6E73146183001F09BF8F8E7DA880120CE
:10B03000C4600300C4600300C3020300D8250020DD
:10B0400008B50348034A0021121A14F0B1FE08BDE6
:10B05000280E0020F488012070B5002386B001225C
:10B06000CDE90423134E144D01930F22CDE9023292
:10B070001249142303FB005506EBC01604464FF497
:10B08000C07000FB04110E4B00954FF4A0723046C7
:10B0900000F03CFC737B0B4AEE6023F004037373F7
:10B0A0004FF4046304FB033313442C746B6006B049
:10B0B00070BD00BF58250020E482002040A201207E
:10B0C0001FFF0200009A0120BFB50020FFF740FFDC
:10B0D0002D4B83F308882D4C2D4E63692D4F43F47F
:10B0E00000736361E02384F8223000252023E37796
:10B0F00025766576A57684F82050636A43F4E023CC
:10B10000636284F82350FAF7CFF8FAF77FFA4FF02A
:10B11000FF33A362E362204CFAF73EFBFAF79AFA98
:10B1200040F201132046A381C4E91A5501F042F907
:10B13000B46014F00EFE0120FFF70AFF0220174C46
:10B14000FFF706FF00F048FE154B746105930123DD
:10B1500014490095CDE903534FF480423B46CDE9B5
:10B160000155204600F0D2FB627B064622F0040225
:10B170002046627315F04AF82846FFF76DFF3A46FD
:10B1800031462046FAF724FA40A2012000ED00E003
:10B19000E48200207DAF0100F8260020D8250020A1
:10B1A00042960300C0A3012038B5064C064DAC42C0
:10B1B00001D3002038BDD4E90112204614F0FDFD72
:10B1C0001434F4E7EC0A0020000B002038B5064CDC
:10B1D000064D0020AC4200D338BD204614F052FE8C
:10B1E0000028F9DB1C34F5E7D00A0020EC0A002027
:10B1F00073B50C46EFF31181402585F31288BFF338
:10B200006F8FC5685DB125602B68C36083690133AA
:10B210008361002081F31188BFF36F8F11E052EA40
:10B22000030603D125606FF00B00F3E7CDE900239F
:10B230000246083000F0E8FC18B9034B9B685B69D4
:10B24000236002B070BD00BFE48200202DE9F3410D
:10B2500004460E4600F10808EFF31187402181F300
:10B260001288BFF36F8F056AC1688D422FD215F027
:10B270002CF8A2680546314678B10024406919F0DF
:10B2800055FE2846EC6714F0C1FF4046394600F0F1
:10B290002BFD204602B0BDE8F081E06919F046FEC2
:10B2A000E369A26813446269E361934204BF2369BE
:10B2B000E361236A013304F124002362102115F0B5
:10B2C00025F9002087F31188BFF36F8FE2E752EA78
:10B2D00003010AD0064989684E61CDE90023394649
:10B2E0000246404600F090FCD4E76FF02200E9E708
:10B2F000E4820020F7B5044604F108070846EFF39E
:10B300001186402181F31288BFF36F8F216A0029D3
:10B3100031D0A268A16919F009FEA369A26813449B
:10B320006269A361934204BF2369A361236A013B5D
:10B330002362204614F0C9FF054660B34169A26844
:10B34000E06919F0F3FDE369A26813446269E361FF
:10B35000934204BF2369E361236A0133236200241B
:10B360002846EC6714F052FF3846314600F0BCFC2A
:10B37000204603B0F0BD52EA03010AD008498968AB
:10B380004861CDE9002331462246384600F03CFCB6
:10B39000EFE76FF0220086F31188BFF36F8FE8E7C5
:10B3A000E48200202DE9F341044617461E46EFF3E0
:10B3B0001188402383F31288BFF36F8FC368334A29
:10B3C0007BB180689168884219D057EA060318D18A
:10B3D00088F31188BFF36F8F6FF00F0002B0BDE8E4
:10B3E000F081916891F90E1021610133E360936857
:10B3F000A36088F31188BFF36F8F0020EEE7216907
:10B40000F2E791F90E1090F90E309942A8BF194653
:10B410006FF07E029142B8BF11468B422DDD14F0D1
:10B4200089FD0546CDE9007619482246414600F0DF
:10B43000EBFB0028E1D0EFF31186402383F3128861
:10B44000BFF36F8FA068D0B1236821699C420AD0F6
:10B450004BB193F90E309942A8BF19466FF07E03A5
:10B460009942B8BF194614F065FD40B1084831460D
:10B4700000F03AFC6FF00A00B0E70025D2E7002D9B
:10B48000F4D186F31188BFF36F8FF3E7E4820020D5
:10B49000DB88012038B58368044663B3194A926893
:10B4A00093422BD1C368012B03D9013BC360002019
:10B4B00038BDEFF31185402383F31288BFF36F8FFC
:10B4C0000169806814F036FD204614F0FEFEA0608D
:10B4D00058B190F90E2022610022C26714F096FE46
:10B4E0000948294600F000FCE1E7E06085F3118897
:10B4F000BFF36F8FDBE76FF01500D9E74FF0FF3038
:10B50000D6E700BFE4820020DB88012037B5114672
:10B51000EFF31185402282F31288BFF36F8F046826
:10B520009CB12368426823F003039442036008BF80
:10B5300043600121204614F071FD044685F3118813
:10B54000BFF36F8F204603B030BD51EA0302F5D040
:10B5500000F10802CDE900131046294600F054FB23
:10B560000028EFD1014B9B685C69EBE7E482002087
:10B5700038B50446EFF31185402383F31288BFF3F7
:10B580006F8F14F0A2FE48B10022C26714F03EFE95
:10B5900029460848BDE8384000F0A6BBD4E902328D
:10B5A0009A4218BF0133A360022104F1100014F085
:10B5B000ADFFEDE7DB88012013B5EFF311814024E7
:10B5C00084F31288BFF36F8F846844B1013C8460B8
:10B5D00081F31188BFF36F8F002002B010BD52EAD3
:10B5E000030406D181F31188BFF36F8F6FF00F0052
:10B5F000F3E7CDE900230246014800F005FBECE744
:10B60000DB8801201FB5094A92E8030002AB83E8FA
:10B6100003004FF400620093054906484FF0FF33E2
:10B6200000F00CF9002005B05DF804FBD0600300C9
:10B6300000E40120582600202DE9F043DFF8348192
:10B6400085B005464FF0FF364FF0FF37EFF3118915
:10B65000402383F31288BFF36F8FD5F880408CB9F5
:10B66000022105F1980014F01AFD002860D1002392
:10B67000CDE90067029305F1880249463E4800F093
:10B6800077FCE3E7D5F884202368C5F8803094423E
:10B6900008BFC5F88430D5F8983043F00203C5F8E8
:10B6A0009830E36823F0040343F00103E360636828
:10B6B00089F31188BFF36F8F20469847EFF3118904
:10B6C000402383F31288BFF36F8FE368D90623F01A
:10B6D000010237D4E260E3689A071AD5D8F800006F
:10B6E00023F00203E360A0B10268002188B143683F
:10B6F0009C4237D1036869BBD8F80420C8F80030F1
:10B70000824201D1C8F80430002340F8083BFFF71B
:10B710002FFFD5F8983023F00203C5F8983089F34D
:10B720001188BFF36F8FDB0590D400F05DFB8DE7D0
:10B7300005F1900400220121204614F01FFE00288C
:10B74000F8D194E723F01103E36004F11000FFF750
:10B750000FFFC0E70B60D8F80430834208BFC8F879
:10B760000410D1E722B11368014610461A46BDE71E
:10B770001346F9E704830020DB880120F8B5C3688D
:10B780009A0704460F46C3F340062CD45B071AD42D
:10B790000B680BB983680B60E368DD0744BFA368DF
:10B7A0003B603D684CBF02260126002D3AD01F4B5E
:10B7B0009B68AB420AD0D5F89830D807C3F3800213
:10B7C00014D46FF0120600233B6025E014F0D9FC7E
:10B7D000D5F898300028F0D1D907C3F3C002F0D5CE
:10B7E00052B15B0708D46FF00F06ECE7002AFAD1DC
:10B7F000C3F3C003002BF6D100232360D5F88430B7
:10B8000063B9C5E92044284614F054FCE36843F0CA
:10B810000403E3603B68A3603046F8BD1C60C5F8D4
:10B820008440F0E76FF01506CDE700BFE48200200A
:10B830000146014814F07FBC58260020F0B589B0BD
:10B8400004460020C4E920000E9D04F18800C4E9EC
:10B85000220004F19000C4E924004DB328790028A7
:10B8600040F2011008BF0120C4F8980000204FF0FA
:10B87000FF364FF0FF37CDE90330CDE90100CDE9C8
:10B8800006670C4B0094204600F07EF855B12968FD
:10B8900011B1204614F07BFC6B791BB1237B43F084
:10B8A00001032373204609B0BDE8F04014F072BCD8
:10B8B0000120D9E739B6010037B501900846EFF30A
:10B8C0001184402181F31288BFF36F8FC16811F09A
:10B8D0001E0F16D153EA020508D101A9FFF74EFF4A
:10B8E00084F31188BFF36F8F03B030BD41F00801BE
:10B8F000C160019981621030034900F031FC0120E0
:10B90000EEE70020ECE700BFC3000300F0B507320C
:10B9100085B022F0070204467F320E9D0D9E2573EE
:10B92000583022F03F02C4E91600042500203F2AC7
:10B93000A673C4E90600A0606573E07301F14007D7
:10B94000A2F1400605D880F31188BFF36F8F284617
:10B9500002DFC4E91A768D1800260C9A2667029237
:10B960000B9A01920A9A009220462A46F9F7FEFDA8
:10B97000044B66659B6803B15B6F6367284605B03F
:10B98000F0BD00BFE4820020F0B587B0002505952A
:10B99000109D04950F9D03950E9D0295DDE912768D
:10B9A0000D9D01950C9D00950446FFF7AFFFB6F184
:10B9B000FF3F08BFB7F1FF3F05D056EA070305D1A7
:10B9C000204600F0A3F9204607B0F0BD03493A46EF
:10B9D000334604F1180000F0C3FBF4E7C302030090
:10B9E00038B50D4D2B4653F8184F9C4200D004B982
:10B9F000EC68AB6838B95A7BD20604D1A26912B997
:10BA0000DA897F2A05D89C4202D0204600F0F0FA5D
:10BA100023466B6138BD00BFE482002008B590F971
:10BA20000D20437B002A014604DA03F07F034373B1
:10BA300014F0B2FB044B9868431A58425841BDE8D1
:10BA40000840FFF7CDBF00BFE482002070B490F93A
:10BA50000D30427B002B29DBD30627D183692BBB1A
:10BA6000134962F07F0242730A4652F8184F94421B
:10BA700018BF2346CC6923B9C0E900242060C861FF
:10BA80000CE090F90E5093F90E60B5420AD0AE4228
:10BA900008DD5A68C0E900321060586070BC0020B0
:10BAA000FFF79EBF9C42E7D01B68E4E770BC70477D
:10BAB000E48200202DE9F041002A427B0E460CBFB3
:10BAC00010210821114204460FD141EA0203D20994
:10BAD00018D1437308291BD00120FFF781FFBFF362
:10BAE0005F8F637B23F060036373284B9B68A342E3
:10BAF00045D1EFF30583002B41D13046BDE8F0413D
:10BB0000F9F76CBC03F07F03437314F045FBE1E7E6
:10BB1000A36813B1204614F047FB04F1180014F099
:10BB20004FFCA56D04F15807AF4211D04FF000084B
:10BB300075B1284614F038FB05F1180014F040FCEC
:10BB4000C5F87C802846FFF781FFA56DAF42EFD195
:10BB50000E4FBB689C42BFD1EFF30583002BBBD0D7
:10BB60000B4D0120FFF73CFF40F20113AB8128464B
:10BB70000023C5E91A3300F01DFCBD60AFE786F372
:10BB80001188BFF36F8FBDE8F08100BFE482002011
:10BB9000F826002070B590F90D20437B002A01465D
:10BBA00004DA03F07F03437314F0F6FA4B7B154A73
:10BBB00063F07F0310464B7350F8183FD4698342FB
:10BBC00008BF002323B9C1E900042160D1610CE062
:10BBD00091F90E5093F90E60B5420ED0AE420CDDD5
:10BBE0005868C1E90030016059609068431A5842B2
:10BBF000BDE870405841FFF7F3BE9C42E3D01B689C
:10BC0000E0E700BFE4820020F8B5124B0C46114675
:10BC1000114A98681060DDE90676EFF31182402240
:10BC200082F31288BFF36F8F9D68284614F0C6FA1E
:10BC3000B6F1FF3F08BFB7F1FF3F06D007493A46CC
:10BC4000334605F1180000F08BFA2046BDE8F840B5
:10BC5000F9F7C4BBE48200200C830020C302030078
:10BC6000F8B50446EFF31186402383F31288BFF33F
:10BC70006F8F437BDA0649B219D18569BDB903F0EC
:10BC80007F03437314F088FA437B164A817363F091
:10BC90007F034373134653F8180F984218BF0546A5
:10BCA000D0695DB9C4E900300460D46111E0A173CA
:10BCB000002086F31188BFF36F8FF8BD95F90E70E1
:10BCC000B9420BD08F4209DD6B68C4E900531C6098
:10BCD0006C600120FFF784FE0120EAE7A842E1D072
:10BCE0002D68DEE7E482002049B9EFF3058030B922
:10BCF000054B5A699B689A4201D0F9F76FBB81F3F3
:10BD00001188BFF36F8F7047E482002010B5EFF306
:10BD10001184402282F31288BFF36F8F427B510758
:10BD200004D484F31188BFF36F8F10BD22F0040296
:10BD30004273FFF78BFE21460248BDE81040FFF733
:10BD4000D3BF00BFDB880120034648B9EFF305826B
:10BD500032B9064A51699268914201D0F9F73EBB67
:10BD600083F31188BFF36F8F704700BFE482002018
:10BD7000EFF31181402383F31288BFF36F8F054BDC
:10BD80009A68D37B013BD37381F31188BFF36F8F24
:10BD9000704700BFE482002038B5EFF311854024DE
:10BDA00084F31288BFF36F8F0A4B9A68D37B0133F9
:10BDB000D3730020FFF714FE85F31188BFF36F8F54
:10BDC000EFF3118084F31288BFF36F8FBDE8384022
:10BDD000FFF7BABFE4820020024B03F11802C3E967
:10BDE00006227047E4820020F8B5EFF31185402366
:10BDF00083F31288BFF36F8F19498868437B03F080
:10BE00007F03437314F0C8F98B685A7B084662F0CD
:10BE10007F025A7350F8182FCC69824208BF002263
:10BE200022B9C3E900042360CB610CE093F90E60F2
:10BE300092F90E70BE420ED0B7420CDD5168C3E9D4
:10BE400000210B6053600120FFF7CAFD2846BDE8C2
:10BE5000F840F9F7C3BAA242E3D01268E0E700BFA6
:10BE6000E482002050EA01032DE9F04105460E4628
:10BE700003D1FFF7B9FF00202BE0831C71F1FF33E2
:10BE800029DB14F0B2FA2C18EFF31188402383F366
:10BE90001288BFF36F8F124F124BB8681860FFF70C
:10BEA000BDFDB86810492A463346183000F058F9ED
:10BEB000BA68537B43F0100353734046F9F78EFA88
:10BEC00014F093FA201A63EB0303012873F10003C3
:10BED000D1DBBDE8F0816FF00104241AD4E700BF84
:10BEE000E48200200C830020C3020300B1F1FF3F75
:10BEF00008BFB0F1FF3F08B506D10A4B986814F0AF
:10BF000094F94FF0FF3008BDFFF7ACFF4FF47A71A2
:10BF100047F6FF730022C0FB0132D80B40EA4240D3
:10BF2000F1E700BFE48200200C490D4A38B5002437
:10BF30004FF400458C462146C0FB05C100236046F6
:10BF4000F0F7E0FFC117FFF78DFF054A47F6FF73D3
:10BF5000C0FB0234DB0B43EA444038BD3F420F00D4
:10BF600040420F00014B9868704700BFE4820020F8
:10BF7000D3B5DDE90667089CCDE90067FFF744FE0D
:10BF80001CB1034B9B685B69236002B0D0BD00BF4E
:10BF9000E4820020044BC01A044BC0105843044BE9
:10BFA00001221A54704700BF78270020ABAAAAAA22
:10BFB000DB880120C3897F2B12D80A4B1B6863B131
:10BFC000094B90F90E201B689A4209DB437BDB0684
:10BFD00006D1064BC31A18BF012303F001007047B6
:10BFE0000023FAE714830020108300205825002046
:10BFF00070B50E4B0E4C1E7C06EB460304EBC304DF
:10C000000546204614F0DCF90A4B002228469A55D2
:10C01000FFF7D0FF48B1084B08491A68013A20469B
:10C02000D317BDE8704000F09BB870BDE4820020DB
:10C0300078270020DB8801201483002095BF0100B1
:10C0400038B5EFF31185402383F31288BFF36F8F68
:10C05000104B114A9C681068A04206D1FFF7C8FF38
:10C0600085F31188BFF36F8F38BD00211B7C1160F1
:10C070000A4AD35C002BF3D02046FFF79BFF002831
:10C08000EED0637BDB0602D12046FFF783FD20461E
:10C09000E4E700BFE48200200C830020DB8801205D
:10C0A00008B50648064A0749121A13F083FEBDE890
:10C0B0000840054A0549064813F07CBE00000020F0
:10C0C000240E002024A003000000000024A0030090
:10C0D00000000020034B1B680BB9FDF7E3BC0020F8
:10C0E000704700BF1883002030B570B10B4B5B6800
:10C0F00098420AD0036843B1D3E90421D0E904454A
:10C10000121941EB0501C3E90421D0E900321360A3
:10C110005A600023C0E9003330BD00BFFC07002097
:10C1200010B50E4B1C689C4204D1FFF7D3FF6FF093
:10C13000004010BDFFF7CEFF002CF8D0D4E9043248
:10C140001B1A62EBE072B3F1004F72F10001EEDAFC
:10C15000002AACBF18460020EBE700BFFC07002018
:10C16000B3F1FF3F08BFB2F1FF3FF8B504461D46EB
:10C1700016465ED08160EFF31187402383F3128867
:10C18000BFF36F8F013275F1FF3324DA2E49D1E905
:10C1900000206FF001039B1A4FF0FF3262EB0000AA
:10C1A0009E1B60EB0500012E70F1000301DA0126F1
:10C1B0000020C4E90460254ED6F800C07568B44577
:10C1C00008BF4FF0000CBCF1000F0DD1C4E90065B1
:10C1D0002C6074601CE0FFF77DFF013645F100051F
:10C1E000361845EBE070E4E7DCE90420D4E90431DB
:10C1F000934271EB000E1DDAD21ADCF8043060EBCA
:10C200000100CCE90420C4E900C31C60CCF8044060
:10C210003368B34209D09C4207D10D4B1C6824B946
:10C22000FFF77EFF2146FDF70FFC87F31188BFF370
:10C230006F8FF8BD9B1A61EB0001AC45C4E9043176
:10C24000C4D0DCF800C0BEE790270020FC07002027
:10C25000188300202DE9F84FEFF3118C402383F36E
:10C260001288BFF36F8FDFF8B0A0DFF8B0902C4FCB
:10C27000C9F80000DAF800000024504508BF00208B
:10C280000025D7E90021D9F80030E04678B3D0E99D
:10C29000046C4FEAE37EB3427EEB0C0B05DAF61A30
:10C2A0006CEB0E04C0E9046421E0B21841EBE671C6
:10C2B000C0E90445C7E90021FFF716FF88F311889C
:10C2C000BFF36F8F83689847EFF31188402383F3A0
:10C2D0001288BFF36F8FD9F80030DAF800009B1B8B
:10C2E0005045C446C9F80030CBD1D7E900219A188F
:10C2F00041EBE3730024C7E90023C9F80040FFF7CE
:10C300000FFF2146FDF7A0FB88F31188BFF36F8F65
:10C31000BDE8F84FFFF794BEFC070020188300200B
:10C320009027002010B5EFF31184402383F3128887
:10C33000BFF36F8FFFF7CEFE054A0346D2E9000137
:10C34000181841EBE37184F31188BFF36F8F10BDB0
:10C350009027002038B50346EFF31185402282F381
:10C360001288BFF36F8FC160012181600068834232
:10C3700006D185F31188BFF36F8F0024204638BDA6
:10C38000D0E9003213605A600023C0E9003314F092
:10C3900077F8294604460248FFF7A6FCEEE700BFFF
:10C3A000DC8801200A460146014814F0C9B800BFE4
:10C3B000EC0A0020014B4367704700BFEC0A0020E5
:10C3C00038B504460D4613F0DCFE20B9064B9B68D9
:10C3D0005B6F0BB938BD054B2A4621461846BDE8B0
:10C3E000384014F0ADB800BFE4820020EC0A002011
:10C3F00001680E4A9142034615D1C169A2F110228B
:10C40000A2F1EF1291420ED18268012A0BD8C268C4
:10C4100012B101698A4206D0586928B19B691B1A7A
:10C420005842584170470120704700BF55AA00FF8D
:10C4300070B50D4B9E68A6B13046FFF7D9FF044694
:10C4400078B9F3686BB935690DB9204670BD2846D7
:10C45000FFF7CEFF28B9EB68B34202D12E462D6913
:10C46000F2E70124F1E700BF1C8300202DE9F04131
:10C47000444B454C1B68054620468846984718B1F2
:10C4800000242046BDE8F081A4F1140754F8144CB0
:10C49000FB68DCB1BC68CCB1002D66D0B8F1000FF0
:10C4A00065D008FB05F6B6FBF5F5A84561D1311D51
:10C4B0005FD8B20711D026F0030204321C4603E015
:10C4C0006168914257D2A469002CF9D12F4B2E48B4
:10C4D0001B6898470028D4D0D2E73246EEE7891A85
:10C4E000232904F120051CD80123A360D4E90523E6
:10C4F000AAB19361A3690BB162695A610023C4E9CF
:10C5000005333B69DB0703D5FFF792FF002835D1E0
:10C510003246002128462C4618F030FDD6E7FB6055
:10C52000E8E702F1200C04EB0C032039C3E9011009
:10C53000DC6017482169196144F80C00A0F1102053
:10C54000A0F1EF10D86101B1CB6061695961A069B8
:10C55000986141B18B61996901B14B610121C4E9D5
:10C5600001212361CAE7FB60F5E72C46AEE74446AC
:10C57000ACE70446AAE7A0680028B0D0012009F083
:10C580001DFD00BF28080020308300202408002063
:10C5900055AA00FF70B5464B464C1B680546204621
:10C5A0009847002840F08280002D43D054F8143C76
:10C5B000A4F11406002B3DD0B268002A3AD09D4267
:10C5C00003D3726813449D4202D3012009F0F6FCA4
:10C5D000A5F120042046FFF70BFF0028F5D155F800
:10C5E000183C012BF1D155F8143C45F8180C3BB31D
:10C5F0009A682ABB55F81C2C02F120015A680A449B
:10C600005A6055E905321A6155F8145C2B6903B17B
:10C61000DD6020220021204618F0B0FC286910B10E
:10C620008368002B2ED033699B0703D5FFF700FFEB
:10C630000028CAD1204B1F481B68BDE8704018472E
:10C6400055F8100C00282AD0836843BB4268636801
:10C6500013442033636003692361D4E905239AB945
:10C66000CBB9436963618269A261B3B19C61A3697B
:10C6700003B15C61236903B1DC602022002118F062
:10C680007DFCD0E72C46E1E79361A369002BE8D05D
:10C6900062695A61E5E7F360F7E7F460E7E7F3689A
:10C6A00045F8083C03B15C61F460BCE770BD00BFB5
:10C6B00028080020308300202408002038B52822D4
:10C6C0000C4605460021154818F058FC144B154837
:10C6D0001B6898471449154803F098FC232C1CD973
:10C6E00015F003031FBF043CE418C3F10403ED1865
:10C6F00022460021284618F041FC084B0C499D6059
:10C70000C3E90054203C6C609A6811609A68DA6052
:10C71000A1F11021A1F1EF11D16138BD1C830020DE
:10C72000300800203083002095C501006DC4010051
:10C7300055AA00FF7FB516460022C3E900229A6081
:10C7400001AA1D4616F06DFE044620B1A0F56A54FC
:10C75000204604B070BD314601A809F0B3FB10F1CA
:10C760002E0F09D1089901A818F04DFB08B10B4C08
:10C77000EEE702233370EBE70028F8D13378012B82
:10C78000E6D12B68052B00D02BB96A68044B002A30
:10C7900018BF1C46DCE7024CDAE700BF80C3FFFF8E
:10C7A00080C5FFFFF0B50368062BB3B004460D4605
:10C7B0000ED101A909F0A0FB002840F060819DF88E
:10C7C0000410284600F08CFC0446204633B0F0BD2F
:10C7D00002A814F0ACFAA668636800961E441AAA70
:10C7E0003146684616F0F2FD08B3A0F574541CBB40
:10C7F0001AA814F09CFA00F09BFE06463746013654
:10C800003B78002B00F032811AA814F0C3FA16F816
:10C81000011C1AA801F08AFB0446002800F0E680FB
:10C820001AA814F0B7FA3B788DF8043004E01A9B8C
:10C83000013B022B12D9934C0FA816F020FF03A83E
:10C8400016F01DFF05A816F01AFF07A816F017FF2F
:10C8500009A814F09BFA002CB1D0B6E7302301AA46
:10C860003146684616F069FD04460028E4D1DDE94A
:10C8700000731F4401AA06233946684616F05DFD81
:10C8800004460028D8D1019A072A40F0AD80009CC8
:10C890007D49204618F03AFB002840F0A580073477
:10C8A00003AA39466846009416F094FD00289CD1EE
:10C8B00003A816F0FFFF009B11909F4201D0734C1C
:10C8C000BAE7302301AA3146684616F036FD044621
:10C8D0000028B1D1DDE900731F4404230DEB0302EE
:10C8E0003946684616F029FD00287FF47EAFDDE961
:10C8F000001205A816F0E8FF00287FF476AFDDE906
:10C9000000321344009304230DEB030239466846BA
:10C9100016F013FD00287FF468AFDDE9001207A8C8
:10C9200016F0D2FF00287FF460AFDDE90032134437
:10C93000009301AA03233946684616F0FEFC18B995
:10C94000DDE9003213440093009B9F42B7D10423DA
:10C950000DEB03023146684616F0EFFC00287FF429
:10C9600044AFDDE9002309A902A800F0EDFE50B3B1
:10C9700010F59D4F7FF45FAF009B1B78023B012BAE
:10C980003FF659AF03A816F099FF019B411C99424D
:10C9900002467FF450AF009909A8013116F094FFC8
:10C9A00000287FF448AF009B19780BA8023916F0D5
:10C9B00042FF00287FF43FAF01210DA816F03BFF96
:10C9C00000287FF438AFDDE9003231461344684671
:10C9D0000FAA009316F0FEFC00287FF406AF0FA804
:10C9E00016F068FF129003E7294C25E7119A299B5E
:10C9F0009A427FF403AF129A2A9B9A427FF4FEAECA
:10CA00001BA903A816F0D1FF00287FF4F7AE1DA9DB
:10CA100005A816F0CAFF00287FF4F0AE1FA907A8EA
:10CA200016F0C3FF00287FF4E9AE27A90FA816F07F
:10CA3000BCFF00287FF4E2AE21A909A816F0B5FFDB
:10CA400000287FF4DBAE25A90DA816F0AEFF002864
:10CA50007FF4D4AE00210BA816F009FF0021044694
:10CA600023A816F004FF84427FF4C8AE1AA814F07D
:10CA700091F93B78074C002B18BF0024D4E6064CF4
:10CA8000A3E600BF00C3FFFF509603009AC2FFFF5A
:10CA900080C6FFFF80B1FFFF00C6FFFF2DE9F04316
:10CAA00089B004461F4610460023CDE9053307939D
:10CAB00004913023014403AA04A816F03EFC10B1EF
:10CAC000A0F574503CE0DDE9033202EB0308414677
:10CAD00002AA04A816F07AFC0028F1D1029B012BCF
:10CAE00076D1042303AA414604A816F026FC0028A8
:10CAF000E6D1DDE90365AB19434504932FD0A023AC
:10CB000003AA414604A816F018FC28BBDDE903235C
:10CB1000002A03EB02095DDD1B780593062B01D08B
:10CB2000302B59D106AA494604A816F006FC50B18C
:10CB3000B0F5745004D1214605A8FFF733FE70B15B
:10CB400009B0BDE8F083049B069A07931344994506
:10CB50000493F0D02148F3E710F1620FB0D13246D0
:10CB60002946204613F07CFD0028E9D1049B43456B
:10CB700025D0A12303AA414604A816F0DEFBD8B9AC
:10CB8000DDE9033101EB030803AA414604A816F0CE
:10CB900034FC002894D1DDE903310B449845D9D108
:10CBA000A8EB0102204613F07BFD0028C8D010F549
:10CBB0009D4F04D00A48C3E710F1620F80D1109B4B
:10CBC000009332463B462946204613F059FDB7E70D
:10CBD0000448B5E70448B3E70448B1E79AC2FFFF49
:10CBE00000C3FFFF80C2FFFFA0C2FFFF9EC2FFFF86
:10CBF0002DE9F0418AB08F1898460023054606912A
:10CC00008DF80E308DF80F3005AA3023394606A86E
:10CC100016F093FB28B1A0F5745420460AB0BDE885
:10CC2000F081DDE905361E4404AA314606A816F057
:10CC3000CDFB0028EFD1049B002B53D10DF10F0346
:10CC400000930DF10E0207AB314606A8FFF772FD07
:10CC500004460028E1D1042305AA314606A816F0AF
:10CC60006CFB0028D7D1059B002B3DD09DF80E0012
:10CC700000F0E6F9014608B91C4CCEE7284600F062
:10CC8000EBF904460028C8D19DF80E20012A0ED1E8
:10CC900095E8030013F083FCDDE9052102F0BCFBFD
:10CCA0000646B8B1284613F09CFC3446B5E7023A74
:10CCB000012AE1D8294607A8FFF774FD0646002897
:10CCC000F0D1109B0093DDE9052143462846FFF78C
:10CCD000E5FEE5E7DDE905231344054A9F4218BF59
:10CCE00014469AE7034C98E7034C96E780C3FFFF8E
:10CCF0009AC2FFFF80C2FFFFA0C2FFFFF0B591B054
:10CD00001D46169E0023CDE9081304461144002E4B
:10CD100041D0302307AA08A816F00FFB18B1A0F5E0
:10CD2000745011B0F0BDDDE907371F440AAA0DABFE
:10CD3000394608A816F075FB0028F0D1042307AA8D
:10CD4000394608A816F0F9FA0028E8D10B9A089F8E
:10CD5000092A22D10C99124818F0D8F80146E0B9F6
:10CD6000079B009709AACDE90332CDE901372A468E
:10CD700033460DA803F00CFA20B110F5385FD0D17E
:10CD80000848CEE7189B0093099A179B394620461E
:10CD9000FFF72EFFC5E70448C3E70448C1E700BF1B
:10CDA0005896030080C4FFFF00C4FFFF80C6FFFF4A
:10CDB0002DE9F04F89B00446DDF850900D469846B5
:10CDC0001646002A00F0FF8006F1FF3B05A814F08C
:10CDD00055FD15F80B30002B3BD1129B8C4A8D4929
:10CDE0000DF1100ACDE90083CDF808A02B4605A867
:10CDF00003F016F90746C8B9012000F021F90146F1
:10CE0000204600F029F9074648B994E8030013F0DA
:10CE1000C6FBDDE9051202F0FFFA074610B1204615
:10CE200013F0DFFB05A814F02EFD03E010F59C5F66
:10CE300004D1794F384609B0BDE8F08F10F5985FFE
:10CE400001D1764FF6E710F5845FF3D115F80B307A
:10CE50002BB3129B002B00F087803146012003F09A
:10CE6000C9F88246002800F0D1803246294618F0E1
:10CE70005DF8139B0193129B00935146CDF80890E7
:10CE8000434632462046FFF739FF314607465046B3
:10CE900015F0E7FD002F40F098800027CAE7129BAD
:10CEA0005F4A6049CDF808A0CDE9008305A82B466C
:10CEB00003F0B6F8074690B9022000F0C1F8014629
:10CEC000204600F0C9F807460028A8D1DDE9051280
:10CED000139BCDF800902046FFF7E0FD9DE710F58D
:10CEE0009C5FA6D010F5985FABD010F5845FA1D100
:10CEF00015F80B30002BACD1CDE9013A00934A4A2A
:10CF00004A492B4605A803F08BF8074640B9DDE9EE
:10CF10000512139BCDF800902046FFF769FE7CE7D1
:10CF200010F5845F86D115F80B30002B91D1CDE937
:10CF3000013A00933E4A3F492B4605A803F070F89A
:10CF4000074660B9139B0193129B0093DDE905121C
:10CF5000CDF8089043462046FFF7D0FE5DE710F578
:10CF6000845F7FF467AF74E7204613F03AFB2046F6
:10CF700013F033FB139BCDF8009032462946204630
:10CF8000FFF736FE002888D0204613F02AFB204603
:10CF900013F023FB012000F053F80146204600F077
:10CFA0005BF8E0B1204613F01CFB204613F015FBA4
:10CFB000022000F045F80146204600F04DF8C8B1C7
:10CFC000204613F00EFB1C4F34E7204613F009FBFC
:10CFD000204613F002FB17F56E5FCBD129E794E8EA
:10CFE000030013F0DCFA3246294602F015FA002855
:10CFF000D8D152E7139BCDF80090324629462046FF
:10D00000FFF74CFD00283FF448AFD9E70B4F11E77D
:10D01000629603008096030080C4FFFF00C4FFFFF8
:10D02000A0960300BD960300DC960300F69603006D
:10D03000129703003697030000C3FFFF80C0FFFF75
:10D040000138C0B203289ABF024B53F820000020D9
:10D05000704700BFE06B030038B504460D4669B168
:10D0600003685BB94B6A13B92560002038BD984747
:10D0700060600028F8D1A0F57E50F7E70048F5E79A
:10D0800080C1FFFFF0B589B00446164607930D46F0
:10D0900001B91BB116B9104809B0F0BD2368002BC7
:10D0A000F9D007A9284613F088FA0028F3D123689D
:10D0B0005F697FB1129B0493119B0393109B0293B2
:10D0C0000F9B01930E9B00933246079B29462046F7
:10D0D000B847E1E70148DFE780C1FFFF00C1FFFF7C
:10D0E00070B504460D46D0E9000113F0AAFA0646D1
:10D0F00094E8030013F0A5FA03782BB929463046CB
:10D10000BDE8704000F012BF94E8030013F099FAF4
:10D110000378AB42F2D0014870BD00BF00C3FFFFEF
:10D12000436806484860012203F108000A700A7348
:10D130001033034A88600A614B6170475C970300B3
:10D1400062970300436802220A706833014A4A600A
:10D150008B607047689703002DE9F14F47683846A8
:10D16000DDE90ABADDE90C890D4614461E4614F0C5
:10D1700063F85045CBF800000AD823464A4641469A
:10D180003846CDE90A5601B0BDE8F04F01F0D4BDF4
:10D19000014801B0BDE8F08F00BCFFFF2DE9F14F61
:10D1A000476838461646DDE90AABDDE90C890C46CE
:10D1B0001D4614F041F8B0420BD153464A46414651
:10D1C0003846CDE90B5B0A9401B0BDE8F04F01F0A1
:10D1D0000DBF024801B0BDE8F08F00BF80BFFFFF68
:10D1E0002DE9F74F4768DDF8409001913846DDE9B9
:10D1F0000CABDDE90E4816461D4614F01DF85845E7
:10D2000020600BD8019B0C954A4641463846CDE933
:10D210000D6A03B0BDE8F04F01F07EBF014803B0D6
:10D22000BDE8F08F80C7FFFF2DE9F743D0F80490E9
:10D23000DDF82C8048460D4617461E4613F0FCFFCD
:10D24000404504460FD80A9B009332463B46294688
:10D25000484602F083F818B9044B444538BF1846D5
:10D2600003B0BDE8F0830248FAE700BF00C7FFFF44
:10D2700080BCFFFF70B50C460646114620461A4694
:10D2800016F0F5FC0546A0B9B36C33B9321D214642
:10D290002046BDE8704016F088BDB4F90430002B7C
:10D2A00009DB204616F006FBF36BB0EB430F09D900
:10D2B000184D284670BD0146204616F0BEFB0028DA
:10D2C000EFD0F5E7B36C2046984705460028F0D12B
:10D2D0000436B4F90430002B04DA0021204616F09D
:10D2E000ACFB68B93146204616F05FFB0028E0DB56
:10D2F00032462146204616F001FC0028F2D006E016
:10D3000032462146204616F07BFC0028E1D0054637
:10D31000CFE700BF80B0FFFF2DE9F04F012A85B0B5
:10D3200080460E46914605D8096805B0BDE8F04F25
:10D3300013F095BA0821104602F05CFE074600285B
:10D3400000F0AA8002A816F095F94946384613F075
:10D350006EFA31683846103116F038FA0446002863
:10D3600046D1B24607F108014FEAC90507EBC90BE0
:10D370005AF8043F01911033A1F108024046FFF72B
:10D3800079FF0446A0BB019908318B45F0D1A5F186
:10D390000801394408F10402084616F0E1FF04468A
:10D3A00030BB103D09F1FF3A06EB89063D44BAF166
:10D3B000000F2BD005F1080B2B465A4602A9404618
:10D3C000FFF758FF044698B956F8043C5A46103304
:10D3D00029464046FFF74EFF044648B956F8042C4C
:10D3E000083202AB11464046FFF744FF044690B1B5
:10D3F00002A816F044F93846494613F024FA384694
:10D4000002F0FEFD204605B0BDE8F08F394602A8C7
:10D4100016F0DCF9E0E702AB1A4619464046FFF782
:10D4200029FF04460028E3D156F8042C02AB11462C
:10D430004046FFF71FFF04460028D9D156F8042CB8
:10D44000083202AB11464046FFF714FF044600289D
:10D45000CED1B8F80A1056F8040C16F086F9044636
:10D460000028C5D156F8040CB8F80A10083016F098
:10D470007CF904460028BBD156F8040D0121103078
:10D4800016F0D9F904460028B2D1083DBAF1000FD0
:10D49000AED00AF1FF3A8AE7004CB3E780B2FFFF53
:10D4A000F0B585B014461F46054602A80E4616F094
:10D4B000E1F8234600972A1D022102A816F032FF48
:10D4C000044648BB06F1100202AB11462846FFF79E
:10D4D000D1FE044600BB06F1080702AB3A463946C6
:10D4E0002846FFF7C7FE0446B0B902AB1A461946F4
:10D4F0002846FFF7BFFE044670B902AB32463146FC
:10D500002846FFF7B7FE044630B902AB3A46394623
:10D510002846FFF7AFFE044602A816F0B0F803480D
:10D5200014F10E0F18BF204605B0F0BD00B3FFFF89
:10D5300070B50A48036853B909490A4D0C460C26D0
:10D5400006FB03F2AA5C22B9E254012303600448FB
:10D5500070BD01F8012B0133F2E700BF44830020C6
:10D56000DC880120B06C03002DE9F14F9A461B695D
:10D570000A9D04460E4691461BB9724801B0BDE8AB
:10D58000F08F02F110070021384616F056FA30B934
:10D590005146304601B0BDE8F04F13F03CBC0AF1F3
:10D5A00010080021404616F048FA08B94946F0E74D
:10D5B0000121404616F041FA0028DED13B463A46AA
:10D5C00029462046FFF756FE0028D7D105F1080866
:10D5D0003B462A4641462046FFF74CFE0028CDD167
:10D5E00053462A4629462046FFF744FE0028C5D167
:10D5F0000AF10803424641462046FFF73BFE002859
:10D60000BCD14B462A462946204613F0CAF90028C9
:10D61000B4D109F1080B5B4642464146204613F05F
:10D62000C0F90028AAD10021284616F006FA0146C2
:10D6300090B9404616F001FA40B92B464A463146A9
:10D64000204601B0BDE8F04F13F054BA304601B0A7
:10D65000BDE8F04F13F0F8BB2B463A4606F1100137
:10D660002046FFF707FE002888D105F110072B465A
:10D670002A4639462046FFF7FDFD00287FF47EAF9D
:10D6800005F1180A2B463A4651462046FFF7F2FDAF
:10D6900000287FF473AF4B463A4639462046FFF7E1
:10D6A000E9FD00287FF46AAF3946284616F08EF867
:10D6B00000287FF463AF2946204613F0CEF90028F6
:10D6C0007FF45CAF4346424631462046FFF7D2FD29
:10D6D00000287FF453AF2B4632463146204613F0E4
:10D6E00060F900287FF44AAF53463246314620465F
:10D6F00013F057F900287FF441AF33463A463946D4
:10D70000204613F04EF900287FF438AF43463A46DE
:10D7100039462046FFF7AEFD00287FF42FAF5B4669
:10D72000524651462046FFF7A5FD00287FF426AF5C
:10D7300053463A4606F10801204601B0BDE8F04FD5
:10D7400013F02FB980B0FFFF2DE9F04F87B00D46E1
:10D75000039090461E4623B9464C204607B0BDE8CC
:10D76000F08F039B1F1D384616F0A8F881460398DA
:10D7700013F0C6FA0128824641D198F800303BB92F
:10D78000012EE9D1284607B0BDE8F04F13F05CBB8D
:10D7900009F1010BB345DFD84A4608F101012846DB
:10D7A00016F092F804460028D7D1514605F1100032
:10D7B00016F041F804460028CFD198F800A0BAF13D
:10D7C000040F0ED14FEA49020132B242C4D14A4697
:10D7D00008EB0B0105F1080007B0BDE8F04F16F0AB
:10D7E00073B8AAF10202012AB6D8B345B4D10146F2
:10D7F000384616F03CF8012805F1080601D01E4C09
:10D80000ABE70121384616F032F801288046F6D100
:10D8100004A815F02FFF03982A46314613F02CF97F
:10D82000044618BB4246394604A816F0F0F90446EF
:10D83000E0B9022104A816F080F80446B0B90090BF
:10D840003B4604AA3146304616F004FC044668B94B
:10D850000146304616F00BF80AF0010A824505D061
:10D8600032463946304616F0CEF9044604A815F083
:10D8700006FF72E780B0FFFF80B1FFFFF0B50D46F5
:10D8800085B00646012105F1100016F0D6F80446D1
:10D8900050B9304613F034FA012842D121462846C7
:10D8A00016F0CBF8002801DA1F4C37E005F1080725
:10D8B0002146384616F0C1F80028F5DB341D214614
:10D8C000284616F072F80028EEDA2146384616F09F
:10D8D0006CF80028E8DA684615F0CCFE02A815F0CE
:10D8E000C9FE3B463A4669463046FFF7C3FC04464C
:10D8F00070B92A4602A9304613F0BEF8044638B97A
:10D9000002A9684616F051F8074B041E18BF1C46C2
:10D91000684615F0B4FE02A815F0B1FE204605B029
:10D92000F0BD024CFAE700BF80B3FFFF80B0FFFFFD
:10D9300038B5054613F0E4F901280C4601460DD12F
:10D94000204616F07AF8002806DB05F1340120465F
:10D9500016F02BF8002803DB024838BD0248FCE72C
:10D960000020FAE780B3FFFF80B0FFFF2DE9F04F02
:10D97000BBB005460391114607929A46FFF7D8FFC0
:10D980000446002840F0348251462846FFF776FFCF
:10D990000446002840F02C82284613F0B1F90128F3
:10D9A000814640F02B8205F124010AF1080015F0B0
:10D9B000FCFF0690002853D02E6CB6F5C07FC0F057
:10D9C00093800336B60806944FF008080423CDE987
:10D9D00004834FF0030B0498182102F00BFB074659
:10D9E000002800F009820024182303FB047001348E
:10D9F00013F08FF9E2B242454FF01803F5D31C2221
:10DA0000002111A817F0BAFA042119A812F00FFF8B
:10DA10005146384613F0FFF90446E0B906FB0BFB0C
:10DA20008246DA4562D111AB0893184600220123E1
:10DA300003EB43015B00DBB207EBC101434540F858
:10DA4000041B02F10102F3D311A92846FFF764FC7D
:10DA5000044600287CD0042119A812F0F4FE5DE0F1
:10DA600005F11C01504615F0A0FF2B6C1E4640BB73
:10DA7000B3F5C07FAA6D2AD39AB1EB6D8BB34C4638
:10DA8000042303F1FF3B012202FA0BF20492013E50
:10DA90001E449DF810800593B6FBF3F654B9069426
:10DAA00099E703339E084FF008080423CDE9048367
:10DAB0004FF0030BAF6D002F40F0978001230693CA
:10DAC00089E7B3F5C07F0FD303339E087CE752B1DB
:10DAD000EB6D43B9042301330124B34228BF022371
:10DAE000CFE70523F7E74C460423F6E70123BAFB0B
:10DAF000F6F18B40DBB2182206FB11A102FB037288
:10DB0000A1B119AB1146284612F0F4FF0446E0B16A
:10DB1000042119A812F097FE002C61D0AB6D9F4232
:10DB200040F05681039813F031F961E103F0FE01F2
:10DB300001EB5301104607EBC101089213F06BF99A
:10DB4000089A04460028DCD0E2E70AF1010A68E7F7
:10DB50000FFA89FA0AEB4A0ACB4607EBCA03DA4600
:10DB60000BF1FF3BBAF1000F2AD14FEA49095FFAE6
:10DB700089F9C145ECD3049B182107F1180201FB78
:10DB80000371089B43F8042B18328A420893F8D19A
:10DB9000049B11A95A1E2846FFF7BEFB0446002825
:10DBA0007FF459AF07F1100948460AF1010A15F050
:10DBB00066FD5FFA8AF2424509F11809F4D3A7E736
:10DBC000182202FB0BF119AA009228467A18194470
:10DBD0000993FFF7C9FC099B04460028BFD097E7CB
:10DBE000069B13B1049BAF65EB6511A815F042FDD0
:10DBF00005F1340A0BA815F03DFD0021504615F043
:10DC000036FE012840F08C800021079815F02FFE89
:10DC10000799814611A815F0D9FD044630B10BA82B
:10DC200015F02DFD11A815F02AFD77E7079A51464A
:10DC30000BA815F0E8FF04460028F0D1B9FA89F9DD
:10DC40004FEA59194A460BA911A815F04AFD044696
:10DC50000028E4D10146721C19A817F08FF90DF1C4
:10DC6000640AD346B44227D100220124B4423BD9EE
:10DC70000BA80DF1440A15F002FD504615F0FFFC0B
:10DC80000BA813F046F80421504612F0D0FD06F11F
:10DC9000E8036B44039913F8843C00933A464346E7
:10DCA000284612F044FE044600283BD00BA812F090
:10DCB000C6FE04215046D0E62146002311A8069353
:10DCC000049115F0D4FD069B9BF800200499984020
:10DCD00002438BF80020059A013393423144EDD181
:10DCE00001340BF1010BBDE79AF801009AF80030FE
:10DCF00080EA020C6FEA0C0101F0010113FB01F351
:10DD0000104003EA0C0283EA0C030AF8013F1AF8F8
:10DD1000013C43EAC11302430AF8013C0134A5E780
:10DD2000374CFBE6449B43B1DDE944230399284685
:10DD3000FFF7B6FB04460028B8D10DF1640B0EB90D
:10DD400034461EE0039A53461146284612F0D2FE8E
:10DD5000013E0446A8B916F80B3000933A464346F4
:10DD60000BA9284612F0E3FD044650B9039ACDF8FA
:10DD700000A00BAB11462846FFF7F6FB044600282F
:10DD8000DDD00BA812F05BFE042111A812F05BFDA0
:10DD9000002C7FF4C3AE03994A46284612F0A3FD37
:10DDA000044600287FF4BAAE449B4BB1DDE944231E
:10DDB00003992846FFF774FB044600287FF4AEAEB3
:10DDC0000399284612F04BFDAB6D9F4204460CD0E0
:10DDD0000025182606FB0570013512F0D7FFEBB2BF
:10DDE0004345F7D3384602F00BF9002C7FF49AAE86
:10DDF00020463BB0BDE8F08F024C93E6004CF7E7BD
:10DE000080B0FFFF80B2FFFF10B4019C14B110BCC2
:10DE1000FFF7ACBD014810BC704700BF80B0FFFFEA
:10DE20002DE9F0410D46014628461746984600F078
:10DE30007DF80446B0B9284612F062FF012805F1CA
:10DE4000600612D142463946304615F03DFD044683
:10DE500028B931462846FFF76BFD044610B130461D
:10DE600015F00DFC2046BDE8F081014CF7E700BF3E
:10DE700080B1FFFF2DE9F0479A460378A0B0054630
:10DE80000C46164623B9284C204620B0BDE8F08742
:10DE90000A789A42F7D101F168094946683015F0CD
:10DEA00084FD0028EFD104F17008414605F17000AF
:10DEB00015F07BFD0028E6D104F17807394605F11D
:10DEC000780015F072FD0028DDD102A812F021FFC4
:10DED00008A812F02CFF214608A812F0B2FF04F1A6
:10DEE0001C0304F16002CDE9006A02A908A812F03F
:10DEF000BFFF044680B9494602A815F056FD50B947
:10DF0000414604A815F051FD28B9394606A815F078
:10DF10004CFD044600B1044C02A812F090FD08A884
:10DF200012F038FFB0E700BF80B0FFFF38B50446FD
:10DF30000D4612F02FFF204612F0F9FE032D25703A
:10DF400026D1154B154AA364154BA3606260A361EB
:10DF5000144AA3632362A362134B62616362134A90
:10DF600062634FF00113124A2363124BE362E261D2
:10DF7000201D15F09FFCE06304F1340015F09AFCBD
:10DF800001232064636400200B4BA365E06538BD6A
:10DF900000230A482370FAE7AD0E0300C87203009D
:10DFA00001000800A87203006872030048720300B1
:10DFB00088720300E8720300C86C030080B1FFFFA1
:10DFC0002DE9F04796B0054602A80E4690469946C0
:10DFD00013F0C5FD9DF8780002F0C4FD0746002847
:10DFE00050D002A813F0BBFD0022394602A802F06F
:10DFF00003FE044650B9384613F0B5FD40220746EB
:10E00000214606A816F0BAFF019456B906A8402189
:10E0100003F048FE02A802F0B1FD204616B0BDE8AC
:10E02000F087BE4202A8B24628BFBA4602F04CFEB4
:10E0300030BB4A46414602A802F08AFE00BB0422D9
:10E040000DEB020102A802F083FEC8B906A902A8DE
:10E0500002F0AAFEA0B906AA05EB0A018D4207D17B
:10E060009DF8073001338DF80730A6EB0A06CCE7A0
:10E0700015F8010B12F8013B434005F8013CEDE7B0
:10E080000446C3E7004CC8E780BFFFFF2DE9F0411D
:10E090001546214A86B007468846106851681E46D4
:10E0A0006B4603C39DF8340002F05CFD044680B368
:10E0B00002A813F054FD2146002202A802F09CFDA4
:10E0C0000446F8B902A802F0FFFD0446D0B90822C0
:10E0D00069460DEB020002F03BFE044690B9424651
:10E0E000394602A802F034FE044658B932462946A1
:10E0F00002A802F02DFE044620B90C9902A802F0F5
:10E1000053FE044602A802F039FD204606B0BDE8E1
:10E11000F081024CF9E700BFA762030080BFFFFF58
:10E120002DE9F3471E460023CDE90033DDF82880B2
:10E130000D469146074600283BD013F030F80446C0
:10E14000002868D06A4601A9384607F009FF002870
:10E1500061D1AC425FD1009C2C4404F108037F2BB9
:10E1600059D804F10A0305F10A02934253D3B3428A
:10E1700051D8341B0A3C0A2C4DD943464FF0000AB3
:10E1800003F802AB033C012288F80120184622461E
:10E19000FF2116F0F3FE0346204403F804A067B9FC
:10E1A0002A464946013016F0C1FE002002B0BDE803
:10E1B000F0878E422FD3741ADDE730224270009C24
:10E1C000C27004F10803E2B253FA85F38370131DA1
:10E1D000037106234371C31D8271019922461846BB
:10E1E00016F0A4FE0219052104230155EFB2937025
:10E1F000D31882F801A0D77018462A46494616F06F
:10E2000095FE034608EB06022B449A42CDD03146D8
:10E21000404603F047FD0148C8E700BF80BFFFFF4D
:10E2200038B5154615F0D6F8044638B901462846E3
:10E2300015F003FC024B002808BF1C46204638BDE1
:10E2400080BFFFFFF8B500F1080647680446304676
:10E250000D4615F033FB87424BD16368B3F5807FE1
:10E2600047D80021304615F0E8FB002841DD0021A9
:10E27000304615F0FCFAE0B345B9294604F1100028
:10E2800015F0DBFB002834DD0020F8BD04F120058B
:10E290000021284615F0D1FB00282ADD0021284660
:10E2A00015F0E5FA28B304F128050021284615F0F9
:10E2B000C4FB00281DDD0021284615F0D8FAC0B1A6
:10E2C000002104F1100015F0B8FB002811DD002139
:10E2D00004F1300015F0B1FB00280ADD002104F143
:10E2E000380015F0AAFB002803DD002104F14000EE
:10E2F000C6E70148C9E700BF80BFFFFF2DE9F04F27
:10E3000000F1080989B004460021484615F095FB44
:10E3100004F1200700210646384615F08EFB04F173
:10E32000280802900021404615F087FB04F1180AE6
:10E3300007900021504615F080FB04F1100B069069
:10E340000021584615F079FB04F130030021054601
:10E350001846039315F071FB04F138030390002174
:10E360001846049315F069FB04F140030490002162
:10E370001846059315F061FB02990590DDE9063218
:10E3800041B10AB113B9FDB92A4839E096B9002D57
:10E39000FAD02DE0002EF7D0002AF5D1F3B1002DF0
:10E3A000F2D0CDF800803B4652465946484601F02F
:10E3B00003F910E0002DE7D0039B5BB3049B4BB344
:10E3C000059B3BB301230BE08EB153465A464146B1
:10E3D000384612F033FF0028EED00FE0002DD3D0E6
:10E3E0001946204609B0BDE8F04FFFF72BBF0126C4
:10E3F00042463946484615F03AFC20B1A0F5814026
:10E4000009B0BDE8F08F484615F058FA6060002E5C
:10E41000D2D0DAE704F14003019304F1380300930A
:10E42000524604F130034146384612F064FF00289A
:10E43000C8D0E3E780BFFFFF10B588220446002163
:10E44000043016F09BFD2046012340F8783B024B38
:10E45000BDE810401B6818473008002070B5002147
:10E460000446FFF7EFFE054610B10E4D284670BD7D
:10E4700004F10806304615F01DFA7F28F5D910344E
:10E480002946204615F0F3F90028EED0204615F075
:10E4900011FA0128E9D93146204615F086FA0028FC
:10E4A000E4DBE2E700BEFFFFF0B585B00446FFF70E
:10E4B000D5FF20B901212046FFF7C4FE10B1134853
:10E4C00005B0F0BD04F1100304F1200504F12806A5
:10E4D00004F11807CDE90100009332463B46294676
:10E4E00004F1080001F05CF90028E8D104F14003D0
:10E4F000019304F1380300933A4604F130033146A6
:10E50000284601F03DFA0028DAD0D8E700BEFFFF28
:10E5100038B505460C46FFF7A1FF18B92046FFF7AE
:10E52000C3FF08B1094838BD04F1080105F108002E
:10E5300015F03BFA0028F5D104F1100105F11000A7
:10E5400015F033FA0028EED0ECE700BF00BEFFFF65
:10E550002DE9FF418846002105461646FFF772FE69
:10E5600000283FD102A815F085F8214B05F1780766
:10E570001B6838469847044668BB6A68414602A84B
:10E5800015F0A2F90446D8B905F10804214602A8FD
:10E5900015F00BFA002822DA05F1480302A9D5F894
:10E5A0000480009305F110022346084615F05BFD38
:10E5B000044628B94246314602A815F09BF90446A4
:10E5C0000C4B38461B68984770B902A815F057F8ED
:10E5D0000CB1A4F58544204604B0BDE8F0816FF08D
:10E5E0000304EDE7044CF6E76FF01D04F3E700BF0A
:10E5F000280800202408002080BFFFFF2DE9F04FED
:10E6000004469FB090461D468A4639B9024F3846A7
:10E610001FB0BDE8F08F00BF80BFFFFF0121FFF7F3
:10E6200011FE0028F2D104F178030593C04B04F1E8
:10E6300078001B68984707460028E8D106A815F01F
:10E6400019F808A815F016F80AA815F013F80CA880
:10E6500015F010F812A815F00DF814A815F00AF826
:10E660000EA815F007F810A815F004F816A815F074
:10E6700001F818A814F0FEFF6268294606A815F0F4
:10E6800023F90746002840F04E8104F10805294689
:10E6900006A815F08AF9002880F2D2811CA814F08F
:10E6A000E9FFA36E002B00F0738104F1600632468F
:10E6B0003146304615F0DBFA0746002840F09B81D2
:10E6C0002A463146304615F070FB0746002840F0D8
:10E6D000928104F1680632463146304615F0C7FA99
:10E6E0000746002840F087812A463146304615F01B
:10E6F0005CFB0746002840F07E811CA814F0BFFF99
:10E7000006A904F16002084615F0B1FA0746002890
:10E7100040F0098106A92A46084615F046FB07463F
:10E72000002840F0008106A916A815F04FF807460A
:10E73000002840F0F88004F120090122494608A889
:10E7400015F07DFA0746002840F0ED8004F1280618
:10E75000012231460AA815F072FA0746002840F057
:10E76000E280434652461C210CA815F002FD0746E4
:10E77000002840F0D8800CAA08A912A815F077FA52
:10E780000746002840F0CF8012A904F13002084665
:10E7900015F036FA0746002840F0C5804346524639
:10E7A0001C210CA815F0E5FC0746002840F0BB80B2
:10E7B0000CAA0AA914A815F05AFA0746002840F036
:10E7C000B28014A904F13802084615F019FA074678
:10E7D000002840F0A88004F15003009312AA4B4691
:10E7E00006A90EA815F036FC0746002840F09B80CD
:10E7F00004F15803009314AA334606A910A815F093
:10E8000029FC0746002840F08E8010AA0EA906A811
:10E8100015F0F9F90746002840F0858004F1400220
:10E8200006A90EA815F023FA074600287BD14A4610
:10E830000EA906A815F0B9FA0746002873D132468A
:10E8400006A90EA815F013FA074600286BD10EAAE8
:10E8500010A906A815F0D4F90746002863D104F1E1
:10E860004803009304F110022B4606A918A815F0DE
:10E87000F1FB0746002856D116A918A815F095F8FF
:10E88000002840F0E080A06816F07FF880461AA8C3
:10E89000E68914F0EFFE1CA814F0ECFE29461AA835
:10E8A00016F0A4F90746002840F0C6807100013137
:10E8B0001CA814F0F2FE0746002840F0BD80314647
:10E8C00006A814F0EAFE0746002840F0B58031465D
:10E8D00004F1680014F0E1FE0746002840F0AC8027
:10E8E0001C9B02931A9B0699CDE900830846A268F7
:10E8F000334616F058FA1C9B0196CDE9028306991F
:10E90000A36800930846A26E334616F04FF81AA883
:10E9100014F0B5FE1CA814F0B2FE6268289906A88F
:10E9200014F0E8FF0746034B05981B6804E000BF9E
:10E9300028080020240800209847002840F08580FF
:10E9400008A814F09CFE0AA814F099FE0CA814F074
:10E9500096FE12A814F093FE14A814F090FE06A8D8
:10E9600014F08DFE0EA814F08AFE10A814F087FE95
:10E9700018A814F084FE16A814F081FE002F3FF4AE
:10E9800046AE17F17F0FFFF642AEA7F586473EE68B
:10E990004FF00C0904F1680B04F16006B9F10109AC
:10E9A00048D06168434652460139584615F0E1FBAC
:10E9B000074600BB61684346524601391CA815F062
:10E9C000D8FB0746B8B91CAA5946304615F04FF98E
:10E9D000074680B92A463146304615F0E6F9074623
:10E9E00048B92A463146304615F0BAFC074630B1E0
:10E9F00010F10E0FD2D01CA814F041FE93E71CAA10
:10EA00003146304615F033F907460028F3D12A463F
:10EA10003146304615F0C9F907460028EBD104F11C
:10EA20004803009304F110022B463146304615F09E
:10EA300011FB5EE6064FDEE71AA814F020FEDAE7C7
:10EA40006FF003076FE7034F6DE76FF01D07DEE51B
:10EA500080BBFFFF80BCFFFF2DE9F04F87B0DDE9F1
:10EA600012A50492DDE910B20746884602921C46C0
:10EA7000002B46D1BBF1000F3FD1B8F1000F03D1FD
:10EA8000494807B0BDE8F08F7E6897F87490B9F1F7
:10EA9000000F08BFA146484612F081FB044600283B
:10EAA000EED0BAF1FF3F3AD102B2B6EB420F4FEAD5
:10EAB0004203E5D30233B3423AD9B31EA3EB000AB3
:10EAC00032460021284616F059FA07F10803184685
:10EAD000039314F0EFFE331B9A1EA2EB0A0205907B
:10EAE000A9180120A8540131049803915246C04747
:10EAF0000399F8B1A0F58940C3E7029B002BBCD174
:10EB0000BEE7029B002BBBD00029B9D04668204647
:10EB100012F045FB0028B3D08345B6D0B0E7BAF178
:10EB2000000FADDB0AF102020244B242C8D9A7E7E6
:10EB30008246C5E701EB0A03CDE9003903930A4693
:10EB4000029853465946FFF7A1FA002899D1059B30
:10EB5000039ACDF80090013B13F0070FA6EB0403D6
:10EB60000CBF01200020591E091A23462844FFF734
:10EB700027FA002885D107F1080014F09BFEC0EBAE
:10EB8000C6002A780130FF2303411340039A2B70FB
:10EB9000BC231355049A10952B464146384607B0BE
:10EBA000BDE8F04FFFF72ABD80BFFFFF2DE9F04F12
:10EBB00087B0CDE90223109B0493DDE91183DDF8D2
:10EBC0004C90059306468A4619B9364807B0BDE809
:10EBD000F08F90F8740012F0E2FA04460028F4D0A6
:10EBE00002B208F1020303EB4203434575684FEAA2
:10EBF000420BEAD3AB42E8D82A4600214F464846AA
:10EC000016F0BCF9002307F8013B0298224639466A
:10EC1000D04710B1A0F58940D8E796F8740007EB0B
:10EC2000040A01F09FFF0028CFD0DDE9031253460C
:10EC300002F0ECF80028C9D1A5EB0803023B2344FD
:10EC4000A3EB0B0301220AF803200AEB0300B8F13F
:10EC5000000F04D005994246013016F067F904F11F
:10EC60000108013D96F874300093C8442D1B2346DB
:10EC70003A4629464046FFF7A3F90028A6D196F860
:10EC80007430009342462B4621463846FFF798F9E8
:10EC900000289BD14A464946304607B0BDE8F04FB0
:10ECA000FFF756BC80BFFFFF2DE9F74F1E4616F158
:10ECB0000C0F0C9B0D9F4468019380468946924639
:10ECC00003D91C4803B0BDE8F08F06F10B03A34243
:10ECD000F7D800233B700029F3D0A41B0223013C8A
:10ECE000BD1C7B703C44A5420FD100232B7026B184
:10ECF00001993246681C16F019F93A4639464046E1
:10ED000003B0BDE8F04FFFF723BC4FF0640B0122C6
:10ED100029465046C8472A7842B9BBF1010B02D1B7
:10ED2000A0F58940CEE70028F1D0F9E70028F7D117
:10ED30000135D8E780BFFFFFF0B5056F85B0DDE98D
:10ED40000A6725B1012D07D0074805B0F0BD05B011
:10ED5000BDE8F040FFF7A8BF01930023CDE90267AB
:10ED60000093FFF723FFF0E700BFFFFF2DE9F04F0F
:10ED7000D5B006460393036F012B8946934605D011
:10ED8000DFF844B1584655B0BDE8F08F4468A4F1AF
:10ED90001003F02BF4D890F8740012F000FA054636
:10EDA0000028EDD0471CB4EB470F4FEA4708E7D3E4
:10EDB0000DF1500A5A46609BCDF800A049463046F6
:10EDC000FFF71CFC834600285DD104F1FF3996F85B
:10EDD000743000935744A9EB05094B463A4629463F
:10EDE0000DF15100FFF7ECF8834600284BD196F85F
:10EDF000743000930DF151022B4649463846FFF717
:10EE0000DFF8834600283ED196F8740001F0AAFE90
:10EE100000284FD05E9A039904AB01F0F7FF8346B8
:10EE200088BB9DF8500012F0B6F90DF151035E1940
:10EE30002A463146074604A815F0E8FF12F0ABF960
:10EE4000721907434FF0FF31A4EB080816469044AF
:10EE50005D46D946464520D1505D511901225040AA
:10EE600012F099F900220743BA4226D1013114AABF
:10EE700062988A1AA21A824222D85F98026012B15E
:10EE8000619816F053F814A84FF4807102F00AFF4D
:10EE9000402104A802F006FF74E716F8010BCC46E7
:10EEA00080EA0C0012F077F921EA000101F001007C
:10EEB0000544CFE7DFF810B0E5E7DFF810B0E2E790
:10EEC000DFF80CB0DFE700BF80BFFFFF00BFFFFF30
:10EED00000BCFFFF2DE9F04F9946036F4668C5B0AF
:10EEE000002B7FD1A6F11003F02B7BD804AF4E9BF3
:10EEF0000097FFF783FB044600286AD1DDF84081C4
:10EF00003878A6F10B02904528BF904612F043F9DD
:10EF10007B78014602252846584012F03CF941EA28
:10EF200000030393A346A246785DD44680EA0C0012
:10EF300012F031F96BEA000B6FEA0B00013500F0BB
:10EF4000010CAE426444EFD12346082593EA050143
:10EF50005B1B8B430D402B43DB170399084318437E
:10EF6000341B033C434601460B40C943214019432F
:10EF70008B4645460B4695EA0301ED1A8D430B403F
:10EF80001D43ED174FF4824305F4884104462340A6
:10EF9000E4430C401C430DF11B01284315F0A0FF76
:10EFA000644243465A462B40ED4315401D43A6EBB1
:10EFB00008063E44A8EB05024146304615F040FFE6
:10EFC000509B23B14F984246314615F0AFFFC9F828
:10EFD00000504FF48071384602F064FE204645B080
:10EFE000BDE8F08F004CF9E780BFFFFFF0B587B0B8
:10EFF000056FDDF838C0DDE90C6725B1012D07D0BC
:10F00000084807B0F0BD07B0BDE8F040FFF762BFA9
:10F01000CDE901360023CDE9037C0093FFF7A6FE7E
:10F02000EFE700BF00BFFFFF1FB5046F012C0FD13A
:10F03000446F04B963B1089C03944FF0FF34029409
:10F04000079C0194069C0094FFF706FD04B010BDD8
:10F050000048FBE780BFFFFF2DE9F3470C9F054603
:10F06000894692461846DDE90A1203B909B1002A19
:10F070004CD02B6F002B49D100976B68FFF750F8ED
:10F08000044638B96968012000F0B4FF064628B983
:10F090006FF00F04204602B0BDE8F08769680120D8
:10F0A00000F0A8FF804618B9304600F0A9FFEFE74E
:10F0B00000963B46524649462846FFF79FFA0446CB
:10F0C00090B9424631462846FFF742FA044658B9FD
:10F0D0006A683946404615F099FE0446A0B96A6848
:10F0E0003146384615F022FF6968304613F0B9FC06
:10F0F0006968404613F0B5FC002CCBD06A6821212A
:10F10000384615F03BFFC5E7014CEDE7014CC1E780
:10F1100000BDFFFF80BFFFFFF0B4069EDDE90445A0
:10F1200003B904B195B1076F27B1012F08D0084882
:10F13000F0BC7047CDE905560494F0BCFFF78CBFD6
:10F14000CDE905560494F0BCFFF76EBF0148EFE728
:10F1500000BFFFFF80BFFFFF2DE9F04FD5B014AE19
:10F160000D46074691460021FC2215A89DF878B16E
:10F170000393316015F002FF15B9B9F1000F05D006
:10F18000039B1BB93D4855B0BDE8F08FD7F804800C
:10F19000A8F11003F02BF5D8609932463846FFF7F6
:10F1A000D7F90028EFD108F1FF34335DBC2B01D033
:10F1B0003348E8E7002D58D1584611F0F0FF0546D6
:10F1C0000028DFD007F1080014F074FB3278471EE6
:10F1D000C8F1010307EBC3031A41D3D1780708BF75
:10F1E000A04605F102030CBF0DF15104344643451E
:10F1F000C8D8A8EB0501013904EB010ACDF800B02D
:10F200002B4652462046FEF7DBFE0028BBD1327863
:10F21000C7EBC807FF233B41134033700AF1FF32AD
:10F2200014F8013B611E8A4201D9002BF8D0012B52
:10F23000BED15F9A511CAAEB040301D09342B7D10F
:10F2400004AE0398CDF804B0009622464946FEF776
:10F250001DFF002897D12A463146504615F056FE2C
:10F26000084B002818BF18468DE7284611F097FF75
:10F27000002887D081459FD084E700BF80BFFFFF73
:10F2800000BFFFFF80BCFFFF30B585B001B902B100
:10F2900073B1446F54B1E4B2089D02954FF0FF354D
:10F2A000CDE90045FFF758FF05B030BD0C46F3E748
:10F2B0000048F9E780BFFFFF2DE9F34780469146FC
:10F2C0009A460C4601B912B1BAF1000F3FD0D8F8F6
:10F2D00004500120294600F08DFE064648B129461B
:10F2E000012000F087FE074648B92946304613F052
:10F2F000B8FB6FF00F04204602B0BDE8F087009025
:10F300002B46204652464946FEF70AFF044640B1C6
:10F310002946304613F0A5FB2946384613F0A1FBD9
:10F32000E9E70A9932464046FFF712F904460028F9
:10F33000EED139462A46304615F068FD0446294686
:10F340003046002CE6D013F08CFB024CE4E7024C74
:10F35000D1E700BF80BCFFFF80BFFFFF30B4029C3D
:10F3600001B902B173B1056F25B1012D06D0064870
:10F3700030BC7047029430BCFFF79EBF029430BC93
:10F38000FFF782BF0148F3E700BFFFFF80BFFFFF29
:10F3900010B5044600283BD0603014F070F904F139
:10F3A000680014F06CF904F1480014F068F904F1F5
:10F3B000180014F064F904F1280014F060F904F165
:10F3C000200014F05CF904F1100014F058F904F175
:10F3D000080014F054F904F1580014F050F904F145
:10F3E000500014F04CF904F1400014F048F904F115
:10F3F000380014F044F904F1300014F040F92368A7
:10F4000033B1044B04F178001B6898470023236054
:10F4100010BD00BF2C08002070B588B00D46144602
:10F42000064606A814F026F905952544302304AABB
:10F43000294605A813F081FF044628B9DDE9042315
:10F4400013449D4203D05B4C204608B070BD03AA14
:10F45000294605A813F0BAFF04460028F4D1039BFF
:10F46000002BF0D106AA294605A8FEF7D9FE0446CE
:10F4700018B106A814F003F995E0CDE900000346A1
:10F48000024606A9304611F091FE04460028F0D14C
:10F4900006AA294605A8FEF7C3FE04460028E8D1BF
:10F4A00006A906F1100014F091F910B1B0F58144ED
:10F4B000DFD106AA294605A8FEF7B2FE04460028B9
:10F4C000D7D106A906F1180014F080F910B1B0F5F3
:10F4D0008144CED106AA294605A8FEF7A1FE04461E
:10F4E0000028C6D106A906F1200014F06FF910B16A
:10F4F000B0F58144BDD106AA294605A8FEF790FEC5
:10F5000004460028B5D106A906F1280014F05EF9DA
:10F5100010B1B0F58144ACD106AA294605A8FEF782
:10F520007FFE04460028A4D106A906F1300014F09D
:10F530004DF9044600289CD106AA294605A8FEF7E5
:10F540006FFE0446002894D106A906F1380014F095
:10F550003DF9044600288CD106AA294605A8FEF7E5
:10F560005FFE0446002884D106A906F1400014F08D
:10F570002DF9044600287FF47CAF3046FEF7BEFE2E
:10F58000044600287FF475AF3046FEF767FF044657
:10F5900000287FF46EAF059BAB4206A807D014F09D
:10F5A0006EF86FF065043046FFF7F2FE4CE714F09A
:10F5B00066F849E780BFFFFF2DE9F04F95B01E4682
:10F5C000764BDDF8788006AC05468A46174603F18F
:10F5D000300CA14618685968224603C208336345B7
:10F5E0001446F7D118689B88106093802EB96FF08D
:10F5F0000304204615B0BDE8F08FB8F1000FF6D037
:10F600003368002BF3D1D8F800100029EFD1284639
:10F6100014F013FA0028EADD0121384614F00DFA3F
:10F620000028E4DD2946384614F0BFF90028DEDA68
:10F630000121504614F001FA0028D8DD2946504631
:10F6400014F0B3F90028D2DA04A814F013F802A8D1
:10F6500014F010F85246394602A814F008FB04468C
:10F6600080B902A90122084614F0E9FA044648B913
:10F6700002A814F00CF91FFA80FBBBF1000F08D1AF
:10F680006FF0030404A813F0FAFF02A813F0F7FFC9
:10F69000AFE781B202A814F050F904460028F1D176
:10F6A0002B681F6807F007077B1E5F425F4119F850
:10F6B000071004A814F0BFF804460028E2D12A4637
:10F6C00004A9304614F0D9FC04460028DAD10121FF
:10F6D000304614F0B2F920B10137BBB2362BE6D177
:10F6E000CEE704A9CDF800802B4602AA084614F004
:10F6F000B1FC04460028C5D14FF0010A012104A83D
:10F7000014F09BF9002841D004A90122084614F006
:10F710007EFA04460028B5D12A4604A9304614F0E2
:10F72000ACFC04460028ADD10121304614F085F927
:10F7300001280DD12946304614F037F9013007D1A0
:10F74000214633462A46404606F0EEF8044699E73D
:10F7500004A90122084614F072FA0446002891D147
:10F7600004AA1146104614F082FA0446002889D1F2
:10F7700004A92A46084614F018FB0446002881D143
:10F780000AF1010A1FFA8AFAD345B7D2012104A867
:10F7900014F053F900289FD072E700BF8D97030043
:10F7A0002DE9FF47DDE90C7481466846DDF838A095
:10F7B000884615461E4613F05DFF02A813F05AFF57
:10F7C000002C00F08580B8F1000F10D0534622467F
:10F7D0003221404614F017FF48B1684613F04FFF3E
:10F7E00002A813F04CFF654804B0BDE8F087002D77
:10F7F00073D0534622463221284614F004FF0028D5
:10F80000EBD1B8F1000F68D0B9F1000F40F094804F
:10F81000002E00F08980002F00F0868001214046F4
:10F8200014F00BF90028D8DD0121284614F005F961
:10F830000028D2DD3A463146684614F018FA0446EC
:10F84000002840F08E8001226946684614F0F7F9DE
:10F850000446002840F085800122414602A814F0A9
:10F86000EEF9044600287CD102AA6946684614F0E5
:10F870009CFA0446002874D10146684614F0DDF86D
:10F880000028AAD13A463146684614F0F0F90446F9
:10F89000002866D101226946684614F0D0F9044672
:10F8A00000285ED10122294602A814F0C8F90446B6
:10F8B000002856D102AA6946684614F076FA044632
:10F8C00000284ED10146684614F0B7F860B384E7CB
:10F8D000B8F1000F01D0002D96D1B9F1000F23D05F
:10F8E00016B30FB30121304614F0A7F800287FF7B4
:10F8F00074AF0121384614F0A0F800287FF76DAFEF
:10F900004946304614F051F80028BFF666AF494624
:10F91000384614F04AF80028BFF65FAFB8F1000F80
:10F9200002D0002D7FF47AAF684613F0A8FE02A83B
:10F9300013F0A5FE002057E72A464146684614F01A
:10F9400096F9044668B90121484614F076F8002873
:10F950007FF743AF4946684614F027F80028BFD028
:10F960003BE7684613F08BFE02A813F088FE14F5FF
:10F97000844F3FF438AFA4F5844035E700BEFFFF65
:10F980002DE9F04385B0044668469946DDE90C86CA
:10F990000D46174613F06EFE02A813F06BFEB9F188
:10F9A000000F49D054B93A4C684613F068FE02A8DB
:10F9B00013F065FE204605B0BDE8F0830122214624
:10F9C000684614F03CF9002859D13A46494602A845
:10F9D00014F019F9002852D102A96A46084614F019
:10F9E000E4F900284BD1014602A814F026F80028BB
:10F9F00043D1B8F1000F1CD0002DD4D001222946EC
:10FA0000684614F01CF9002839D13A46414602A84C
:10FA100014F0F9F898BB02A96A46084614F0C5F933
:10FA200068BB014602A814F008F830BB16B164B9EF
:10FA3000B9E746B90024B7E7B8F1000FDCD1002ED2
:10FA4000F8D0002CAFD0002DADD02A463146684604
:10FA500014F00DF998B901226946684614F0EFF8E0
:10FA600068B922466946684614F09FF938B90146DC
:10FA7000684613F0E2FF0028DCD0064C94E710F54E
:10FA8000844FFAD010F5814F8DD0A0F584448BE7D8
:10FA900080BFFFFF00BEFFFF2DE9F04FB9B0046C3F
:10FAA00005469DF81001884691461E4601F05AF819
:10FAB0000734E4080746002867D007A80DF1640A58
:10FAC00013F0D8FD504612F00FFF224609A9304628
:10FAD00013F010FF034600284BD12A6CDDF80CB15F
:10FAE00042990732D208934528BF93465A4607A841
:10FAF00013F0EAFE034600283BD12B6CB3EBCB0F8F
:10FB00004FEACB012ED305F1340B594607A813F069
:10FB10004CFF002806DB07A95A46084614F073F884
:10FB2000034630BB09AB1919224607A813F0E2FEC1
:10FB30000346F0B9630009AA3946504602F048F876
:10FB40000346B0B9124B0293439B0193429B00932F
:10FB5000CDF80CA033464A464146284602F09EFEA8
:10FB6000034606E0C91A07A813F0E7FE034600287B
:10FB7000C9D019A8059302F07FF807A813F07FFDFC
:10FB8000059B184639B0BDE8F08F024BF9E700BF7E
:10FB90002D1C020080B0FFFF2DE9F0419EB004460D
:10FBA000DDF89C800F4615461E46B8F1000F5BD06D
:10FBB00008A813F05FFD0AA813F05CFD299B0593CC
:10FBC000289B0095CDE90383CDE9016704F160032B
:10FBD0000AAA08A92046FFF75FFF0546002833D18F
:10FBE00001460C9044220DA815F0C8F91EAB0AAAD4
:10FBF0000CA907A8079313F0BFFC041E23DB08AA77
:10FC00000CA907A813F0B8FC061E27DB26443246D1
:10FC10000CA907A813F067FC041E14DB30220DEBBF
:10FC2000020107A813F083FC002819DB259B34444C
:10FC30000444A34216D322460799249815F076F976
:10FC4000269B1C602C46254608A813F018FD0AA820
:10FC500013F015FD28461EB0BDE8F0813446F2E7EA
:10FC60000446F0E7014CEEE7014DF3E700B1FFFF7A
:10FC700080B0FFFF2DE9F04788B0924604AF109A9C
:10FC80000293804606AE38469D18894613F0F2FC72
:10FC9000304613F0EFFC302303AA294602A813F0E4
:10FCA0004CFB58B1A0F59F44384613F0E8FC3046B1
:10FCB00013F0E5FC204608B0BDE8F087DDE902322C
:10FCC00013449D421FD13A46294602A813F082FBF5
:10FCD0000028E7D13246294602A813F07BFB002812
:10FCE000E0D1CDE9007608F1680352464946404626
:10FCF00002F080FE04460028D6D1029A034BAA42A5
:10FD000018BF1C46D0E7024CCEE700BF00B4FFFF8F
:10FD10001AB0FFFF10B50446B0B1D0F8383123B1A6
:10FD20000A4B00F5A0701B68984704F1200012F000
:10FD300041F84FF4AA71204601F0B4FF4FF6F0737A
:10FD4000E3614FF0FF33236110BD00BF2C0800209A
:10FD5000F0B585B004460F461546002110226846CE
:10FD60001E4615F00BF9114B04F5A0701B6898475F
:10FD7000A369C4E94E750BB92023A3612569002D41
:10FD800005DAA569172D9ABF01356D080025802277
:10FD9000694604F1200002F029FD28B90A9A2B4691
:10FDA0003146204611F019FC05B0F0BD30080020A6
:10FDB0002DE9F3410F4B00F5A0781B68054640463E
:10FDC0000E4617469847044678B9034600903A46CF
:10FDD0003146284611F06EFC074B04461B6840462E
:10FDE0009847002818BF6FF01D04204602B0BDE8F8
:10FDF000F08100BF280800202408002010B5044628
:10FE000098B10369013310D0084B2C301B68984718
:10FE1000204600F0B3FE00236361142104F11800B2
:10FE200001F040FF4FF0FF33236110BD2C0800208C
:10FE30002DE9F0471F46134B00F12C0A1B680546BD
:10FE400050468946904698470446A0B96E69002EF0
:10FE500014DC142000FB0650089B47620136C0E901
:10FE6000069883626E61084B50461B6898470028CD
:10FE700018BF6FF01D042046BDE8F0876FF03D0409
:10FE8000F1E700BF280800202408002073B50025F2
:10FE900014260446456132462946183015F06EF89E
:10FEA00004F12C0329461846324615F067F8084A33
:10FEB000126890472046256111F051FE01230093FE
:10FEC000044920232A462046FFF7B2FF02B070BD46
:10FED000300800203D3202002DE9F043202A89B08D
:10FEE00005460F4616467DD8404B00F12C081B688E
:10FEF00040469847044600285BD140F201196B69DF
:10FF0000002B6CD0284611F07BFC0446002844D11D
:10FF1000D5F814E002462B460120A64553DC002804
:10FF20004BD01F2A49D920220021684615F026F817
:10FF30006946284600F038FF044670BB284600F0AA
:10FF40001DFE284611F00BFE092000F00BFE224694
:10FF50000146284600F050FE0446F0B9284600F05D
:10FF6000B3FE0446C8B920226946284600F0F0FED8
:10FF7000044690B9092000F0F5FD6B462022694641
:10FF800000F044FF044640B96B69002BC8BF2862EB
:10FF900032466946384614F0C9FF2021684601F010
:10FFA00081FE134B40461B689847002818BF6FF02E
:10FFB0001D04204609B0BDE8F083B9F101099ED1C6
:10FFC0006FF03B04E9E7D3E908C18C4538BF002056
:10FFD000996A012908BF6244013414339DE76FF028
:10FFE0003F04DAE76FF03B04E3E700BF2808002096
:10FFF00024080020014B1B68184700BF0808002098
:020000040002F8
:10000000014B1B68184700BF04080020024B186012
:10001000024B0020196070470808002004080020E7
:100020002DE9F0430D4685B091469846064620B925
:100030003A4C204605B0BDE8F083184615F075F936
:10004000074600285FD04946404615F06EF9044641
:10005000002858D0874256D22846ECF795FF3B5CE3
:100060003D18202B08BF01352B780D2B08BF01351B
:100070002B780A2B47D14846ECF786FF235C2218E1
:10008000202B08BF0132013513780D2B08BF013238
:1000900013780A2B08BF0132A2EB08020E9BA4EBD7
:1000A0000508B8F1150F1A6005DD1D49162228460E
:1000B00014F02CFF48B3AC4229D90021CDF80080C0
:1000C0002B4603AA084605F097FB2C3021D0039954
:1000D0000029ADD00120FFF78DFF0746D8B1039965
:1000E000CDF800802B4603AA05F086FB044630B10C
:1000F0000399384612F0B5FCA4F5885499E7039BA0
:100100003760736095E7074C93E7074C91E7074C1E
:100110008FE7074C8DE7074C8BE700BF80EBFFFFB5
:10012000C497030080EFFFFF00ECFFFF00EFFFFF2D
:10013000D4EEFFFF80EEFFFFF0B589B00D46164606
:100140001F4600F00FFD0446F0B104A811F007FDB2
:100150002146012204A800F04FFD044670B9119B0E
:100160000393109B02930F9B01930E9B00933246C7
:100170003B46294604A811F098FB044604A800F069
:10018000FDFC204609B0F0BD004CFAE780D1FFFF2E
:100190002DE9F04F9846B9B00023CDE9053305238A
:1001A00017468DF8123042688368079303EB020A02
:1001B0000368439EDDF81491302B0D4604D06C4C3F
:1001C000204639B0BDE8F08F0EAB08AA514607A80B
:1001D00013F027F910B1A0F53C54F1E7099A092A68
:1001E00001D0644CECE70A99634814F08FFE0028B4
:1001F000F7D1109B0F9A1F9303EB020B0E9B302B32
:10020000DDD1042315AA59461FA813F096F800283B
:1002100030D0A0F53C54002CD2D111AB0BAA5146E2
:1002200007A813F0FEF80028D5D10DF113010BA893
:1002300005F07CFE0028D4D19DF8130000F070F981
:1002400082460028CDD0437903F00F03DB000693EC
:10025000119B042B40F089800379129A5909B2EB63
:10026000810F40F08280002D32D1B1453AD26FF03B
:100270006B04A5E71F9B159A1693594613441FA8B4
:1002800005AA1F9313F0A2F80028C2D11F9B9B451B
:10029000C3D006AA59461FA813F098F810B110F160
:1002A000620FB6D11F9B9B45B7D027AA59461FA8FE
:1002B00013F001F90028ACD10DF1120127A805F0C7
:1002C00063FE00288DD11F9B9B45A6D02B4C77E762
:1002D000012D07D103F01F03B6FBF3F203FB02333A
:1002E0004B45C4D827A811F0BAFBDDE912211FA89D
:1002F00014F01CFE069B0293059B01930DF15C0913
:10030000159B00939DF81200169BCDF80C90424669
:100310003946FFF711FF044618BB514627A800F0E5
:1003200027F90446E8B9069A6BB2D200494627A8D5
:1003300000F03EF90446A0B9014627A800F07CFB76
:10034000044670B9469B0293449B129ACDE9006320
:100350001FA9429B27A800F0A9FB094B041E18BF48
:100360001C4627A800F0E8F82AE7064C28E700BF5B
:100370009ED0FFFF80D1FFFFDB9703009AD0FFFFE5
:1003800000D2FFFF00D1FFFF18B112B111600020B1
:1003900070470148704700BF009FFFFF2DE9F843F9
:1003A0000C46074658B352B3431813F8015C45B3E3
:1003B0008D4226D8A1EB0508C2F8008029462046C8
:1003C00011F00FFB00210246284611F012FB002617
:1003D00062EA00024146304611F003FB294681469D
:1003E000B85D11F006FB013620EA0900B44242EA8A
:1003F0000002EFD102F4C4404042BDE8F883024855
:10040000FBE70248F9E700BF009FFFFF009EFFFFE8
:100410002DE9F041002507460C462E46C0B1BAB181
:10042000156014B92046BDE8F08104F1FF380021C1
:1004300017F8080011F0DDFA40EA060120EA060389
:100440001C40DB432B4023431D460E464446E7E752
:100450000048E8E7009FFFFFF8B50446084614B3DC
:100460000AB34D1E675DCE1B1660394611F0B9FA0E
:1004700000210246384611F0BCFA002762EA000269
:10048000BD4203D802F4C4404042F8BD314638466C
:1004900011F0A7FAE35D59420B43DB1723EA00038F
:1004A0001A430137ECE70148EFE700BF009FFFFF69
:1004B0002DE9F84300282ED0002A2CD04FF0FF342D
:1004C000A0460023136001F1FF394518B9F1000F70
:1004D00004DA04F4C4404042BDE8F88315F8017D15
:1004E0007B421F43FF1708EA070611683346484658
:1004F0001840DB430B40034313602878802111F040
:1005000078FA3040F6432640064328EA070809F106
:10051000FF393446DAE70148DEE700BF009FFFFFFE
:10052000044B0246586800B9704719789142FBD0D5
:100530000833F7E7EC72030010B50446A8B1006C6D
:1005400010B1242112F08DFAE06B40B12368074A04
:10055000DB79C3F3840352F823301B6A98472046A3
:100560004421BDE8104001F09DBB10BD0C080020E7
:1005700038B505460C46A9B14422002114F0FEFC12
:10058000E379094AC3F3840352F82330DB6913B9D2
:100590002C60002038BD9847E8630028F8D1A0F50A
:1005A000C340F7E70148F5E70C080020009FFFFF74
:1005B00070B4DCB2012C29D804683CB3E57905F0AD
:1005C0000305012D05D8657905F00F05B2EB851FF0
:1005D0001CD142600372012BC06BE3790D4D08D032
:1005E000647904F0F006302E03D004F0E004402CCF
:1005F00006D1C3F3840355F823305B6970BC1847F8
:10060000C3F3840355F823309B69F7E7024870BCB5
:10061000704700BF0C080020009FFFFF2DE9F0414C
:10062000036804460E46154613B92B48BDE8F08111
:10063000102A4FD8DA79D20721D41A795209B5EBAA
:10064000820F4FEA8207F0D39A794C2A19D10C2DE8
:10065000EBD1E06B0022314602F0A2F80028E4D191
:1006600023685B7903F0F003602B0FD194F9081035
:10067000E06B2B463246BDE8F04112F000B82F4641
:10068000E2E74D2AEDD10C2DEBD0CEE7902B16D121
:100690000023E06B1A46194611F047FD0028C5D12A
:1006A00094F908304BB1012BBFD10321E06B2B46ED
:1006B0003246BDE8F04111F001BD0221F6E70FB965
:1006C0000020B3E73A46314604F1280014F02EFC2E
:1006D000A763F5E70148A9E7009FFFFF809FFFFFA1
:1006E0002DE9F04F044685B00068DDF838900F46DC
:1006F00015469A4618B9894805B0BDE8F08F002024
:10070000C9F80000D4F800C0BCF1000F00F000816F
:100710009CF8046016F01F0600F0FA809CF80500B3
:1007200000F0F000102815D1B24240F0F380C9F873
:10073000002022687A49D279E06BC2F3840251F832
:10074000222094F9081055683A46AC4605B0BDE839
:10075000F04F6047602805D1CDE90029E06B12F029
:1007600009F8C9E7902805D1CDE90029E06B11F01F
:10077000F8FCC1E79CF806204D2A09D1C9F80050C1
:10078000E06B0A46294605B0BDE8F04F11F003BE04
:10079000994208D1636A002BADD1B5FBF6F306FB95
:1007A0001353002BA7D1202840F0868094F90830FD
:1007B000D4F824808BB9E268A6EB08038AB19D4285
:1007C0004BD808F114002A463946204414F0AEFBF9
:1007D000636A2B44636200208EE7012B03D1A6EBF2
:1007E0000803AB42EDD8B8F1000F39D1002DF2D09B
:1007F000B5FBF6F806FB1858B8F1000F06D194F9CE
:1008000008301BB9E368002B18BFB046A5EB0805FC
:100810004246791904F1140014F088FB636A4344DA
:100820006362002DD7D023683D4ADB79C3F384038C
:1008300052F82330CDE9007A2A469E6894F90810D0
:10084000E06B04F12803B04700287FF455AFD9F8D6
:1008500000302B44C9F80030BDE7B8F1000FC7D015
:10086000A6EB080B08F114005A463946204414F050
:100870005DFB23462A4953F8142BD279C2F3840234
:1008800051F82220CDE9003A936894F90810E06B02
:100890009C46324604F12803E04700287FF42CAF41
:1008A000D9F80030A8443344C9F80030B24460623B
:1008B0005F44A8EB060599E7502819D19CF807304A
:1008C000174AC3F38403294652F82330CDE9017A4D
:1008D00004F114020092DE68E06B04F1280304F1D5
:1008E0002402B04700287FF407AFC9F8005072E730
:1008F000702811D19CF80730094AE06BC3F38403D8
:10090000294652F823303A461E695346B047E9E774
:100910000448F1E60448EFE60448EDE6009FFFFFD7
:100920000C080020809CFFFF809DFFFF809FFFFF41
:10093000F7B5036804460E46154613B93A4803B0A6
:10094000F0BD002313600368597901F0F002202AFA
:1009500008D10269002AF1D09A794C3A012A1AD8B2
:100960000020ECE701F0B0003028F9D001F0E00100
:100970004029F5D0602AF3D0902AF1D0A02AEFD0F8
:100980009B794C3B012BEBD9102A4AD1636A002B8F
:10099000E6D02648D3E790F90810426A012931D100
:1009A000C76817B9002ADBD0F3E7A16B143011B97F
:1009B000197949098900B84723461D4853F8281B6F
:1009C0000A79C979C1F3840102F01F0250F821109D
:1009D000019604F1140000908F68E06B94F9081000
:1009E000B8470028ABD194F9083021689BB9236936
:1009F00011B1097901F01F012A46304603B0BDE864
:100A0000F04018471B7903F01F039A42D4D0C36803
:100A1000002BC7D0BDE711B1097901F01F01296092
:100A20009EE704488BE700BF009FFFFF809DFFFF0C
:100A30000C080020809FFFFF0368EBB15B7903F097
:100A4000F003202B18D1042918D8DFE801F0031295
:100A5000090C0F000A4A0B4BC0E903230020704722
:100A6000094A0A4BF8E70A4A0A4BF5E70A4B002203
:100A7000F2E70A4A0A4BEFE70A4870470A4870470C
:100A8000FD1903009D030200311A030059040200FE
:100A9000531A03001104020089030200151A03000F
:100AA000B1040200009FFFFF809FFFFFF0B585B0FB
:100AB000DDE90B7504461E46FFF7B0FDA8B92368B3
:100AC000ABB160620A9A00953B4631462046FFF77B
:100AD00007FE50B9296803AA39442046FFF728FFCA
:100AE00018B92B68039A13442B6005B0F0BD014878
:100AF000FBE700BF009FFFFFB2F5807F08B501D084
:100B0000034808BD11F045FC0028FAD0F8E700BF03
:100B1000009FFFFFB2F5807F08B501D0034808BDF4
:100B200001F02EFE0028FAD0F8E700BF009FFFFF7B
:100B300008B501F049FE034B10F1510F08BF1846EC
:100B400008BD00BF009FFFFF0538C0B2062805D8CA
:100B5000034B53F8200008B111F0F5BF0020704797
:100B6000047503000538C0B206289ABF024B53F83B
:100B700020000020704700BFE874030010B5044651
:100B8000002838D00368002B35D0806838B122792E
:100B9000012A11D112F06BF8A068FFF731FAE06872
:100BA00020B123689978490011F05BFF204610219D
:100BB000BDE8104001F076B81B78053B062BEBD85A
:100BC00001A252F823F000BFE50B0200990B0200CE
:100BD000990B0200EB0B0200EB0B0200F10B020081
:100BE000F10B020001F09EFFD6E701F0C3FFD3E74F
:100BF00010F0DFFFD0E710BD70B50D461646044675
:100C000000B109B9294870BD0023C0E90233016071
:100C10000878FFF799FF60B14FF4D8710120FFF712
:100C2000E9F9A06000283FD00123237196BB002082
:100C3000E9E72B78053B062BE4D801A252F823F014
:100C40005D0C0200050C0200050C0200710C020094
:100C5000710C0200830C0200830C02004FF4D0716F
:100C60000120FFF7C7F9A060F0B101F059FFDDE7FF
:100C7000D0210120FFF7BEF9A060A8B101F078FFF4
:100C8000D4E7D8210120FFF7B5F9A06060B110F0DA
:100C90008CFFCBE7A9780220FFF7ACF9E0600028D1
:100CA000C5D12046FFF76AFF0148ACE700AFFFFF60
:100CB00080AEFFFF024B034904220FF080BD00BF4E
:100CC00085070300107E030038B50446002838D09D
:100CD0000368002B35D002791B78012AA3F10503A4
:100CE00012D1DBB2062B98BF174A806894BF52F826
:100CF0002350002511F0BBFFA068294611F0C2FF68
:100D0000BDE83840FFF7D6BF062B1AD8DFE803F05E
:100D1000041919090F111700BDE83840806801F067
:100D200003BF0121A068BDE8384001F025BF0021C4
:100D3000F8E70121A068BDE83840EEF785B800214A
:100D4000F8E7024838BD00BF0475030000AFFFFF9D
:100D500010B590B1036883B10479012C06D1806885
:100D600011F0B0FFBDE81040FFF7A4BF1B78092BBE
:100D700005D8072B10D8052B09D00A4810BD0A3B0F
:100D8000012BFAD8BDE81040806810F017BFBDE80D
:100D90001040806801F0D2BEBDE81040806801F0CC
:100DA000FBBE00BF00AFFFFF07B5B0B10368A3B142
:100DB0000279012A0AD15A788068019201AB11F0B8
:100DC00095FFFFF777FF03B05DF804FB1B78092B55
:100DD00005D8072B12D8052B0AD00B48F3E70A3B9E
:100DE000012BFAD8806803B05DF804EB10F037BF30
:100DF000806803B05DF804EB01F0ACBE806803B01E
:100E00005DF804EB01F0DCBE00AFFFFF70B586B00B
:100E10000C4603920293054638B30078FFF794FE20
:100E2000DDE90221B8B12B786E780596053BDBB27F
:100E3000062B9CBF1A4850F8230005ABCDE9006390
:100E400088BF002013460A46214611F060FFFFF7D5
:100E500031FF06B070BD2B78053B062B05D8DFE8C7
:100E600003F00604040C13151C000E48F1E720469D
:100E700006B0BDE8704010F079BE0123204606B0F0
:100E8000BDE870400FF0ADBC0023F7E7012320461A
:100E900006B0BDE8704010F061BF0023F7E700BF67
:100EA0000475030000AFFFFF2DE9F0410E4690B03E
:100EB0001746054600286DD00368002B6AD0C2682B
:100EC000002A67D09B78BB4214D2FFF7FDFE044690
:100ED00000283BD13A4631462846FFF739FF044601
:100EE000A0BB69462846FFF75FFF044670BB2B682E
:100EF0005F786E462B68D5F80C809A78362140468C
:100F000008EB020414F03AF82B685C219A7820462A
:100F100014F034F80023191D8F4208EB03021DD290
:100F20009F4223D80023191D8F4204EB030224D2D1
:100F30009F4228D82846FFF7C7FE044630B92B68E1
:100F400041469A782846FFF703FF04464021684649
:100F500000F0A8FE204610B0BDE8F081F25858F825
:100F60000300424048F803200B46D4E7F05C1178B8
:100F7000414002F8011B0133D2E7F258E0584240E9
:100F8000E2500B46CFE7F05C1178414002F8011BBC
:100F90000133CDE7004CDDE700AFFFFF10B430B107
:100FA000046824B1C36813B110BCFFF7D1BE014877
:100FB00010BC704700AFFFFFF0B50D4691B004467E
:100FC00000B30368F3B1C668E6B169469F78FFF7DE
:100FD000EBFEA8B92046FFF777FE88B92368F11920
:100FE0009A782046FFF7B4FE50B9236869465A78CC
:100FF0002046FFF7ADFE18B929462046FFF7D4FE7C
:1010000011B0F0BD0048FBE700AFFFFF38B5044664
:1010100070B1036863B1C56855B1FFF755FE40B9BB
:10102000236829469A782046BDE83840FFF790BEED
:10103000004838BD00AFFFFF2DE9F04FADF5437D0F
:1010400002460D900B461032B2AD00F1500610680A
:1010500051682C4603C40832B2422546F7D11946DE
:1010600001F1800410AB48680A6800BA43F8080F21
:10107000083112BA8C425A60F5D112A81025D0E975
:101080001C47E30CFA0C4FEAC70E4FEAC4084EEABD
:10109000547E43EA473342EA443248EA5778A40987
:1010A000844682EA0E0244EA876483EA08036340C6
:1010B00082EA9712DCE91247DCE900ECD0E902167B
:1010C00014EB0E0447EB0C071B1942EB07024C080C
:1010D0004FEA112E77084FEA162C47EAC1774CEAFF
:1010E000016C44EAC6744EEA066EC90984EA0E042D
:1010F00041EA4661614087EA0C075B1887EAD6142B
:1011000005F1010542EB04020830502DC0E91E3202
:10111000B5D1BE9B0693BF9B0793BC9B0893BD9B19
:101120000993B29B0193B39B0293B49B0393DDE9B4
:10113000C0ABB59B0493DDE9BA20DDE9B689B89B65
:10114000DDF8E4C2DFF808E005930EAB02E000BF73
:10115000B8620300940B44EA8047840B44EA824659
:10116000840C44EA8234950C45EA80356640C40517
:1011700044EA52246F40D50545EA50256640D3E93C
:1011800004146F40DEF800506D18DEF8041041EBD7
:1011900004047D190699099F46EB0404089E4E40FD
:1011A00007994F40069916404E40079907404F4017
:1011B000AD19059944EB070415EB0A054BEB040444
:1011C0006918059144EB0C010A910199DDF804C0FE
:1011D000DDF808A00F0F029947EA01170E0F0199D9
:1011E00046EA01160299890741EA9C014FEA8C7C84
:1011F0004CEA9A0C4E40019987EA0C074FEA4A6C78
:101200004CEAD11C490641EADA117940491986EACB
:101210000C0644EB0606039D019C049FDDF80CC000
:101220002C4355463D43019F07EA0C0C5746DDF819
:1012300010A004EA080407EA0A0744EA0C0405EAD5
:10124000090511EB040A45EA070546EB050BDEE943
:101250000216D3E906544919069D46EB04044919C0
:10126000079D45EB0404089D059F82EA0506099D3C
:101270003E400A9F45403D40089F7E40099F891996
:1012800085EA070544EB0504059D0A9E0691AD0B12
:1012900045EA8645B70B059E059947EA86474FEA1A
:1012A000964C0A9E4CEA863CB60C46EA813677405C
:1012B0000A9EF60585EA0C0546EA51264FEAC15C0E
:1012C0000A994CEA512C069985EA0C054D1986EAD3
:1012D000070644EB060615EB0801069146EB0901EB
:1012E00007914FEA1B744FEA8B7141EA9A014FEA6A
:1012F0001A7744EA0A144FEA8A7C4CEA9B0C47EAC4
:101300000B174C404FEA4A6187EA0C0741EADB11B0
:1013100079404FEA4B6C4D194CEADA1C0199039F56
:1013200084EA0C0446EB04044AEA0101029E3940B7
:10133000049F4BEA06063E40019F0AEA070C029F03
:1013400041EA0C010BEA070715EB010846EA07061C
:1013500044EB0609D3E90856DEE904144919089D4F
:10136000069F44EB06044919099D45EB0404059DBD
:1013700082EA05060A9D3E40079F454056403D4093
:10138000891985EA000544EB0504069D069E08912F
:10139000AD0B45EA8745BF0B47EA86474FEA964CB7
:1013A000079E06994CEA863CB60C46EA81367740A1
:1013B000079EF60585EA0C0546EA51264FEAC15C10
:1013C00007994CEA512C089985EA0C054D190399A7
:1013D00086EA070644EB060649190891049941EB91
:1013E000060109914FEA19744FEA897141EA98019F
:1013F0004FEA187744EA08144FEA887C4CEA990CC3
:1014000047EA09174C404FEA486187EA0C0741EA6E
:10141000D91179404FEA496C019F4D194CEAD81C0B
:101420004AEA080184EA0C0401EA0701029F46EB3C
:1014300004040AEA080C4BEA09063E4041EA0C01A2
:101440000BEA0907691846EA0706039144EB06010F
:101450000491D3E90A54DEE90616491946EB04045F
:10146000891840EB0404DDE90520079D50400A9AE5
:101470006A40089D2840099D2A40059D68400A9DB4
:10148000091882EA050244EB0204089A0998920BB3
:1014900042EA8042850B089845EA8045860C099807
:1014A000089F46EA8036800C40EA8730454009981C
:1014B000C005724040EA5720FE05099F46EA5726BC
:1014C00072408A180199039E049F80EA050044EB4C
:1014D000000089180B91029941EB00010C910399CE
:1014E0000D0F049945EA01150C0F039944EA011404
:1014F0000499890741EA9601B60746EA97064C40E7
:10150000039975407E0646EAD116490641EAD7118D
:1015100069408A180399039D84EA060448EA010198
:1015200040EB040408EA050649EA070001EA0A015B
:1015300009EA0705314300EA0B00521840EA0500AA
:10154000019244EB00020292D3E90C01DEE9082487
:1015500012180598099D44EB010112180A98089C7D
:1015600040EB010106984440079868400B9D2C40D1
:101570000C9D2840069D6C40079D0B9F121980EA28
:10158000050041EB00010B98850B0C9845EA80455E
:10159000840B0B9844EA8044860C0C9846EA80360B
:1015A000800C40EA873044400C987540C60546EAF6
:1015B0005726F8050C9F40EA57206840101884EA27
:1015C0000604019A019D029E41EB04040299120F48
:1015D00042EA01124FEA117C01994CEA011C02997E
:1015E000890741EA9501AD0745EA96058CEA010CA9
:1015F00001996A40750645EAD115490641EAD611B6
:101600001AEB000A81EA02014BEB040B039A09185A
:1016100001988CEA050C44EB0C0C019D42EA000495
:101620000398049A2840049D04EA08043243354094
:1016300002EA09022043091842EA05024CEB020CB7
:10164000D3E90E40DEE90A2505910699121945EB0A
:101650000000521807990B9C41EB0000089981EAA1
:101660000405099981EA0704089905EA0A054D402D
:10167000099904EA0B044C40521940EB04004FEA6C
:101680009B454FEA9B3445EA8A354FEA9A3644EA4D
:101690008A444FEA9A4747EA8B376C4046EA8B46C2
:1016A0004FEACA557E4045EA5B254FEACB57754065
:1016B00047EA5A27521984EA070440EB040018EB62
:1016C0000201069149EB0001079105994FEA1C754B
:1016D0004FEA8C7444EA91040E0F45EA01158F0716
:1016E00047EA9C07654046EA0C164C067E4044EAF1
:1016F000DC144FEA4C6747EAD1177440A21885EA18
:10170000070540EB050501990598059C41EA00068F
:10171000029941EA0C0003990E400499084001998E
:101720000C400299344301EA0C0712EB040840EA2A
:10173000070045EB0009D3E91045DEE90C200899C4
:10174000121940EB05005218099941EB00000B9962
:1017500081EA0A050C9981EA0B0406990D40079964
:101760000C400B994D400C994C400699521940EB96
:1017700004008C0B079944EA81448E0B069946EAD3
:1017800081468F0C079947EA81378D0C069945EA07
:10179000813507996E40CD0506997C4045EA512573
:1017A000CF05079947EA51277C401419039A0199FC
:1017B00085EA060540EB050512190892049A42EBEA
:1017C000050209924FEA19704FEA897242EA9802BB
:1017D0004FEA187640EA08104FEA887747EA9907F7
:1017E000504046EA09164FEA48627E4042EAD91262
:1017F00072401419059A42EA080606EA010602999F
:101800004FEA49674CEA090247EAD81702EA01029F
:10181000059980EA070045EB000001EA0805354319
:101820000CEA0907611942EA070240EB0202D3E918
:1018300012450492DEE90E2014190B9A039140EB35
:101840000505A4180C9A089942EB0505069A8AEA40
:101850000200079A084009998BEA02020A4080EACE
:101860000A00241882EA0B0245EB0205089A960B3F
:1018700046EA81468A0B089942EA81428F0C09990F
:1018800047EA8137880C089940EA813009997E40FF
:10189000CF050899424047EA5127C805099940EA0F
:1018A00051207040241882EA070245EB0205039A92
:1018B0000499120F42EA0112080F039940EA01103D
:1018C00004998E07039946EA91068F0704997040A0
:1018D00047EA91074E0603997A4046EAD1164F0629
:1018E000049947EAD11703997A4048EA0107049915
:1018F000704049EA0106059939400A91039908EABE
:101900000107049909EA01010B910A990F430B9908
:10191000D71906EA0C06019A46EA0106029940EB3D
:101920000606121941EB0500E119019145EB06018C
:1019300002914033AEA999420EF1400E7FF40AACF9
:10194000059BCDE9B83C069BBE93079BBF93089BC4
:10195000BC93099BBD93039BB493049BB593019BDC
:10196000B293029BB393CDE9C0AB0D9BCDE9B68991
:10197000CDE91076CDE90E45CDE9BA20B0AC03F142
:101980000802483352F8081F54F8085F5068666828
:10199000491940EB06009A42C2E90010F2D10EA8A4
:1019A0004FF4347100F07EF900200DF5437DBDE861
:1019B000F08F00BF2DE9FF4790F86132002B40F017
:1019C0009A8091F80FC0DFF834A100F590740CF004
:1019D0000F052F0104EB0515D5E902E6E7596D68FF
:1019E0004FEA1E180EF00F0E48EA0678360946EA4E
:1019F00007763AF81EE03F0947EA0577CDE9028607
:101A00002D0985EA0E450CF0F00CCDE90075644413
:101A10006D46E7582E6804337740102B45F8047B59
:101A2000F7D101F10F07DDE9028EDDE900544FEA3D
:101A3000181949EA0E7908F00F084FEA1E1E4EEAFF
:101A4000057E17F8013DCDE9029E2D093AF818E010
:101A500045EA0475240984EA0E444FEA131C03F096
:101A60000F03CDE90054EE46082500EB031303EB0A
:101A70000508DEF80040D8F81881043588EA040427
:101A8000182D4EF8044BF2D1DDE902E5DDE9004303
:101A90004FEA1E1848EA05780EF00F0E2D0945EAA8
:101AA0000475CDE9028524093AF81E5044EA03740E
:101AB0001B0983EA0543CDE900434FEA0C1C6C4641
:101AC00004230CEB030505442668D5F81C510433A8
:101AD0007540142B44F8045BF3D1B942A3D1009BA9
:101AE00001991BBA09BA116053600399029B09BAA4
:101AF0001BBA9160D36004B0BDE8F087207E03007C
:101B00002DE9F047054692B000680F46904610F068
:101B10002AF8064697B3B8F1000F0CBF4FF0010941
:101B20004FF00209294C002305F1100A99458DF860
:101B300004301BD92846FFF769FA0446B0B932468B
:101B400051462846FFF72AFA044678B9012201A92E
:101B50002846FFF723FA044640B9B9F1020F10D026
:101B600002A92846FFF728FA044698B102A84021A6
:101B700000F098F8204612B0BDE8F0874FF0010958
:101B8000D0E7424639462846FFF708FA04460028BF
:101B9000E6D0EBE7324602A92846FFF785F904466E
:101BA0000028E3D1324651462846FFF7F7F90446AC
:101BB0000028DBD151462846FFF7FEF904460028ED
:101BC000D4D19DF804300133DBB2AFE700AFFFFFA3
:101BD0002DE9F0411646012204460D461F46FFF747
:101BE0000BF8F0B9104B04F168001B6898472846C1
:101BF0000FF0B9FF04F11008024641462046FFF7F6
:101C000053F970B928460FF0AEFF01210246404655
:101C100013F0B4F93A4631462046BDE8F041FFF7EB
:101C20006FBFBDE8F08100BF300800202DE9F3410F
:101C30000F4B00F168081B68054640460E461746E4
:101C40009847044678B9034600903A4631462846FC
:101C500010F0A7FE074B04461B6840469847002833
:101C600018BF6FF01D04204602B0BDE8F08100BF30
:101C7000280800202408002010B5044678B1036825
:101C80001BB1074B68301B6898472046FEF776FF6C
:101C90007C21204600F006F842F21073E36510BD87
:101CA0002C08002010B50A46044619B1024B002149
:101CB0001B68984710BD00BF20080020F8B50D4EE6
:101CC0000D4C0E4D33680E48984767782B680C48CA
:101CD000984733680B489847022F08D12478E31FB0
:101CE0005C425C412B68074898472046F8BD0024B9
:101CF000F8E700BF280800204883002024080020BF
:101D0000DC060020E406002038B5074D074B2846C6
:101D10001B689847064B1C78064B04F001041B68AF
:101D200028469847204638BDE406002028080020B1
:101D300048830020240800200E4B0340B3F1607F4D
:101D400006D1B1F5885F14BF6FF0860000207047A0
:101D5000B3F1707F0BD101F4E043B3F5005F06D11E
:101D600011F4E06F0CBF6FF08600002070476FF039
:101D7000860070470000C07F8A42F8B506460C46D0
:101D800000F0DB806F4922F4FF7323F001038B42E4
:101D90000ED06D4B22F0FF01994209D06B4822F41E
:101DA0007F7323F00303834202D0694B994228D109
:101DB000684B24F0FF0199420FD114F0FF000BD0C3
:101DC000654B40F00070984240F0B98082EA040010
:101DD000FF288CBF00200120F8BD5B4B9942ECD05E
:101DE000A3F588539942E8D024F4FF7323F001034C
:101DF000B3F1062FE1D056488142DED053498B42E1
:101E0000DBD004F0FE43B3F1A06F14D102F0FE4327
:101E1000B3F1A06F40F0938082EA040333F47E13A1
:101E200040F08D8014F40040D6D0C4F30540C2F3D6
:101E300005429042CDE7B3F1407F6AD102F0FE4304
:101E4000B3F1407F7BD182EA040535F47E1576D16B
:101E500031462046FFF770FF002870D13F4B12F447
:101E60007C1703EA02031BD0B3F1607FC2F305477E
:101E70003FD13B49D3B243F000738B423DD003F1D5
:101E80007E43043B112B01D83649CD5C14F47C1FF2
:101E9000C4F3054333D1BD4214BF002001209BE7AA
:101EA000B3F1607F0DD12E49D3B243F000738B4262
:101EB0001DD003F17E43043B112BDAD82A49CF5CB5
:101EC000D7E7B3F1707FE1D106F4E043B3F5005FEB
:101ED00003D1C6F3022301279F4006F4E043B3F584
:101EE000005FD3D1C6F3022101258D40CEE7102734
:101EF000BFE7B3F1707FC9D1EFE71025C6E712F451
:101F00007C1F01D1AB4218D022047FF565AFBB42E4
:101F10005FE7B3F1106F12D124F01F6020F470203E
:101F200068B902F0FE43B3F1106F7FF455AF0F486C
:101F3000104040F01060A042AEE701204CE70020C6
:101F40004AE700BF00020006001300060004000676
:101F50000009000600030006FF0000020000C07F29
:101F600003000002FF980300FF9803000000FFF643
:101F70002DE9F843884617461C4600F0AFFB05469E
:101F800088BBD8F80060B6F8009009F4E043B3F5D8
:101F9000804FB36808BF27F0010737EA03031AD15F
:101FA0000CB3254B24F0FF029A421FD114F0FF031B
:101FB00004D0224A43F00073934232D0F1682246A3
:101FC0004846FFF7D9FE074668B9316922464846B8
:101FD000FFF7D2FE70BB6FF084050023C8F8003015
:101FE000304600F0ABFB2846BDE8F883144B9A421C
:101FF000DCD0A3F588539A42D8D024F4FF7323F0A1
:102000000103B3F1062FD1D00E498A42CED00E4A39
:102010009342CBD004F0FE43B3F1407F04D12304BC
:10202000CCD56FF08605D8E7B3F1A06FF7D0034B9E
:102030009C42C2E73D46D6E700030006FF000002CF
:1020400000130006000900060004000670B5114BDD
:1020500005461B6810480E469847044618B16FF0B5
:102060008F04204670BD6B6933602B7F012B04BF4A
:1020700002232B77094B18BF30601B68064818BF36
:102080006FF0960498470028EBD0002CE7D06FF053
:102090009604E6E728080020EC060020240800202B
:1020A0002DE9F341002313604668D0F814800546FB
:1020B0000F463046114610F064FE044688B930469B
:1020C00010F061FE044660B9F6B276B9B8F1000FBF
:1020D00005D1AB6823F47F4323F0030363B16FF0B2
:1020E0008604204602B0BDE8F0816869012110F045
:1020F00022FE0028EDD1F2E76A884FF6F8739A4283
:1021000024D8144B14481B68984710B16FF08F0403
:10211000E7E7394601A800F099FA104B04461B681E
:102120000D48984710B1002CDBD1EFE7002CD8D137
:102130000FCD3F683E460FC695E8070086E80700CA
:102140003B79002BCDD1019B7B61CAE76FF0850401
:10215000C7E700BF28080020EC0600202408002064
:1021600010B5044660B1074B07481B6898472046E6
:1021700010F060FD054B04481B68BDE8104018478F
:1021800010BD00BF28080020EC0600202408002015
:1021900037B50446C0B101A900F0A0FA044698B9C9
:1021A000194B1A481B681A4D9847F0B90198037FDC
:1021B000032B11D110F0D0FD2B680446134898472B
:1021C00028B10CB96FF08F04204603B030BD002C4D
:1021D00008BF6FF08704F7E7022B12D103230377C0
:1021E0000379FF2B08BF6FF08404019810F0B4FD51
:1021F0002B68002818BF0446044898470028E3D0FD
:10220000DFE76FF09604F0E728080020EC060020D6
:10221000240800202DE9F0411F4688B01646002210
:1022200003880796CDE90422054688463A60002EC9
:1022300062D0B6F1005F80F09E8023F0FF03B3F51B
:10224000E24F02D0B3F5824F22D1284610F01FFC96
:102250000446002840F08380EB686BB16A885AB16D
:102260002B8803F44F41B1F5824F05D1DBB2222B0D
:1022700037D02DD8122B39D0424608EB0601002367
:1022800012F8010B914243EA0003F9D1002B33D03D
:1022900005AA04A92846FFF703FF0446A0B9049B3A
:1022A0005B6A63B3049B5A88069206AA029203F102
:1022B000280201929A6A00925B6A32464146284699
:1022C00010F06EFD044678B30498FFF749FF46E02E
:1022D000273BDBB21B2BCFD8284921FA03F3DB07BE
:1022E000CAD50732B6EBD20FC6D205E040F20923B9
:1022F0009A42F6D1402EBFD86FF086042FE06B686B
:102300001B0A07D10799049810F059FC04460028CD
:10231000C8D0D9E707AB32464146284610F03BFD0E
:1023200004460028EED0CFE70499069B4A88D2B92C
:102330004B80069A04984FF6F8739A4218D82B8867
:1023400013B102889A4210D16B8813B142889A4225
:102350000BD13946FFF77AFE04460028B4D1204657
:1023600008B0BDE8F0819A42E3D06FF08604ABE795
:102370006FF08504A8E76FF08504F0E70102000C18
:1023800038B504460D46FFF799FC30B12A46214680
:102390000348BDE8384010F05FBD6FF0880038BDDD
:1023A0004C8300202DE9F04F92468FB001F0FE42A1
:1023B0009B46B2F1806F4FF00003DDE91879DDF83C
:1023C000688009930E4606D0184600F0B7F96FF002
:1023D0008605002472E00B464FF4807209A9FFF7CE
:1023E000C7FD0546099815B100F0A8F9F1E7038883
:1023F00003F4E042B2F5005F1DD113F4E06FC3F3C4
:10240000022118D0324C26F48072A2420AD004F580
:102410000074A64206D02F4CA64203D0A4F53F4438
:10242000A24208D101248C40102C0FD900F086F96B
:102430006FF08305CDE742F20402934202D1264BAE
:102440009E420AD0254B9E4211D10D24A14506D2B1
:1024500000F074F96FF08905BBE70C24F6E721461C
:102460000AA8FFF78DFF054610B10998BCE70024C4
:102470000998D0E909123FB33D19A9EB04030DF106
:102480002809CDE90453CDE902AB3346CDF81880D5
:102490000194CDF8009010F0ACFC0646099800F0CD
:1024A0004DF9054696B9002893D124B122464946F4
:1024B000384612F03BFDD8F800301C442846C8F8D6
:1024C00000400FB0BDE8F08F3D46D6E7354680E7C7
:1024D0000010C00400FF4004000180040013C00489
:1024E00070B51D4E1D4C33681D4898472378590719
:1024F00044BF23F00403237023789A0705D500F026
:102500008DF8237823F002032370164D14482B68AE
:102510009847336814489847637813B1134810F00C
:102520009EFC0023042111486370FFF7BBFB2B685E
:102530000D48984733680A4898472378DB0705D544
:1025400010F028FC237823F0010323702B68044843
:10255000BDE87040184700BF2808002048830020CD
:10256000E406002024080020DC0600204C83002024
:1025700038B5074C074B20461B689847064B93F825
:102580008055064B20461B689847284638BD00BF3B
:10259000E4060020280800205083002024080020A2
:1025A00000F1004220321F2A38B504460D460CD8EF
:1025B000194B2C2101FB02331A7F022A02D15A69DE
:1025C000824218D06FF08B001FE0012110F0B3FBA6
:1025D000E0B1114A00201346117F022902D151694E
:1025E000A14205D00130202802F12C02F4D1E9E704
:1025F0002C2202FB00331A7F022A0AD11A6A511CCC
:1026000007D001321A6200202B6038BD6FF08700BE
:10261000FBE76FF09600F8E7508300202DE9F041CA
:10262000094C202526464FF001080327C4F82080D6
:102630002777204610F0FEFA013D04F12C04F5D175
:1026400086F88055BDE8F08150830020F8B5064635
:102650000F46FFF78DFF002836D01E4B0024224680
:102660001D46197F09B33CB9022905D1196A19B968
:102670001979002918BF1C460132202A03F12C03C6
:10268000EFD114B96FF08C000BE0237F022B04D143
:10269000236A5A1C1CBF01332362204610F0CAFA79
:1026A00020B100233B6033600DE01C46207F70B9F1
:1026B00001232377084A631B9B10534303F1004314
:1026C000203B33603C60F8BD6FF08800E9E76FF0B5
:1026D0009600E6E750830020A38B2EBA38B500237E
:1026E0000B6005460C46FFF743FFE8B1104B11485D
:1026F0001B68984718B16FF08F04204638BD2146FB
:102700002846FFF74DFF0C4B10F18C0F04461B6859
:10271000084805D098470028EFD0002CEDD1EAE713
:1027200098476FF08704E8E76FF08804E5E700BF9B
:1027300028080020EC0600202408002010B50B4BD0
:1027400004461B680A48984718B16FF08F0420466A
:1027500010BD204610F000FB064B04461B680448E1
:1027600098470028F3D0002CF1D1EEE7280800208C
:10277000EC06002024080020704700BF704700BF0F
:1027800050B108B529B12022843012F0CFFB0020CF
:1027900008BD6FF0500008BD6FF05000704700BFDB
:1027A00070B110B582B041B10346009284330C225F
:1027B00006F070FE002002B010BD6FF05000FAE786
:1027C0006FF05000704700BF68B110B50C46194655
:1027D0000CB12AB123B1234606F074FF002010BDCE
:1027E0006FF0500010BD6FF050007047C8B1C1B11C
:1027F000C02A14D0B2F5807F04D0802A0DD06FF0AB
:102800001F0070470E2310B50024C0E90034D20821
:102810000830DFF719F8204610BD0A23F3E70C2330
:10282000F1E76FF020007047C8B1C1B1C02A14D0E1
:10283000B2F5807F04D0802A0DD06FF01F00704762
:102840000E2310B50024C0E90034D2080830DEF7AA
:10285000F9FD204610BD0A23F3E70C23F1E76FF0E2
:102860002000704710B5844644685CF8083B063B7E
:1028700010469B000CEB8402DEF792FE002010BD98
:1028800010B5844644685CF8083B063B10469B0044
:102890000CEB8402DEF784FC002010BD2DE9F04F24
:1028A000B1B0DDE93C6A3A9F002840D08846002953
:1028B0003DD09146002A3AD0002B38D0002F36D098
:1028C000002E34D00278032A2ED0042A34D0022AD3
:1028D00040F08A803B9A1B2A29D9EB4618461C22D5
:1028E000594611F007F8044610BB0CAD1C222946CE
:1028F0005046B0472B460446D0B95A46394618A828
:1029000006F090FF0028F1D11C2218A9404610F0D3
:10291000DBFF044660B91C221FA9484610F0D4FF13
:102920000446002834D003E03B9A1F2A32D82F4CAB
:10293000204631B0BDE8F08F3B9A2F2AF7D9EB46FD
:1029400018463022594610F0D5FF04460028EFD132
:102950000CAD302229465046B04704462B465A4615
:10296000394618A8002CE3D107F0E6F80028F0D18A
:10297000302218A9404610F0A7FF04460028D7D1FE
:10298000302224A9484610F09FFF04460028CFD1EA
:102990000024CDE7EB4618462022594610F0AAFF46
:1029A00004460028C4D10CAD202229465046B04729
:1029B00004462B465A46394618A8002CB8D106F0D2
:1029C000F5FF0028F0D1202218A9404610F07CFF26
:1029D00004460028ACD1202220A9484610F074FFFC
:1029E00004460028D4D0A3E7014CA1E780B0FFFF44
:1029F00080B1FFFFF0B5B1B0369CA8B30F4699B3D4
:102A00001D468BB384B3379971B30378032B29D058
:102A1000042B2CD0022B7BD11B2A25D96E462046B5
:102A20001C22314610F066FFF8B91C2237980DEBD6
:102A3000020110F05FFFC0B91C2218A9284610F04F
:102A400059FF90B91C2205F108001FA910F052FF90
:102A500058B918AA3946304606F02AFF002855D141
:102A6000002002E01F2A2BD82A4831B0F0BD2F2ABF
:102A7000FAD96E4620463022314610F03BFF00283E
:102A8000F3D1302237980DEB020110F033FF00280C
:102A9000EBD1302218A9284610F02CFF0028E4D1F1
:102AA000302205F1080024A910F024FF0028DCD111
:102AB00018AA3946304607F087F80028D0D025E01C
:102AC0006E4620462022314610F014FF0028CCD15B
:102AD000202237980DEB020110F00CFF0028C4D122
:102AE000202218A9284610F005FF0028BDD1202279
:102AF00005F1080020A910F0FDFE0028B5D118AAA4
:102B00003946304606F09AFF0028A9D00248ACE7C3
:102B10000248AAE780B0FFFF00B2FFFF80B1FFFFCD
:102B2000704700BF704700BF20B108B508F01AFE1B
:102B3000002008BD6FF07200704700BF38B121B1AE
:102B400008B508F031FE002008BD002AF8D06FF06B
:102B50007200704740B108B519B108F0ADFE002011
:102B600008BD6FF0720008BD6FF07200704700BFC3
:102B7000704700BF704700BF58B108B5C0F8CC100F
:102B800019B909F007F9002008BD09F00DFD002072
:102B900008BD6FF07300704770B159B108B5D0F837
:102BA000CC301BB909F01EF9002008BD09F024FD46
:102BB000002008BD002AF1D06FF07300704700BFFD
:102BC00060B159B108B5D0F8CC301BB909F0E2F9C1
:102BD000002008BD09F0E4FD002008BD6FF073007F
:102BE000704700BF704700BF704700BF30B102B1EF
:102BF00021B108B507F000FC002008BD6FF05600B9
:102C0000704700BF2DE9F043DFF840910088C9B05C
:102C10004B45DDE95085DDE95274DDE9546EDDF8A0
:102C200058C120D142F2040948451CD1202A40F065
:102C300086800C2D40F08380A645C0F08380002361
:102C4000CCF800402A46009302A80B46414606F005
:102C500021FC23463A46314602A806F033FD002007
:102C600049B0BDE8F083B0F5105F15D1A2F11009AD
:102C7000B9F1100F63D8364820FA09F0C0075ED5C5
:102C80003448834251D00AD8A0F58060834237D0BF
:102C900000F58070834216D06FF08500E0E72E4883
:102CA0008342F9D1102D4AD1A6454BD3434602A801
:102CB000CCF8004006F02CFB23463A46314602A8E9
:102CC00006F03AFBCBE7102D39D104F1100323F0C5
:102CD0000F039E4536D3CCF800300023009302A8A2
:102CE000434606F0CFF9314602A823463A4606F09D
:102CF000E9F924F00F01314402A806F0EBFAAEE73F
:102D0000102D1CD114F00F0319D1A6451AD3CCF8FD
:102D100000400093434602A806F0B4F923463A4621
:102D2000314602A806F0CEF999E704F00F032B43D1
:102D300005D1A64506D3CCF800400093EBE76FF031
:102D400086008DE76FF089008AE700BF00018004EC
:102D500001010100004440040010C0042DE9F047C7
:102D6000132A86B005460E46174664D901230393FD
:102D70000B78302B5FD104AB03AA3946304610F0F4
:102D80000BFA0446002858D1DDE90304B5F8289071
:102D900000EB040847F20104A14531D105AB0093D3
:102DA00031461346281D3A4610F01BFA0446002807
:102DB00043D1059B002B3ED1039BEB620023009384
:102DC0003A4603AB3146281D10F00BFA0446A0BB6F
:102DD00005F10A0A009503AB3A463146504610F019
:102DE00000FA044648BB47F201029145039B54D0C8
:102DF000039B43451FD1B845C5F834801DD01AE068
:102E0000345C302CDAD101300390304610F0C4F934
:102E1000044690B9049B0D2B0DD1039B4A49F01831
:102E200003F10D0410F801EB11F801CBE6451A4649
:102E300003F1010305D06FF08604204606B0BDE81B
:102E4000F087A342EED1F35C0232032B0392F2D15E
:102E500004AB03AA3946304610F09EF90446002818
:102E6000EBD1DDE9034020444045E4D116F804C02D
:102E7000601CBCF1000FDED1305C023430280394BA
:102E8000D9D1304610F088F904460028D5D1DDE9C3
:102E900003321344434591D0CDE7EA6A9B1A2B6372
:102EA0003A46009003AB3146504610F09AF900289C
:102EB00048D1B5F80890EB894B45BCD8009403ABDA
:102EC0003A463146504610F08CF900283AD1EB8949
:102ED000B9EB430FAFD1009403AB3A46314605F14D
:102EE000100010F07EF968BBAB8AB9EB430FA2D19A
:102EF000009403AB3A46314605F1160010F071F923
:102F000000BB6B8BB9EB430F95DB002300933A4674
:102F100003AB314605F11C0010F063F990B92B8C1E
:102F2000B9EB430F87DB009003AB3A46314605F11E
:102F3000220010F056F928B9EB8CB9EB430FBFF61D
:102F400057AF78E7044678E711990300014B1B68F7
:102F5000184700BF50080020014B5B68184700BFAE
:102F600050080020014B9B68184700BF5008002004
:102F7000014BDB68184700BF5008002010B50C4C0F
:102F8000236813B10B4B1B682BB900F0E1FE30B97D
:102F9000084B01221A6001232360002010BD013874
:102FA000062801D9044810BD044B53F8200010BD79
:102FB000D8880020D4880020FE8FFFFF20750300F2
:102FC000BFF34F8F0549064BCA6802F4E062134312
:102FD000CB60BFF34F8F00BFFDE700BF00ED00E007
:102FE0000400FA0510B4094B09490A4C4FF0FE32AF
:102FF000C3F800244968C3F80424C3F80824C3F8BC
:103000000C240023C4F8003510BC084700B002505F
:103010003408002000A00250D0E90012014BC3E99F
:1030200000127047340800202DE9F043134B144E72
:10303000002814BF04461C4683B02368B34219D04D
:103040000D4620464FF4E07104F10409174604F5DB
:103050008E7800F0E9F8484600F02AFD404600F07E
:1030600059FB084900972B464A46404600F068FB4A
:1030700008B92660002003B0BDE8F083DC8800209A
:10308000A5BCC95A393B020070B51D460C4B00283F
:1030900018BF03460B481E68864282B00DD1002639
:1030A00003F58E7000963346144600F095FB002819
:1030B00018BF34462C6002B070BD0348FBE700BF68
:1030C000DC880020A5BCC95AE88FFFFF10B5044674
:1030D00050B1636813F0685F05D0064A934202D08E
:1030E00000232360626010BD034B04485B6898476F
:1030F000EFE700BF2C5F5CA9340800203C7503009B
:10310000C8B143680D4A934213D013F0685F0ED0E4
:10311000012350E8002F194640E8001C9CF0000FE6
:10312000F7D1012AF5D0BFF35F8F00207047044824
:103130007047044870476FF4E04070472C5F5CA90B
:10314000E98FFFFFEA8FFFFF80B14368094A93428E
:103150000AD013F0685F05D0BFF35F8F00230360D0
:103160001846704704487047044870476FF4E040C1
:10317000704700BF2C5F5CA9E98FFFFFEA8FFFFF5C
:1031800010B5044620B1044B63600022226010BDDC
:103190000248FFF727FFF6E73A00003A647503009C
:1031A00070B5D0E90023174C174D6360D0E90230A9
:1031B000C4E9023022604868D1F800C0134BC3E96B
:1031C00000C0D5F81801D1F808C0C3F808C010F045
:1031D000685FD1F80CC00969C3F80CC0196110D040
:1031E0000B49C5F8BC110023C5E9453105F58A70C6
:1031F000C5F8B8319047236805F5DC70BDE870402C
:10320000184770BD50080020DC8800203C080020D2
:103210002C5F5CA938B131B1014400220346013072
:1032200081421A70FAD1704738B131B1014400229D
:103230000346013088421A70FAD17047F0B587B062
:10324000002966D01E46002B63D01446002A60D0A9
:10325000314F0D4638684FF0FF3100F087FE0028EF
:103260004DD1002000F0B2FE002844D12B4800F0E0
:10327000E9FC0346D8B101204FF0FF3500F0A6FE6F
:10328000002834D126484FF40871FFF7C3FF2548C2
:103290000421FFF7BFFF21482821FFF7BBFF386853
:1032A00000F06CFE00282ED1284607B0F0BD1C4A65
:1032B000029205AA019204AA0390009217491948A4
:1032C0001A4601F085F903460028D4D128461D4648
:1032D000059B04999C42224628BF1A463260083159
:1032E00000F028FE012000F071FE0028CAD00E4830
:1032F000FFF778FEC6E70D48FFF774FEB6E70C4807
:10330000FFF770FEADE70B48FFF76CFE284607B0ED
:10331000F0BD4FF0FF35C7E784080020B08A0020D9
:10332000D88A0020AC8A0020C0750300A075030075
:1033300088750300E07503002DE9F04FB2F5C07FFA
:10334000B5B000F2D780DFF8B49114460D464FF4C3
:10335000D07200210DF15C080746484611F00EFEC0
:10336000404601F04FF9002309F11806A9F8103082
:1033700063BA29462246A9F812303046202389F83C
:10338000173011F0D3FD5E4B079303F10433802215
:10339000089303F104330993325503F1043307A969
:1033A00040460A9301F044F9824600287FD104F197
:1033B00019030BAE0FAC0293039701960494019886
:1033C000DFF840B11022002111F0D8FDDDF808A08F
:1033D00005940E9B5BF8044C5BF80C7C0B995BF836
:1033E000100C5BF8085CDDE90C625C40019B7E40E0
:1033F000554081EA00071A4601214046CDE90B7687
:10340000CDE90D5401F02EF9BAF1100F94BFAAEBDB
:103410000A0AAAF1100A0BF1100B002865D1BAF1C3
:10342000000FD6D1059C01992046102211F07EFD97
:1034300099F8033010340133A04589F80330BED128
:10344000049C039F019E80222146404601F0F0F833
:10345000824670BB07F120093D4613AB1A46012195
:10346000404601F0FFF81022824613A92846154471
:10347000BAF1000F1DD111F059FD4D45EDD1404677
:1034800001F0D0F81D484FF4D071FFF7CDFE204673
:103490002021FFF7C9FE07A81021FFF7C5FE30461F
:1034A0001021FFF7C1FE504635B0BDE8F08F0FACDC
:1034B0000BAE404601F0B6F810484FF4D071FFF75C
:1034C000B3FE20462021FFF7AFFE07A81021FFF72B
:1034D000ABFE10213046FFF7A7FE20213846FFF74C
:1034E000A3FE504635B0BDE8F08F039F019E049CBB
:1034F0008246DEE76FF0370AF3E700BFF88C002062
:1035000000010203088D00202DE9F04188B0044637
:103510000D4620220021684611F030FD04F12006FE
:103520006F46E27B0132D2B2E273002A4DD1A27B18
:103530000132D2B2A273002A47D1637B0133DBB2DE
:103540006373002B41D1237B0133DBB22373002B48
:103550003BD1E37A0133DBB2E372002B35D1A37A9E
:103560000133DBB2A372002B2FD1637A0133DBB2BC
:10357000637253BB237A0133DBB223722BBBE37933
:103580000133DBB2E37103BBA3790133DBB2A37177
:10359000DBB963790133DBB26371B3B923790133EA
:1035A000DBB223718BB9E3780133DBB2E37063B92B
:1035B000A3780133DBB2A3703BB963780133DBB28C
:1035C000637013B92378013323703B4622460121EF
:1035D000304601F047F8804650BB103708AB9F4299
:1035E0009FD1029AAB68039F0799534002933046DC
:1035F000EE68009B7E400396049F2E697E400496F1
:103600006E69059F7E400596069FAE697E400696D0
:10361000EE697140079129684B40009301996B68EE
:1036200080224B406946019301F002F8804638B190
:1036300068462021FFF7F8FD404608B0BDE8F0815C
:1036400010220DEB0201204611F070FCF0E700BFE4
:103650002DE9F84304468069B0F5C07F52D81D4675
:10366000C0F5C073AB424DD3C5F5C0731B1A93426E
:10367000164647D3DFF898904FF4C0720F4648467D
:10368000002111F07BFCD4F89430A269D4F89800A2
:1036900049469847002838D1D4F818803DB1D4E97C
:1036A00025302A4609EB0801984770BBA84407B1AA
:1036B000C6B9174942460846FFF73EFE054638B1EF
:1036C00013484FF4C071FFF7AFFD2846BDE8F883FB
:1036D0000F492046FFF718FF05460028F0D10123C7
:1036E0002361EDE709EB08003946324611F01EFC74
:1036F0000749B04442460846FFF71EFE054600282B
:10370000DED1E5E76FF03705DFE76FF03305DCE783
:10371000988E002010B5A4220446002111F02EFC42
:10372000064B4FF0FF314FF6F0722161E26104F178
:103730009C001B68BDE81040184700BF30080020FF
:103740002DE9F04385B005460F46164600211022AC
:103750006846994611F012FC1D4B05F19C081B6848
:103760004046984720B10446204605B0BDE8F083A6
:1037700005F12004204600F045FFAA69C5E9257639
:103780002E69E2B92022002EAA611FDB204669467D
:10379000802200F04DFF044630B90C9A334649466A
:1037A0002846FFF755FF04460A4B40461B689847DA
:1037B000002818BF0446204605B0BDE8F083002E5F
:1037C000E4DA172A02D801325608DFE70026DDE7DF
:1037D00028080020240800202DE9F04F8DB0B2F514
:1037E000806F169F00F2E380B7F5807F00F2DC80E7
:1037F000044615460E462022002104A8984611F0E2
:10380000BDFB6C4B04F19C091B68484698478346F6
:10381000002840F092802269E3699A4200F3918087
:103820006369002B40F08D80002F40F0A980DFF805
:1038300088A16F46002D00F0988004F120086F46A3
:103840000EE0102DAB4628BF4FF0100B30465A4605
:10385000394611F06BFBB5EB0B055E4400F085803B
:10386000E37B0133DBB2E373002B4DD1A37B013348
:10387000DBB2A373002B47D1637B0133DBB26373ED
:10388000002B41D1237B0133DBB22373002B3BD1CF
:10389000E37A0133DBB2E372002B35D1A37A013333
:1038A000DBB2A372002B2FD1637A0133DBB26372D8
:1038B00053BB237A0133DBB223722BBBE379013391
:1038C000DBB2E37103BBA3790133DBB2A371DBB9D4
:1038D00063790133DBB26371B3B923790133DBB2AE
:1038E00023718BB9E3780133DBB2E37063B9A3785A
:1038F0000133DBB2A3703BB963780133DBB2637091
:1039000013B92378013323703B46224601214046F8
:1039100000F0A8FE8346002893D0DAF8003048462D
:1039200098472021034604A8002B18BF9B46FFF7A9
:103930007BFC10213846FFF777FC58460DB0BDE8F8
:10394000F08F3A46414600232046FFF781FEDFF81C
:1039500068A000283FF46DAFDAF800304846984779
:10396000834600283FF465AFE7E704A92046FFF748
:10397000CBFD83460028D0D1236901332361CCE7F6
:103980003A46414604A8FFF7D7FC834618B1DFF852
:1039900028A06F46C1E704A92046FFF7B5FD83467E
:1039A00000283FF444AFF2E76FF0370BC5E76FF044
:1039B000350BC2E728080020240800202DE9F04339
:1039C000202B8BB01D4606468846914626D8DBB292
:1039D00002AF8DF80480B0468DF8053058F8041B0E
:1039E00021B9404600F082FE044640B9012333600D
:1039F000022201A9404600F08DFE044638B1384647
:103A00002021FFF711FC20460BB0BDE8F0832A46C9
:103A10004946404600F07EFE0446F0E702AF1946F4
:103A2000104600233A4600F0FBFF04460028E6D18A
:103A30002023B9461D46CCE7F0B5D0F8F830A7B042
:103A4000002BD8BF02AE2CDDD0F80C410546002378
:103A500002AE0193A4F10107D0F80001D5F8FC40B3
:103A600001AB90223146A047B7FA87F77F09044699
:103A700010B9019B3BB9A7B130469021FFF7D4FBA9
:103A8000204627B0F0BD014632462846FFF796FF94
:103A900050B9D5F80431019A1344C5F80431002F08
:103AA000EAD16FF03C04E7E70446204627B0F0BDBA
:103AB00070B50025044604F5887614222946C0F81E
:103AC000F850FC3011F05AFA08222946304611F01D
:103AD00055FA154B30461B689847204640F8045B62
:103AE00000F0EAFD114B30461B689847D8B9D4F86E
:103AF000F830AB4211DC03EB830204EB820220219D
:103B0000C2F808110121C2F80C1101330849C2F8AA
:103B10000001C2F8FC10C4F8F830064B30461B68B0
:103B2000BDE87040184770BD30080020280800200C
:103B30003D320200240800202DE9F047202A88B0F9
:103B400079D83E4B00F588791B68044648461746ED
:103B5000884698470546F8B9D4F8F83040F201167F
:103B6000002B64D02046FFF767FF054638B9D4F82C
:103B7000F830002B14DC013EF2D16FF03B056E46AD
:103B800020213046FFF750FB2D4B48461B689847D5
:103B9000002818BF6FF01D05284608B0BDE8F08763
:103BA000D4E94132934203D3D4F80C21012A02D044
:103BB000013ED7D1E1E71F2BFAD96E4601462022FC
:103BC000304604F1040A11F0D9F93146504600F0AC
:103BD000CBFD05460028D3D1504600F081FD50466C
:103BE00000F06AFD2946504600F080FD0546002899
:103BF000C6D150462022314600F08CFD05460028F3
:103C0000BED1034632462021304600F009FF05466A
:103C10000028B5D1D4F8F830002BC4BF0023C4F875
:103C200004313A464046314611F080F9A8E76FF07A
:103C30003F056E46A4E76FF03B05ADE7280800207E
:103C40002408002030B583B01C2301A90546019348
:103C500000F0FEF9044638B9019B1C2B07D0144C28
:103C60001C21284600F06AF9204603B030BDD5E992
:103C70000112131E18BF012300392A6818BF012141
:103C80009B0043EA4103002A18BF43F00103EA689E
:103C90000120E8612AB9C5E90834002BE4D1054CBC
:103CA000DEE743F008032046C5E9083403B030BD21
:103CB000370CF0000E0CF00030B58DB0002128223A
:103CC00002A8019111F05AF902A8FFF7BBFF0446C0
:103CD00010B120460DB030BD174D4FF0FF312868B0
:103CE00000F044F9044620B11448FFF77BF9012C99
:103CF00018D0002000F06AF9D0B9114A02A901A831
:103D000000F072FC0446012000F060F960B92868F8
:103D100000F034F90028DCD00A48FFF763F92046A8
:103D20000DB030BD0524F2E70748FFF75BF9EEE779
:103D30000648FFF757F9E0E784080020887503007C
:103D400018900020F8750300C0750300A0750300EB
:103D500030B583B000F05CF828B100F0ABF8032474
:103D6000204603B030BD00F077F8D8B900F02EF946
:103D7000E0B9224CD4F828391B0EF02B0AD1D4F824
:103D8000242A1F4B9A4231D000F044F8072400F057
:103D900091F8E5E700F03EF800F08CF806242046A4
:103DA00003B030BD0424204603B030BD00F032F82B
:103DB00000F080F8FFF780FF044698B9114D2B689A
:103DC000002BCDD102460146FFF72EF950B90E491E
:103DD00001AB6822FFF758F920B90C4B2B60204645
:103DE00003B030BD0524204603B030BD012000F0F3
:103DF000EDF80028DAD1C4F80C0ADBE700B0025075
:103E00000000E020389200203C9200205AEA5A5AE2
:103E10000020704700207047430504D5044B4FF045
:103E2000FF32C3F80821024BC3F8080A704700BFED
:103E300000B00250014BC3F8040A704700B00250B2
:103E400008B100F06BB84FF47500704708B100F08E
:103E50004FB84FF47500704710B5114800F072F874
:103E600000B110BD0F4800F06DF80028F9D10E4CDC
:103E7000204600F067F80028F3D10C4B0C481C607A
:103E800000F060F801460028EBD100F02DF8044660
:103E900008B1204610BD00F07BF82046FAE700BFCD
:103EA00094080020900800208C080020840800203E
:103EB0008808002008B5084800F04EF8074800F0D0
:103EC0004BF8074800F048F8064800F045F8BDE810
:103ED000084000F00BB800BF9408002090080020B4
:103EE0008C0800208808002000207047704700BF21
:103EF00010B4094C0246D4F8003A1342FBD021B169
:103F0000D4F804310B60C4F80831034BC3F8082A15
:103F1000002010BC704700BF00B00250044AD2F825
:103F2000003A1842FBD0C2F8080A0020704700BFD0
:103F300000B0025011F008B811F020B80A46002174
:103F400011F01CB808B5034B02681B68106898474D
:103F5000002008BD5008002008B5034B02685B68CC
:103F600010689847002008BD50080020024B0268E6
:103F70009B681068184700BF5008002008B5034B25
:103F80000268DB6810689847002008BD50080020D0
:103F900070B5094C094D2069AB68984718B1084BBA
:103FA00008485B689847084AEB682069002111605F
:103FB000BDE87040184700BF3C08002050080020B2
:103FC0003408002010760300A4920020F8B51A4DA2
:103FD0001A4E0446B26828699047E8B9184F3B6802
:103FE0004CB1A3B1012B19D0013B3B602869F368A8
:103FF00098470020F8BD43B9124A0121C2F80015C4
:104000001149D1F81029002AFBD101333B60F36834
:10401000286998470020F8BD0C48F8BD0A4AD2F834
:104020001039002BFBD1074A6FF07E40C2F80035F3
:10403000FFF700FF3B68D7E73C080020500800204E
:10404000A492002000A0025000B00250E98FFFFFB0
:1040500018B111B10B681C2B01D0012070474FF033
:104060008053D3F8102C013214BFD3F8102C41F236
:104070005C224FF080530260D3F8142C013214BF3D
:10408000D3F8142C41F664124FF080534260D3F8F9
:10409000182C013214BFD3F8182C40F6D8624FF018
:1040A00080538260D3F81C2C013214BFD3F81C2C2F
:1040B00041F288324FF08053C260D3F8002C0132B5
:1040C00014BFD3F8002C90224FF080530261D3F834
:1040D000042C013214BFD3F8042C51224FF080532A
:1040E0004261D3F8082C013214BFD3F8083C40F2E7
:1040F00037338361002070472DE9F047002878D0DE
:104100000C46002975D01D46002B72D007461AB107
:10411000012200232A6003602B68002B64D029460B
:10412000204600F0CFFC804600285FD12868214659
:1041300000F0AEFC8046002858D12B68082B6CD0CC
:10414000042B6DD0A3F10209B9FA89F94FEA591984
:10415000354E0121C6F8C411C6F84011C6F8C41185
:10416000636AC6F83031D6F830219342F6D14FF069
:10417000000A4FF0FF30C6F82CA1FFF74DFE6FF09C
:104180001B03C6F800315046FFF754FEC6F80C91E9
:10419000D6F8040A40F48060FFF74CFE0A23C6F804
:1041A0003831089B012B29D02369204AA2FB032325
:1041B0001B09626A02FB03F303EB43031A4ADB03A6
:1041C0009B09C2F8D8310123C2F82C313B682A6818
:1041D00023F07F4343EA02633B602A6843EA0223F9
:1041E0003B604046BDE8F087DFF844804046BDE8CC
:1041F000F087DFF840804046BDE8F0874FF08053FD
:10420000D3F80C2C013206D0D3F80C3C074AA2FBA1
:1042100003231B09CDE71623CBE74FF0030997E7EC
:104220004FF0020994E700BF00B00250ABAAAAAA5F
:10423000310CF100350CF10050B34B1EB3F5047F87
:1042400026D24FF0000C30B5CD00E6466446630937
:1042500004F01F0150F823301F2923FA01F306D080
:1042600003F001031CB901249E46A446EFE79E45D6
:1042700004F1010406D09E464FF0010CAC42E6D199
:10428000002030BD0CF1010C9445F7D1014830BD40
:1042900000487047360CF100C8B32DE9F0434C1EBE
:1042A000B4F5047F1CD2DBB1D2B14FF0000ECF00C9
:1042B0007646F046754603F1FF396C0905F01F019B
:1042C00050F824401F2924FA01FC0CD00CF0010CFA
:1042D0004DB90126E0463546B646EEE7964218D976
:1042E0000D48BDE8F08373450CD0C44508BF0136C6
:1042F000F145F3D00EF1010E0135BD42DDD10020B4
:10430000BDE8F0834FF0010EE0467646F4E7024840
:1043100070479E46F0E700BF370CF1002DE9F04FE3
:1043200091B00D46DDE91B41824600296ED1286916
:1043300006901A981C6000230360002A00F02E816A
:104340009C4B6A6AD3F83811D3F830319A4269D15C
:104350000A2967D19AF80330089304F108030699F3
:104360000793954B934CA3FB01239B0803EB43035B
:10437000A1EB43030393042305931A9B069E1E603F
:10438000002E00F0E980002700F0ACFB0997BAF19D
:10439000000F00F0D580DDF81C804FF00109002DE2
:1043A00000F0CE80089B002B3ED008A9284600F0E4
:1043B00089FB00283AD0814B984220D0089B082BDB
:1043C00000F0E4805B0000220893009208AB2946CD
:1043D0005046FFF791FE7A4B984200F0D38070B9B7
:1043E000DAF80020130A03F47F03134323F07F431A
:1043F000CAF80030059B013B0593BED10020039015
:1044000000F070FB039811B0BDE8F08F4FF08050C2
:10441000D0F80C6C013614BFD0F80C0C4FF40470BB
:10442000069086E76748EAE76548C4E708982946A2
:1044300000F02EFB0028BED1089B082B00F0A880BE
:10444000042B00F0A880A3F10203B3FA83F35B0905
:104450000493C4F8C491C4F84091C4F8C4916B6A41
:10446000C4F83031D4F830219342F6D14FF0000B2C
:10447000C4F82CB14FF0FF30FFF7CEFC6FF01B03F8
:104480005846C4F80031FFF7D5FC049BC4F80C3142
:10449000D4F8040A40F48060FFF7CCFC0A23C4F887
:1044A00038312B69ABF1553BABFB03236A6A1B091F
:1044B00002FB03F303EB4303DB039B09C4F8D8318E
:1044C000C4F82C91DAF80030089923F07F420B02EF
:1044D00043EA01631343CAF8003009A800F0C8FAA0
:1044E000099B03F01A0303437FF468AFABFB063B61
:1044F000D4F814310A93D4F818310B93D4F81C3142
:104500000C93D4F820310D93D4F824310E93D4F8C1
:1045100028310F93B7EB9B0F01D1039B93B9404612
:1045200018220AA9183EFFF705FD08F118080137FF
:1045300096B100F0D7FA00230993002D7FF432AF33
:10454000214838E74046F61A1A460AA99844013726
:10455000FFF7F0FC002EECD1069F079E6A693946F2
:104560003046FFF769FEAA6940B94FF480633946C7
:104570003046FFF791FE00283FF440AF1A9A00231F
:10458000136018E72B6A002B3FF439AF0F4836E76A
:10459000032304935DE7022304935AE7009108ABD9
:1045A000012229465046FFF7A7FD00283FF4D5AE6B
:1045B00025E700BF00B00250ABAAAAAA020CF10086
:1045C000310CF100300CF100350CF100320CF1002F
:1045D00010B4DDE901340194039C02940024039497
:1045E00010BCFFF79BBE00BF10B586B005AB012421
:1045F000CDE901240093002204ABFFF78FFE06B043
:1046000010BD00BF10B5044630B100220123626521
:10461000A265E365236610BD0148FEF7E3FCF4E7FD
:104620003076030018B174220021FFF785BC704773
:1046300090B1A1B110B5802A4FF00004846380F8D6
:104640003C4006D1102204631044FFF773FC20465F
:1046500010BD6FF01F0010BD6FF0210070476FF0AC
:104660001F00704728B322B31BB3012921D870B5AE
:104670000446816B86B017D0012917D1102500217F
:104680000DEB0506616310460095019602AA2946C6
:1046900000F034FA50B92B46324602A9204600F009
:1046A000B5FC18B906B070BD0029E7D06FF0210045
:1046B000F8E76FF02100704710B5044628B1204696
:1046C000F421BDE81040FFF739BC0448FEF78AFC2E
:1046D0002046F421BDE81040FFF730BC44760300CB
:1046E00010B1F421FEF796BD704700BF08B521B1A7
:1046F000012908D06FF0360008BD012100F058F8FC
:104700000028F7D108BD022100F052F80028F9D0A6
:10471000F0E700BF30B505468818B0F5801FA1B09E
:104720000B46144601D8802A0CD9B3F5801F17D93F
:1047300022461946284600F07DF8044684B92046F2
:1047400021B030BD6846FFF7F5FB22466946284692
:1047500000F070F8802104466846FFF7EFFBEDE7B4
:104760006FF03604EBE700BF70B5E8B10E46D9B183
:10477000044600F031F80546B0B92368012B0BD090
:10478000022B01D0284670BD1C2204F108013046DE
:10479000FFF7D0FB284670BD202204F10801304607
:1047A000FFF7C8FB284670BD6FF03605EAE700BF8B
:1047B00078B138B504460D46F021FFF7BFFB402322
:1047C0002560E365204600F0CDF9003818BF0120D0
:1047D00038BD0120704700BF70B5056EA4B0044617
:1047E00004AEE5B90122002362603046CDE9003312
:1047F00002AA294600F082F910B1012024B070BD50
:104800002A4602A9204600F0D5F90028F5D1204615
:1048100000F0E6FA0028F0D1206624B070BD802DAB
:104820002A4600F1640128BF80223046FFF782FB50
:10483000256ED7E7002800F0AE802DE9F04F144632
:10484000A5B0002A3DD00F46002949D0B2F5803FDF
:104850000546006E20D34FF6FF7805F1640AEB6D34
:104860001A1AB2FBF3F103FB1122002A65D183422D
:10487000B9464FF6FF7672D0B6FBF3FB03FB0BFB9A
:10488000BBF1000F30D1002E45D1A4F57F44FF3C91
:10489000B4F5803F4744E2D2EA6D161AB6FBF2F354
:1048A00002FB1366A64228BF2646002E75D182421F
:1048B00000F08D80B4FBF2F602FB06F62EB9002C58
:1048C00079D1002025B0BDE8F08F0023CDE9003379
:1048D00002AA3146384600F011F9002800F0958010
:1048E000012025B0BDE8F08F0023CDE9003302AAF6
:1048F0005946484600F002F90028F1D102A95A466B
:10490000284600F057F90028EAD1A6EB0B06286EDE
:10491000D944002EB9D01930494605EB8000324603
:10492000FFF708FBA4F57F44286EFF3C3044B4F544
:10493000803F4744286692D2AEE7424528BF4246B0
:10494000504439461646FFF7F5FA286EEB6D3044B1
:10495000834207EB06092866A8EB06068CD1802B5C
:1049600028BF80231A46514604A8FFF7E3FA002324
:10497000CDE9003302AAE96D04A800F0BFF80028D1
:10498000AED1EA6D02A9284600F014F90028A7D19B
:10499000EB6D286670E70120704705F16403394626
:1049A00032461844FFF7C6FA286EEA6D3044A41B5D
:1049B000374428667BE72B6E193305EB83002246CC
:1049C0003946FFF7B7FA2B6E23442B6679E7802A26
:1049D00028BF802205F1640104A8FFF7ABFA002389
:1049E000CDE9003304A8E96D02AA00F087F8002899
:1049F0007FF476AFEA6D02A9284600F0DBF80028C4
:104A00007FF46EAFEA6D286654E702A93246284665
:104A100000F0D0F800287FF463AF3744A41B4EE7C2
:104A2000F8B51C46054611480E461746FFF744FEEA
:104A300021460E48FFF75AFE044620B10B48FFF707
:104A40004FFE2046F8BD094832462946FFF762FE70
:104A500004460028F2D139460448FFF785FE044693
:104A60000248FFF73DFE2046F8BD00BFA892002097
:104A700008B501464FF48060FFF7E8F9034B0022C8
:104A8000C3F8C821C3F82C2108BD00BF00B00250F4
:104A90000138072805D8DFE800F0100E040A0404E6
:104AA000040607487047CB684B62002070478B684C
:104AB0004B62002070474B68F6E70B68F4E700BFD5
:104AC000310CF1000B6802E0082B0B6006D8026A7B
:104AD00013424FEA4303F7D0002070470048704765
:104AE000310CF100044B0022C3F82C214FF48060FC
:104AF000C3F8C421FFF790B900B00250F0B583B0FD
:104B00001D46B0F1005F4FF000038DF8073024D34D
:104B10008C468444BCF1804F04461ED817460DF1E4
:104B20000703012200F064FE0646B0B9099A9DF819
:104B300007303C603B7192B14DB1024608990DF1CE
:104B40000703284600F054FE38B99DF80730099A4B
:104B500030461560137103B0F0BD4FF47506304652
:104B600003B0F0BDD8B108B50368012B04D0022B07
:104B70000FD043B10B4808BD0B4920220830FFF786
:104B8000D9F9002008BD094914220830FFF7D2F9ED
:104B9000F7E7074920220830FFF7CCF9F1E74FF497
:104BA000730070470100F30054760300947603000D
:104BB000747603002DE9F843002900F0F9800446DB
:104BC000002800F0F980036890460F46002B00F0A3
:104BD000C380013B012B00F2D78079484FF0FF31B1
:104BE0004FF00209FFF7C2F9002840F0BF80002013
:104BF000FFF7ECF90646002840F0C280714AD2F86F
:104C00001C39002BFBD16F4DD5F8203C002BFBD17C
:104C10004FF0FF30FFF700F9D5F8040A20F040000C
:104C2000FFF708F901230722C5F81838C5F800294D
:104C3000C5F8C437A36CC5F8CC37E36CC5F8D037DA
:104C4000C5F8C09723685BB1013B012B18D8636A94
:104C5000C5F85C36236AC5F85836E369C5F854369A
:104C6000584BA269C3F850266269C3F84C262269E2
:104C7000C3F84826E268C3F84426A268C3F8402671
:104C8000504AD2F81039002BFBD1B8F1000F5FD099
:104C90006368012B08BFC2F884364A4B3A68C3F8F0
:104CA000282C4020C3F82C8CFFF7CAF80646454A4A
:104CB000D2F81039002BFBD1424AD2F8203C002B0D
:104CC000FBD123685BB1013B012B18D8D2F85C36CD
:104CD0006362D2F858362362D2F85436E361394B16
:104CE000D3F85026A261D3F84C266261D3F8482647
:104CF0002261D3F84426E260D3F84036A360314AFB
:104D0000D2F8CC17A164D2F8D017E16400230121B6
:104D1000C2F8C417C2F88436C2F8C837D2F81039BE
:104D2000002BFBD1C2F81838002E3BD1254BD3F80D
:104D3000040A40F04000FFF77DF80120FFF746F934
:104D400060BB1F48FFF71AF910BB3046BDE8F88377
:104D50000423C2F8C837AAE719484FF0FF314FF0D3
:104D60000109FFF703F900283FF441AF1648FEF7A9
:104D700039F90020FFF72AF9064600283FF43EAF34
:104D80001248FEF72FF939E7114E3046BDE8F88397
:104D90001048FEF727F93046BDE8F8830E48FEF7C5
:104DA00021F9CEE7102104F10800FFF7C7F8BDE7AD
:104DB0000A4E3046BDE8F8834FF47306C5E700BFDE
:104DC0009408002000B0025088750300A07503000D
:104DD0000100F300F8750300C07503000300F30041
:104DE00098B370B4D0E90241D0E9042326BA0DBAD1
:104DF00014BA19BAD0E9062312BAC0E90441826193
:104E0000D0E90842C0E902651BBA25BAC0E90735F6
:104E100014BAD0E90B23816A12BA09BAC0E9094170
:104E2000C262D0E90D421BBA25BAC0E90C3514BAEA
:104E3000D0E91023C16B12BA09BA1BBAC0E90E41FE
:104E4000C0E91023002070BC70474FF47300704716
:104E5000002847D090F83C30002B34D0032B10B5FD
:104E600013D02248224C2268224B1268C3F8002437
:104E700022685268C3F8042422689268C3F80824A0
:104E80002268D268C3F80C2410BD016B006C184C6A
:104E900000F0A8FB0028E6D12268164B1268C3F880
:104EA000002422685268C3F8042422689268C3F878
:104EB00008242268D268C3F80C2400F0A1FB002863
:104EC000D1D1002010BD0B4B0269C3F80024426908
:104ED000C3F804248269C3F80824C269C3F80C2407
:104EE000002070474FF47100704700BF0900F100C7
:104EF0008008002000B00250374A38B50446D2F886
:104F00001039002BFBD1344AD2F87034002BFBD17E
:104F1000314AD2F8203D002BFBD12F4AD2F8203C59
:104F2000002BFBD12C4AD2F8383D002BFBD12A4D67
:104F3000D5F8383C002BFBD14FF0FF30FEF76CFF6B
:104F4000636BD5F8040A23F00403032BE36D39D017
:104F5000012B0CBF20F0800020F02000FEF76AFF3C
:104F60001D4A0123C2F80039D2F81039002BFBD1B9
:104F7000194AD2F87034002BFBD11749C2F8BC345F
:104F8000D1F81039002BFBD1134AD2F87034002B22
:104F9000FBD1626B22F00401032918BFA36B0E49F9
:104FA0004FEA820218BF03F0010302F01C021A4309
:104FB000C1F8C024636B072B04BF0123C1F87C3404
:104FC000002038BD012B0CBF20F0400020F0100065
:104FD000FEF730FFC4E700BF00B00250094A0A4B99
:104FE00011680968C3F8001411684968C3F804140B
:104FF00011688968C3F808141268D268C3F80C24D1
:10500000704700BF8008002000B002502DE9F04F2B
:1050100085B0002900F0EC809046002A00F0E8807E
:105020000546002800F029819946C36D0E46002BE5
:1050300052D1B9F5805F54D295F83C30042B00F082
:10504000FF800027AD484FF0FF31FEF78FFF0028AB
:1050500040F0D5800020FEF7B9FF002840F0D8804E
:10506000A7480123C0F81038D0F81049002CFBD114
:105070006B6B032B3ADC002B3BDAA24CA04AD2F834
:105080001039002BFBD1002F40F0D1806B6BEA6D03
:1050900023F00403032B9A4BD3F8040A00F09F80FB
:1050A000012A0CBF40F0800040F02000FEF7C2FE55
:1050B000934B0022C3F810280120FEF787FF002839
:1050C00040F0B1808D48FEF759FF002840F0A480E1
:1050D000204605B0BDE8F08F012BADD1B9F5803F7A
:1050E000AAD3894C204605B0BDE8F08F063B012BC2
:1050F000C3D8AB6B012B00F2BE80EB6D012B7CD8CB
:105100002B6E012B00F2E8802846FFF7F5FE0446DF
:105110000028B3D12846FFF79BFE04460028ADD1F6
:105120006B6B072BA9D801229A4012F08A0F40F02E
:10513000D58012F0440F40F0BA80D2079DD523F0FD
:105140000403032B32680DD02B6ED8F80010012B0E
:105150006B4B0BBFC3F8281DC3F8301DC3F82C9D43
:10516000C3F8349DEB6D012B654B0BBFC3F8282CA6
:10517000C3F8302CC3F82C9CC3F8349C6B6B23F021
:105180000403032B00F0A2802B6E012B14BF202000
:105190008020FEF755FE044600287FF46FAF584B81
:1051A000D3F81049002CFBD1696B072914D80122D0
:1051B0008A4012F08A0F40F0BB8012F0440F0BD0EF
:1051C000D3F860242A60D3F864246A60D3F8682492
:1051D000AA60D3F86C34EB600123AB654EE7012A7B
:1051E0000CBF40F0400040F01000FEF723FE5FE7E8
:1051F000464C204605B0BDE8F08F454C3EE745489B
:10520000FDF7F0FE0020FEF7E1FE00283FF428AF96
:105210004148FDF7E7FE23E74048FDF7E3FE20465F
:1052200005B0BDE8F08F3E48FDF7DCFE4AE70423F9
:1052300085F83C30202105F11000FEF77FFE25E7C0
:10524000296B286C00F0C0F998B9364F2C4C3B689C
:105250001B68C4F800343B685B68C4F804343B68DE
:105260009B68C4F808343B68DB68C4F80C34296BCD
:1052700031B10127E6E62C4C00E74FF4710427E733
:105280002B6D0193EB6C009305F1100A4FF0100B9E
:10529000CDF808A0CDF80CB0D5E91123286C00F0AA
:1052A000B9F9002851D1002385F83C30E1E7144BCF
:1052B0002A68C3F860246A68C3F86424AA68C3F83B
:1052C0006824EA68C3F86C246B6B38E7EB6D012B3C
:1052D00014BF102040205CE7144CCFE6084B2A682E
:1052E000C3F840246A68C3F84424AA68C3F8482471
:1052F000EA68C3F84C246B6B21E700BF94080020D8
:1053000000B002500100F1000500F1000B00F100B7
:105310000300F10088750300A0750300F875030011
:10532000C0750300800800200200F1000400F100B5
:10533000D3F840242A60D3F844246A60D3F8482480
:10534000AA60D3F84C34EB6046E73B681B68C4F8AE
:1053500000343B685B68C4F804343B689B68C4F85D
:1053600008343B68DB68C4F80C3459465046FEF7F5
:10537000E5FD98E72DE9F04109B302B304460028A2
:1053800000F0AF801D46436B072B0E461BD05DB966
:10539000032B10D1836D73B900F1640345668566F4
:1053A000C56605670B6010252B4631462046BDE8D3
:1053B000F041FFF72BBE2F463846BDE8F081764F0F
:1053C0003846BDE8F081C36D002B40F08D80B5F507
:1053D000805F80F090801DB9A36D002B40F08B8022
:1053E0006E484FF0FF31FEF7C1FD002840F08F807E
:1053F0000020FEF7EBFD002840F08580684A01237D
:10540000C2F81038D2F81039002BFBD1636B032B94
:105410004FDD063B012B4ED8A36B012B6DD8E36DFE
:10542000012B78D8236E012B77D82046FFF764FD37
:105430000746002840D12046FFF70AFD074600280E
:105440003AD1626B072A36D80123934013F08A0FB2
:1054500040F0818013F0440F6FD1DB072BD5504B08
:105460000122C3F87C24C3F8BC543168002D56D106
:10547000A16D09B9C3F82425494BD3F81079002F41
:10548000FBD1616B072917D801228A4012F08A0FDD
:105490006FD112F0440F0FD0D3F860242260D3F8FC
:1054A00064246260D3F86824A260D3F86C34E360AB
:1054B00002E0002BB0DA3B4F394AD2F81039002B0A
:1054C000FBD1C2F810380120FEF780FDB8B933488F
:1054D000FEF754FD00283FF46FAF3348FDF782FD1F
:1054E0006AE74FF4710767E7012B7FF474AFB5F5F6
:1054F000803FFFF470AF2D4F5EE72D4FDCE72D4866
:10550000FDF770FDE3E72C48FDF76CFD76E72B48CF
:10551000FDF768FD6CE72A4FCEE72A4FCCE7E26D36
:10552000012A33D0C3F8301C1020C3F8345CFEF7D6
:1055300087FC074600289FD0BEE7194B2268C3F8B6
:1055400060246268C3F86424A268C3F86824E2682F
:10555000C3F86C2483E7124B2268C3F840246268C6
:10556000C3F84424A268C3F84824E268C3F84C2472
:1055700075E7D3F840242260D3F844246260D3F85E
:105580004824A260D3F84C34E36095E7C3F8281CA4
:105590004020C3F82C5CCAE70B00F10094080020FF
:1055A00000B002500100F100F87503000500F100A1
:1055B0000200F100C0750300A075030088750300A8
:1055C0000300F1000400F10029B9044B002814BFC6
:1055D0001846002070470248704700BF0100F700DE
:1055E0000300F70029B9044B002814BF1846002017
:1055F00070470248704700BF0100F7000300F70042
:10560000034B00200122C3F8380AC3F878247047FE
:1056100000B002502DE9F047CCB00024579DDDF8D2
:105620005881824689461646214674220EA81F4696
:105630000FF0A4FC802221462CA82B940FF09EFC96
:105640008423B5F57F6FCDE90A44CDE90C44059379
:1056500063D8FFF7C3FC05AB30462BAE0193029530
:10566000DDE954233946009600F062F800284FD156
:1056700003238DF813309DF813308DF87430072311
:1056800000221C9010210EA81B9301240123CDE9B8
:105690002423CDF86890CDF878A026940DF1200948
:1056A000FEF74CFC102200920599CDF804900AAB4D
:1056B000304606AAFFF722FA074670B11DE00EA990
:1056C00008EB0700FEF736FC10210EA8FEF736FCAB
:1056D0000134AD1B3744E4B224D0102D4A46059B5B
:1056E0008DF8AC4006A90EA82E4628BF1026FFF75D
:1056F00041FE32460028E2D007460EA8742200215F
:10570000FEF71AFCFFF76AFC38464CB0BDE8F0879C
:10571000054F38464CB0BDE8F087044F38464CB0D2
:10572000BDE8F0872F46E8E70E00F1000F00F1001A
:105730002DE9F04182B01E460A9D0023B5F57F6F2A
:1057400001933ED8ED00B5F5807F174601F1FF3299
:1057500034BF032304233F2A0C46009331D880B37F
:1057600066BB089A6AB3099A116851B3A219134427
:10577000994226D3089B01462246581CFEF7DAFBC5
:10578000089B04F102081C440023637026BB089B9D
:105790000095FF2D03EB080017D92B029BB243EABB
:1057A0001523022201A90193FEF7C4FB08F10203AD
:1057B000099A0020136002B0BDE8F0810FB1402EBD
:1057C000CFD90A4802B0BDE8F08101226946FEF750
:1057D000B1FB08F10103EBE7089B324603EB08003D
:1057E0003946FEF7A7FBB044D1E700BF06000080B2
:1057F00000201870704700BF2DE9F84FDDF828B081
:105800004FF0000A054688461646994654465746C4
:105810005F4516D2002319F8070020280CD0ABEB07
:105820000702012A11D00D280FD109EB0702527887
:105830000A2A6CD10137EBE70137BB454FF0010372
:10584000E9D1A4B93460002004E00A28F2D01BB1E9
:105850006FF02B00BDE8F88F0206F9D43D2858D12F
:105860000AF1010ABAF1020FF2D80134E2E704F0BA
:1058700007030622E408534354430733A4EB0A0406
:1058800004EBD30465B144450AD809EB070B254A5C
:1058900000272C46BA46B846D94505D1641BD1E746
:1058A00034606FF02900D5E719F8010BA0F10A0365
:1058B000DBB2162B09D93D284FEA88180CD00DF021
:1058C0009CFE184A48EA000807E042FA03F3DB07A7
:1058D000E2D54FEA8818F2E701370AF1010ABAF176
:1058E000040FD9D14FEA1843012F237003D9013493
:1058F0004FF0000AD0E74FEA1823637017B1023463
:105900000127F5E784F80280BA460334C4E7002B88
:105910009ED1BAF1000F9BD10DF06FFE0028A4DAE2
:1059200096E700BFF6FFBFFF2DE9F04F99B0834621
:105930000F4618460021164603930EF07EF8002805
:1059400000F08981784B14930024012515AB03994D
:1059500013933046CDE90B45CDE90D45CDE90F4513
:10596000CDE911450DF0F2FFA04228DABBF1000F9E
:1059700005D1E7B90024204619B0BDE8F08F2146D3
:1059800058460DF058FF04460028F2D00BA80DF041
:1059900076FE0DA80DF073FE0FA80DF070FE11A895
:1059A0000DF06DFE0C2115A8FCF77CF9E3E73146FC
:1059B00038460DF00BFF04460028E7D1DAE7314600
:1059C0000BA80DF003FF04460028DFD103990DA8B2
:1059D0000DF0FCFE04460028D8D1F188ADF838500F
:1059E00002310FA8ADF830500DF057FE04460028E4
:1059F000CCD101460FA80DF01EFF04460028C5D1EA
:105A0000F18811A802310DF048FE04460028BDD1EE
:105A10000DA80DF04FFF00F01F001F2873D0C0F13C
:105A20001F0319460BA801930DF06AFF04460028D6
:105A3000ACD101990DA80DF063FF04460028A5D153
:105A4000BDF83250BDF83A80A5EB080A4FEA4A1972
:105A500049460DA80DF054FF0446002896D14FEAA0
:105A60008A0A0DA90BA80DF0A0FF00284DDA4946BF
:105A70000DA80DF062FF0446002887D108F1FF331E
:105A800005939B0005F1FF3A069305F1804508F167
:105A90008043023B013D9B00A5EB08050893AB004A
:105AA0000293059B9A4541D8BBF1000F0DD00FA979
:105AB00058460DF08BFE002840F0C980039AB38849
:105AC000928813FB02F3ABF80430002F3FF45EAF73
:105AD00001990BA80DF031FF002840F0B880B38881
:105AE000ADF830300BA938460DF070FE01460028A5
:105AF00040F0AF8038460DF0A0FF00287FF446AF9D
:105B00000123BB8042E701949AE70F9A52F80A30CA
:105B10000BA9013342F80A3008460DAA0EF073F8BB
:105B2000044600289DD031E7010003000D9B069A32
:105B300004931344DDF82C900793049B59F82A1022
:105B40009A580F9D4FEA8A08A8F104030993029B13
:105B500091421D4476D2A8F10400002359F80000B8
:105B6000E7F7D0F9002914BF4FF0FF330346BAF12D
:105B7000010F2B6016BF09EB0803002353F8083C04
:105B80001593A8F1040359F80330169359F8083017
:105B900017932B68DDF8108001332B60089B984425
:105BA0002B68013B2B60002111A80DF044FE00285A
:105BB0004DD1059B002B48D0D8F80020119B1A60CE
:105BC000079A12685A6011A92A6808460EF0BCF8B4
:105BD00000283CD113A911A80DF0E7FE0028DFDC56
:105BE0002A680DA911A80EF0AFF880BB029B4FEAFE
:105BF000C308414611A80DF083FE40BB0BA908461F
:105C000011AA0EF000F8014618BB0BA80DF015FF05
:105C1000002812DA0DA911A80DF0D8FDB8B9414637
:105C200011A80DF06DFE90B90BA911AA08460DF050
:105C3000E7FF60B92B68013B2B60029B0AF1FF3A3A
:105C4000043B2DE74FF0FF3391E7059AB6E7044692
:105C50009CE60C469AE66FF00B048CE6F7B50368F9
:105C60001B68DB07044603D46FF00D0003B0F0BDE2
:105C70000D4F032500262A46214601A80EF0B4F94F
:105C80000028F3D1019B3BB9294620460DF0D5FEF3
:105C90000028E9D10120E9E717F8013B0136A72EDA
:105CA0001D44E8D1E2E700BF1E9903002DE9F04151
:105CB0008B4228BF0B46069D0446C91ADE08002009
:105CC00003F00703013E05D2013B44D201394BD218
:105CD000BDE8F08152F8087B54F808CB52F804EC88
:105CE00054F8048CE5FB67C0E5FB6E8044F808CCF3
:105CF00044F8048C52F8087B54F808CB52F804ECB2
:105D000054F8048CE5FB67C0E5FB6E8044F808CCD2
:105D100044F8048C52F8087B54F808CB52F804EC91
:105D200054F8048CE5FB67C0E5FB6E8044F808CCB2
:105D300044F8048C52F8087B54F808CB52F804EC71
:105D400054F8048CE5FB67C0E5FB6E8044F808CC92
:105D500044F8048CB6E700BF52F8046B2768E5FBF3
:105D6000667044F8047BAFE723681B1844F8043BD3
:105D70002CBF01200020A9E70239C9B2042938B597
:105D800004460BD90023037022780023012A637094
:105D900013D104F108000CF008F80CE0084B5D5C2E
:105DA0000570012DF0D107494FF410500CF0CFFED3
:105DB0000028E9D06570002038BD03482370FBE758
:105DC000C599030000444004009FFFFFF0B54378ED
:105DD0000778012B89B005460E4614462FD11822AC
:105DE000002102A80FF0CAF8012F14BF00234FF4BE
:105DF0001053ADF804304FF6F8724FF6FF7394422B
:105E000098BF2346134AADF806304FF48073CDE9AE
:105E10000332E21D2B1DD208314601A8FCF7FAF926
:105E2000044640B10C4B0D4904220AF0C8FC04465C
:105E3000204609B0F0BD01A80CF079FFF8E7012F6A
:105E400005D1083009B0BDE8F040FCF7CFBC044CE8
:105E5000EEE700BF0044400485070300007E030016
:105E6000809CFFFF10B54378012B86B00C4614D1FF
:105E700005AB02931023CDE900230A4640680D4983
:105E8000FCF790FA034628B10B4B0C4904220AF0A8
:105E900096FC0346184606B010BD0178012907D1CB
:105EA00013460830224606B0BDE810400BF088BF0C
:105EB000034BEFE70044400485070300007E030026
:105EC000809CFFFF70B50E46054610B1094C206856
:105ED00010B96FF02D0070BD6B6862689A4203D1F3
:105EE000A9680FF013F808B10C34F0E7237A337087
:105EF000F1E700BF9877030070B50E46054610B174
:105F0000094C206810B96FF02D0070BD6B68626895
:105F10009A4203D1A9680EF0F9FF08B10C34F0E7FA
:105F2000237A3370F1E700BF8077030070B50E4627
:105F3000054610B1094C206810B96FF02D0070BDF6
:105F40006B6862689A4203D1A9680EF0DFFF08B15E
:105F50000C34F0E7237A3370F1E700BF38770300A1
:105F600030B5084B1C6814B96FF02D0006E01D7A9F
:105F7000854204D10C605B681360002030BD0C3397
:105F8000F0E700BFF076030070B50E46054610B18D
:105F9000094C206810B96FF02D0070BD6B68626805
:105FA0009A4203D1A9680EF0B1FF08B10C34F0E7B2
:105FB000237A3370F1E700BFA876030008B5074BDA
:105FC000044613B10021AFF30080054B1868836AC3
:105FD00003B198472046EFF7B1FC00BF0000000076
:105FE000C87703000EB403B5014603AB054853F868
:105FF000042B0068019300F049FB02B05DF804EB4C
:1060000003B070479808002038B50B4B1D68EB6B48
:10601000044653B9242000F015F80246E86320B97D
:10602000064B0748392101F059FBE96B2046BDE8D2
:106030003840EFF7AFBC00BF98080020FE9C03007B
:10604000159D0300024B0146186800F0C5BA00BF59
:1060500098080020024B0146186800F073BA00BF90
:1060600098080020F7B501683B29044611D93C2265
:1060700068460FF091F9019A63680099002A0B4471
:106080006360BBBF3C3203F1FF3322602260B8BFC4
:10609000636061683B2911D93C2268460FF07CF9A6
:1060A000019AA3680099002A0B44A360BBBF3C324D
:1060B00003F1FF3362606260B8BFA360A168172973
:1060C00011D9182268460FF067F9019AE368009920
:1060D000002A0B44E360BBBF183203F1FF33A26018
:1060E000A260B8BFE36021690B2911D90C22684670
:1060F0000FF052F9019A63690099002A0B44636119
:10610000BBBF0C3203F1FF3322612261B8BF636170
:1061100063699A071CD1642193FBF1F201FB1232EF
:10612000C2B903F26C734FF4C87293FBF2F102FB35
:106130001133002B14BF1C231D23E268002A0BDC43
:10614000344D0B206421E668002E11DD03B0F0BD54
:106150001C23F2E71D23F0E72E480225D4E9032192
:10616000012932D19342F1DAD21AC4E90325F5E7C5
:106170002269013A2261013216D163695A1E9707DA
:10618000C4E9040219D192FBF1F701FB1722B2B95D
:1061900003F26B734FF4C87293FBF2F702FB1733F1
:1061A000002B14BF1C231D232269012A14BF55F89C
:1061B00022201A463244E260C5E71C23F4E71D237F
:1061C000F2E71C23CAE71D23C8E750F82160B2425A
:1061D000BCDD0131921B0C29E2602161BED16369F3
:1061E00000215A1C216191076261EAD1642192FB6E
:1061F000F1F601FB1622002AE5D103F26D734FF48C
:10620000C87293FBF2F102FB1133002B14BF1C2365
:106210001D23A3E7FC7703002DE9F74F074601F0A4
:10622000F3FD82463846FFF71DFFD7E900433C22C5
:1062300002FB0344BB687D694FF4616202FB0344C7
:10624000D7E90363BC4A52F82320013E012B1644D0
:1062500011DDA9070FD1642295FBF2F302FB135362
:1062600043B905F26C734FF4C87293FBF2F102FB71
:10627000113303B9013605F51C53103344F620627F
:106280009342FE6100F25481462D40F39F804623E5
:1062900040F26D1C64214FF4C8709A0740F0908062
:1062A00093FBF1F201FB1232002A40F08C8003F2E2
:1062B0006C7292FBF0FE00FB1E22002A14BF6246A5
:1062C0004FF4B77201339D421644E6D19B4B4FEA1F
:1062D000E478C6FB034800F093FF00F09DFF984B65
:1062E0001B68002B00F01A817869DAF80430D7F8BF
:1062F000209000F26C70834240F0AB80DAE9082312
:10630000DAE9121BDAF85000DAF828C0121A63EB47
:10631000E073B1EB0C0ECDF800E06BEBEC7ECDF84A
:1063200004E0DDF800E07445DDF804E078EB0E0EE3
:1063300080F2B580DAF8001021B1944278EB0303C3
:10634000C0F2BB80B9F1000F40F09080ACEB0000D0
:106350004FF001093B68D7F80CB00419034448EB2F
:10636000E0783B603846FFF77DFEFA68B2EB0B023F
:1063700079D0012A00F3A980931CD8BF0122FB69C0
:10638000D31840F1AB806B1E980740F0A1806421C8
:1063900093FBF1F001FB1033002B40F09C804FF495
:1063A000C87305F26B7595FBF3F103FB1155002DD6
:1063B00040F26D1318BF4FF4B673FB61164452E000
:1063C00040F26D127EE74FF4B7727BE73FF47EAF89
:1063D000452340F26D1C64214FF4C87012E062BB8B
:1063E00093FBF1F201FB123252BB03F26C7292FB8F
:1063F000F0FE00FB1E22002A14BF62464FF4B77263
:10640000B61A013B9D4203F00302E8DBDAB96422CD
:1064100095FBF2F302FB1353C3B905F26C734FF40F
:10642000C87293FBF2F102FB1133002B40F26D13A3
:1064300008BF4FF4B773F61A48E740F26D12DFE772
:106440004FF4B772DCE740F26D13F4E74FF4B77323
:10645000F1E700F02DFE00287FF450AFB9F1010FF5
:10646000A8BF4FF00109B9F1010F59D1DAF8503046
:106470001C1948EBE3784FF0010900F0C7FE043621
:10648000072396FBF3F3C3EBC303F61A4ED4C7F806
:106490002090BE612046414603B0BDE8F08F091A46
:1064A0004FEAE07E6BEB0E0E8C4278EB0E0ED5DBE6
:1064B000DAF8001000293FF440AFB9F1000F2DDDEC
:1064C000A0EB0C004FF0000944E74FF0FF3256E715
:1064D0004FF4B67371E740F26D136EE7A90717D159
:1064E000642095FBF0F100FB1151A1B94FF4C87184
:1064F00005F26C7595FBF1F001FB1055002D40F293
:106500006D1108BF4FF4B7718B42A8BF5B1A54E7F7
:1065100040F26D11F8E74FF4B771F5E74FF000095D
:10652000DAF828301C1948EBE378A6E70736AEE71F
:106530004FF0FF34A046ADE7CC7703008051010057
:10654000AC93002038B50546002941D051F8043CF1
:106550000C1F002BB8BFE41801F0B0FC1D4A1368F3
:1065600033B9636014602846BDE8384001F0ACBC24
:10657000A34208D9206821188B4201BF19685B68C3
:1065800009182160EDE71A465B680BB1A342FAD9FE
:1065900011685018A0420BD1206801445018834262
:1065A0001160E0D118685B68536008441060DAE756
:1065B00002D90C232B60D6E7206821188B4204BF38
:1065C00019685B68636004BF091821605460CAE7FA
:1065D00038BD00BFA0930020F8B5CD1C25F0030501
:1065E00008350C2D38BF0C25002D064601DBA942CD
:1065F00003D90C2333600020F8BD01F05FFC214972
:106600000A6814469CB9204F3B6823B9214630469E
:1066100000F0D4FC38602946304600F0CFFC431C23
:1066200023D10C233360304601F04EFCE3E72368AE
:106630005B1B17D40B2B03D923601C44256004E09B
:106640006368A2420CBF0B605360304601F03CFC13
:1066500004F10B00231D20F00700C21A1CBF1B1AF7
:10666000A350C9E722466468CCE7C41C24F00304A5
:10667000A042E3D0211A304600F0A0FC0130DDD169
:10668000CFE700BFA09300209C9300202DE9F04F9E
:106690000D469DB014469846064618B183690BB95D
:1066A00001F0C8F8874B9D421BD175686B6ED90706
:1066B00005D4AB899A0502D4A86D08F0E2FDAB8938
:1066C0001B0701D52B69EBB92946304600F09AFF2C
:1066D000C0B16B6EDC070ED54FF0FF301DB0BDE8CA
:1066E000F08F794B9D4201D1B568DFE7774B9D4232
:1066F00008BFF568DAE7AB899805EDD4A86D08F016
:10670000C8FDE9E70023099320238DF82930CDF84F
:106710000C803023DFF8B8818DF82A304FF0010962
:1067200023469A4613F8012B0AB1252AF9D1BAEB70
:10673000040B0BD05B462246294630460EF03BFC4C
:10674000013000F0A680099A5A4409929AF8003064
:10675000002B00F09E8000234FF0FF32CDE905238F
:106760000AF1010A049307938DF853301A935446A3
:10677000574814F8011B0522DAF7C2FC049BD0B974
:10678000D90644BF20228DF853201A0744BF2B227C
:106790008DF853209AF800202A2A14D0079A5446DC
:1067A00000204FF00A0C214611F8013B303B092B29
:1067B0004AD970B914E0A0EB080009FA00F01843B8
:1067C0000490A246D3E7039A111D12680391002A90
:1067D00001DB079204E0524243F002030792049364
:1067E00023782E2B0AD163782A2B32D1039B1A1DD2
:1067F0001B68039243EAE37302340593DFF8D4A0E5
:10680000217803225046DAF77BFC38B1049BA0EBD9
:106810000A004022824013430134049314F8011B00
:106820002D488DF828100622DAF76AFC00283FD0A0
:106830002A4B1BBB039B073323F007030833039347
:10684000099B3B4409936BE70CFB02320C46012089
:10685000A9E700230134059319464FF00A0C20469E
:1068600010F8012B303A092A03D9002BC6D0059124
:10687000C4E70CFB012104460123F0E703AB0093BE
:106880002A46174B04A9304600F02CF80746781C1E
:10689000D6D16B6ED90705D4AB899A0502D4A86D01
:1068A00008F0F7FCAB895B063FF516AF099815E7D2
:1068B00003AB00932A460A4B04A9304600F048FA7D
:1068C000E4E700BF94780300747803005478030071
:1068D000899D03008F9D0300939D0300E5680200DE
:1068E000B74F03002DE9F04F91B00C46DDF86880FA
:1068F00016461F46054601F08BFA036808931846B2
:10690000E6F742FB00230E93D8F8003009900733D6
:1069100023F0070303F1080294F818A0D4F800B09C
:10692000C8F80020D3E9008929F000430B93CDF883
:106930002880C4E91289DDE90A019C4B4FF0FF323F
:10694000E5F784FF70BBDDE90A01984B4FF0FF3299
:10695000E5F75EFF30BB0022002340464946E5F7DD
:106960004DFF10B12D2384F84330914A914BBAF179
:10697000470F94BF90469846032323612BF00403EE
:1069800023604FF00009009733460FAA214628469E
:106990000EF0C4FB013040F099804FF0FF3011B091
:1069A000BDE8F08F42464B4640464946E5F74EFF6C
:1069B00040B14B46002BBCBF2D2384F843307E4AA8
:1069C0007E4BD4E763685A1C29D1062363604BF4DD
:1069D00080630022236006920EAACDE904A20DAACC
:1069E00003920DF13302CDE9013263680093424610
:1069F0004B4628460EF0F1FABAF1670F0D99804622
:106A000015D1CB1C3BDB6368994238DC0E9B994265
:106A100055DB23682161D80745D54B1C42E00AF0BD
:106A2000DF02472AD3D1002BD1D10123CEE7BAF11F
:106A3000470F07D1C81C25DB63688B4222DB4FF070
:106A4000670AE3E7BAF1650F1FD80139524604F12E
:106A500050000D910EF028FB0E9A1318012A814662
:106A6000236102DC2268D20701D5013323619DF83E
:106A70003330002B87D02D2384F8433083E74FF049
:106A8000650AE2E74FF0450ADFE7BAF1660FBDD1CC
:106A9000002963680BDD216113B92268D00702D594
:106AA00001330B442361A1654FF00009DFE713B9FF
:106AB0002268D20701D50233F4E70123F2E7002967
:106AC000D4BFC1F1020201221344EBE723685A0547
:106AD00007D42369424631462846B84701302BD1B6
:106AE0005BE7BAF1650F40F2DC80D4E912010022C5
:106AF0000023E5F779FE002833D0314A01233146DF
:106B00002846B84701303FF448AFDDE90D3843452A
:106B100002DB2368D8070FD5DDE908233146284674
:106B2000B84701303FF439AF4FF0000908F1FF38A2
:106B300004F11A0AC84509DC23689B0700F10281A9
:106B4000E0680F9B9842B8BF184628E701235246D9
:106B500031462846B84701303FF41FAF09F101091B
:106B6000E8E70D9B002B38DC154A01233146284607
:106B7000B84701303FF411AFDDE90D3959EA03039D
:106B800002D12368D907D7D5DDE908233146284645
:106B9000B84701303FF401AF4FF0000A04F11A0B7F
:106BA0000D9B5B4253450DDC4B4693E7FFFFEF7FA8
:106BB0009A9D03009E9D0300A29D0300A69D0300D5
:106BC000F494030001235A4631462846B847013061
:106BD0003FF4E3AE0AF1010AE2E7A36DDDF838A065
:106BE0005345A8BF5346002B994636DC4FF0000BA7
:106BF00029EAE97904F11A02A36D0A93A3EB0903C8
:106C00005B4531DC0D9B9A453ADC2368DA0737D4C3
:106C10000D9BAAEB03090A9BAAEB03039945A8BFA6
:106C20009946B9F1000F33DC4FF0000829EAE97901
:106C300004F11A0B0D9BAAEB0303A3EB09034345D5
:106C40007FF77AAF01235A4631462846B8470130CC
:106C50003FF4A3AE08F10108ECE74246314628466E
:106C6000B8470130C2D198E60123314628460A923E
:106C7000B84701303FF491AE0A9A0BF1010BBBE724
:106C8000DDE9082331462846B8470130C0D184E603
:106C90000A9A4B46424431462846B8470130C3D190
:106CA0007BE6DDF838A0BAF1010F01DCDB0736D551
:106CB0000123424631462846B84701303FF46DAEC5
:106CC000DDE9082331462846B84701303FF465AE78
:106CD000D4E91201002200230AF1FF3AE5F784FD0E
:106CE000C0B9534608F1010231462846B847013081
:106CF0000CD152E601235A4631462846B8470130A6
:106D00003FF44BAE08F10108D045F3DB4B4604F1EC
:106D10005002E0E64FF0000804F11A0BF4E70123FB
:106D20004246E1E701234A4631462846B84701304A
:106D30003FF433AE08F10108E3680F995B1A43454D
:106D4000F0DCFDE64FF0000804F11909F4E700BF9C
:106D50002DE9FF470F7E0C9D782F914680460C460B
:106D60009A4601F1430207D8622F0AD8002F00F09B
:106D7000E080582F00F0BB8004F1420684F8427096
:106D80003AE0A7F16303152BF6D801A151F823F0DF
:106D9000E96D0200FD6D0200796D0200796D02005F
:106DA000796D0200796D0200FD6D0200796D0200BF
:106DB000796D0200796D0200796D0200196F020091
:106DC0008D6E0200CF6E0200796D0200796D0200B7
:106DD0003B6F0200796D02008D6E0200796D02003A
:106DE000796D0200D76E02002B681A1D1B682A609D
:106DF00004F1420684F842300123ABE0236829689D
:106E00001F0601F10400286001D50D6803E05E064D
:106E1000FBD5B1F900506168002D7ADA2D200029E8
:106E200084F84300A1602DDA5E486D420A231646BD
:106E3000B5FBF3F103FB1157C75D06F8017D2F4643
:106E4000BB420D46F4D9082B0BD12368DF0708D5C8
:106E5000236961689942DEBF302306F8013C06F1E0
:106E6000FF36921B2261CDF800A04B4603AA2146B3
:106E700040460EF053F9013071D14FF0FF3004B0AD
:106E8000BDE8F08723F004032360CDE72B6820687A
:106E9000191D2960050601D51D6802E04106FBD5D4
:106EA0001D8840486F2F14BF0A230823002184F84F
:106EB00043106668A660002EB9DB216821F004014A
:106EC0002160002DB3D1002EB1D11646BBE7236857
:106ED00043F0200323603448782784F845702968FC
:106EE00023680E1D2E601E0603D50D6804E02D4894
:106EF000F3E75D06F9D50D88D90744BF43F02003B9
:106F000023600DB11023D1E7236823F02003236011
:106F1000F8E724480A23CCE72B6826686169181D26
:106F2000286035061B6801D5196002E07006FBD5A4
:106F3000198000232361164695E72B681A1D2A60E5
:106F40001E68626800213046DAF7DAF808B1801B63
:106F5000606063682361002384F8433083E723691A
:106F6000324649464046D047013086D023689B07C9
:106F700014D4E068039B9842B8BF18467FE701230A
:106F8000324649464046D04701303FF476AF01359E
:106F9000E36803995B1AAB42F1DCEAE7002504F1F0
:106FA0001906F5E715930300AA9D0300024B0A4654
:106FB000014618680EF087BD9808002038B5064DC8
:106FC0000023044608462B60EEF7C2FC431C02D1A6
:106FD0002B6803B1236038BDB09300200CB430B5EA
:106FE000174B0C1E1D689DB008DA8B232B604FF0E9
:106FF000FF301DB0BDE8304002B070474FF402735F
:10700000ADF8143014BF04F1FF3323460493079303
:107010004FF6FF7302900690ADF81630209A21AB20
:1070200002A92846019301F021FB431CBCBF8B231E
:107030002B60002CDDD0029B00221A70D9E700BF24
:10704000980800200EB430B59CB01FAC4FF401720C
:1070500054F8045BADF8142002900690E5F794FF15
:107060000B4B039007900B930A48019400230F9356
:1070700014934FF6FF73ADF816302A46234602A943
:10708000006801F0EFFB1CB0BDE8304003B0704772
:1070900019520300980800200A4601460248034B93
:1070A0000068E7F781BF00BF9808002004090020AE
:1070B0002DE9F047044600F0A7FE40F2B1739C4270
:1070C00040F398806FF4F667E519A4F2B27340F2CA
:1070D0006D12AD1002FB03556FF4C86C6FF06302C4
:1070E000A4F26D7393FBF2F31D4404EB0C03DFF881
:1070F00008C144604FF4C8720146B3FBF2F300F1DB
:1071000050071D440B7A4A694A2B31D1A60705EB7B
:10711000020306D14FF0640E94FBFEF60EFB1646FA
:1071200036B94FF4C87E94FBFEF60EFB1646EEB958
:107130003B2AD4BF002201221344013B8A690CFB85
:1071400003238A6A1344DA17C1E9083228318F42CF
:10715000D8D1D0E90843D0E912128C429341B4BF90
:107160000123002303600120BDE8F0870022E3E74C
:10717000442B01D1AB18E1E7A30705D1642694FBAA
:10718000F6F306FB13437BBB4FF4C87394FBF3F693
:1071900003FB1646B6FA86F67609DFF860E0D1F80A
:1071A0000C904FF0300A2B464FF000080AFB06E621
:1071B00008F10108C14556F828E017DC03F104087E
:1071C000072698FBF6F6C6EBC606A8EB0606921B4A
:1071D0000E6906F1FF3648BF0732C6EBC6063244D9
:1071E000724505DA1344A9E70126D6E77344DFE7C1
:1071F000073AF5E70020B7E780510100BC780300AB
:10720000014808F038B800BF640C0020014808F0BD
:107210003EB800BF640C0020014B186800F002B8B3
:10722000980800202DE9F04F8DB0074600F0ECFDE6
:10723000B649B74E044638460EF01AFB054670B9FB
:10724000B44BB54A1860B54B1860B54B3068C3E90C
:107250000022FEF7FFFE35600DB0BDE8F08F31680B
:10726000002964D13068FEF7F5FE2846E5F78CFE6C
:10727000411C3846FFF7B0F9306000285CD12B780C
:10728000A84AA9493A2B08BF01350AAE3346284619
:10729000FFF7D8FE0028DFDD0A9B05EB0309EB5C56
:1072A0002D2B4DD109F101094FF0FF3A08AF0DF137
:1072B0001E080025CDE901679C490396CDF80080A2
:1072C000334607AA4846ADF81E50ADF82050FFF7E8
:1072D000B9FEA842C0DDBDF81E20BDF82030DFF8A1
:1072E00040B23C2101FB0233BDF81C204FF4616128
:1072F00001FB02330AFB03F3A3628A4BCBF8003095
:107300000A9B894909EB030ADFF8249233464A466F
:107310005046FFF797FEA84219DCDBF80030CBF8A7
:1073200004307C4BA26A1A607C4B1D6094E7E5F741
:1073300021FE002896D18FE729460DF0BDFF9EE77C
:107340002B2B08BF09F101094FF0010AAEE70A9B98
:10735000CBF804900AEB03091AF803302D2B40F008
:107360008F8009F101094FF0FF350023ADF81C3083
:10737000ADF81E30ADF820300A93CDE90276CDE9A4
:1073800000866A49334607AA4846FFF75BFE002895
:107390007CDCA36AA3F561630A9D23654D444FF02D
:1073A000000BA1462B782C2B08BF013595F800A0C7
:1073B000BAF14D0F7CD10DF12603CDE9016309AB84
:1073C00000935C49039633460DF122022846FFF7ED
:1073D00039FE03287FF440AFBDF822104B1E0B2B63
:1073E0003FF63AAFBDF82420531E042B3FF634AFCE
:1073F000BDF82630062B3FF62FAFC9E9031289F8F6
:1074000008A0C9F814300A9B05EB030A0223ADF863
:107410001C300023ADF81E30ADF820300A939AF8E6
:1074200000302F2B09D1CDE90276CDE90086424903
:10743000334607AA5046FFF705FEBDF81E20BDF8EB
:1074400020303C2101FB0233BDF81C204FF4616168
:1074500001FB0233C9F818300A9D09F12809554487
:10746000BBF1000F21D06068FFF722FE294BA26A12
:107470001A60236D9B1A294A18BF01231360EBE69B
:107480002B2B08BF09F1010901256EE7BDF81E206D
:10749000BDF820303C2101FB0233BDF81C204FF425
:1074A000616101FB02336B4376E74FF0010B79E733
:1074B000BAF14A0F06BF0135534644230A220BA9ED
:1074C0002846059301F0A6FDDDF82CA0059BADF83C
:1074D0002600AA4514D14D23BBF1000F07D123721A
:1074E00003210223C4E90313C4F814B08EE784F81F
:1074F00030300B220123C4E90D230023E36385E729
:1075000080B289F80830C9F814007FE7BB9D0300FA
:10751000A4930020A8930020BE9D0300AC930020FC
:10752000FC080020E9880120C29D0300E59D0300BE
:10753000DE880120D19D0300E49D0300F8B50E46CE
:107540001446054618B183690BB900F073F9214B55
:107550009C4210D16C68A369A360A3891A0701D566
:10756000236993B92146284600F04CF868B14FF0E2
:10757000FF373846F8BD184B9C4201D1AC68EAE7AA
:10758000164B9C4208BFEC68E5E723692068C01AE7
:107590006369F6B28342374605DC2146284600F08F
:1075A000CBF80028E3D1A368013BA36023685A1CF1
:1075B00022601E7063690130834204D0A389DB0717
:1075C000D7D50A2ED5D12146284600F0B5F8002897
:1075D000CFD0CCE79478030074780300547803008C
:1075E00038B5074D04460846114600222A601A465F
:1075F00007F057FE431C02D12B6803B1236038BD4E
:10760000B0930020314B70B51D6806460C4625B17D
:10761000AB6913B9284600F00DF92D4B9C420ED1F1
:107620006C68B4F90C301A072CD4DD0611D4092289
:10763000326043F04003A3814FF0FF303DE0254B23
:107640009C4201D1AC68ECE7234B9C4208BFEC683C
:10765000E7E7580712D5616B41B104F14403994241
:1076600002D03046FEF76EFF00236363A38923F048
:107670002403A3810023636023692360A38943F06B
:107680000803A38123694BB9A38903F42073B3F5DD
:10769000007F03D02146304600F0D0FBB4F90C3017
:1076A00013F001020AD00022A26062695242A26174
:1076B000226942B913F08000BBD170BD990758BF51
:1076C0006269A260F4E70020F7E700BF9808002095
:1076D0009478030074780300547803001FB51446AF
:1076E0001A46094B1B680546D86854B9074B1C4617
:1076F000CDE9013400912B460549FEF773FCEEF706
:107700003BF9044BF4E700BF98080020649A03009B
:10771000049E0300F79D030038B5064D0023044680
:1077200008462B6007F0B9FD431C02D12B6803B15A
:10773000236038BDB093002038B50B6905460C4670
:1077400013B90025284638BD18B183690BB900F07C
:1077500071F8144B9C421BD16C68B4F90C30002BAF
:10776000EFD0626ED00704D4990502D4A06D07F063
:1077700088FD284621460DF09FFE636EDA07054618
:10778000E0D4A3899B05DDD4A06D07F082FDD9E785
:10779000054B9C4201D1AC68DFE7044B9C4208BF1B
:1077A000EC68DAE7947803007478030054780300F7
:1077B000002310B50446C0E90033C0E904338360F8
:1077C00081814366C2818361194608225C300DF0D5
:1077D000D5FB054B6362054BA362054BE362054B8A
:1077E0002462236310BD00BFF75103001D52030044
:1077F000555203007952030001490DF0F3BE00BF5A
:1078000039770200014807F03CBD00BF280B00207B
:10781000014807F03EBD00BF280B0020014807F0DB
:1078200030BD00BF3C0B0020014807F032BD00BF57
:107830003C0B002010B50446FFF7F0FFA3691BB115
:10784000BDE81040FFF7F0BFC4E912332365134BC6
:10785000134A1B68A262A34204BF0123A36120460E
:1078600000F020F86060204600F01CF8A060204680
:1078700000F018F80022E06004216068FFF798FF2C
:10788000A06801220921FFF793FFE068022212217C
:10789000FFF78EFF0123A361D2E700BFC877030083
:1078A000F9770200F8B50746FFF7ACFF1E4B1E68DC
:1078B000B36913B93046FFF7BDFF4836D6E9013446
:1078C000013B03D533680BB33668F7E7B4F90C50C6
:1078D000D5B9164BE36004F15800656607F0C1FCAA
:1078E000FFF796FFC4E90155C4E904552560A56179
:1078F0000822294604F15C000DF040FBC4E90D5557
:10790000C4E912552046F8BD6834D9E70421384649
:107910000DF052FE044630600028D5D1FFF778FF05
:107920000C233B60EEE700BFC87703000100FFFFB8
:107930002DE9F04F8BB08B460593AD4B02901B6841
:10794000039318469046E5F71FFB039B0190034401
:1079500013F8013C0693DBF800309A1C174612F826
:10796000010B3028FAD0FB1AA3F1020A0DF0AAFE8F
:107970000446002839D1019A039938460DF0A4FC39
:107980000546002865D1019BF85CFE180DF09AFEB3
:10799000002860D03346187830281F4603F10103D1
:1079A000F9D00DF08FFEB0FA80F4640935464FF03F
:1079B000010A3A461646013230780DF083FE00285F
:1079C000F8D1019A039930460DF07EFC80B94DB98B
:1079D000019BF5182A461646013230780DF072FEEA
:1079E0000028F8D1AD1BAD0004E000242546E0E7F7
:1079F000002DF7D1337803F0DF03502B38D17378A3
:107A00002B2B2AD02D2B2CD0711C4FF0000908787D
:107A10000DF058FE431EDBB2182B29D8A0F110023E
:107A200011F8010F0DF04EFE431EDBB2182B1BD9CF
:107A3000B9F1000F00D052421544CBF80010CCB180
:107A4000BAF1000F0CBF0626002630460BB0BDE889
:107A5000F08F3E4625460124CCE74FF00009B11CCB
:107A6000D5E74FF00109FAE70A2303FB0200D5E747
:107A70003146E2E7F31B013B2146072B0ADC029863
:107A800000F028FA044640B95A4B0246DE215A4813
:107A9000FFF724FE01315B10EFE7019B00F11409B1
:107AA0004FF0000BC3F10103CDF81090DA460893B4
:107AB000B74238D3049E46F804ABA6EB0906B610CD
:107AC000266150460DF013FF7601D8F80070361A83
:107AD000BE4260DDF61B314620460DF0C5FF8246F2
:107AE00078B1731E591103F01F0259F821104FF09D
:107AF000010A0AFA02F20A4203D0534542DC4FF06F
:107B0000020A314620460DF08CFD3544D8F8083085
:107B1000AB424EDA0298214600F01CFA149A002378
:107B20001360A32691E7731E069A079316F8013C8B
:107B3000934217D0BBF1200F06D1049B43F804AB4E
:107B40004FF0000A0493D34616F8010C0DF0BAFD6D
:107B500000F00F0000FA0BF0079B4AEA000A0BF155
:107B6000040B0DE0089A731E1344BB42E2D318467F
:107B7000019A039909930DF0A7FB099B0028D9D11D
:107B80001E4695E7B11E20460DF06EFF0028B6D0C8
:107B90004FF0030AB5E709DABE1B214602983246C8
:107BA00000F0A4FBAD1B044600F114094FF0000ADD
:107BB000ACE7D8F80430AB426FDD5D1BAF4234DC7C
:107BC000D8F80C30022B28D0032B2AD0012B1BD144
:107BD000AF4219D1012F11D1059AD8F804301360A2
:107BE00001232361C9F80030149B62261C602CE736
:107BF000B4780300B49E0300C59E0300791E20469E
:107C00000DF032FF0028E7D10298214600F0A2F9DA
:107C1000149A00231360502617E7159B002BF3D10D
:107C2000DAE7159B002BD7D1EEE76E1EBAF1000FF5
:107C300030D126B1314620460DF016FF8246721132
:107C4000012359F8222006F01F06B34013422946AB
:107C5000204618BF4AF0020A7F1B0DF0E2FCD8F85C
:107C600004500226BAF1000F47D0D8F80C30022B8E
:107C700015D0032B17D0012B09D11AF0020F06D013
:107C8000D9F800304AEA030A1AF0010F0ED146F083
:107C9000100632E04FF0010AD1E70126E2E7159B1A
:107CA000C3F101031593159B002BF0D0D4F810B04D
:107CB00004F114034FEA8B0A03EB8B014FF0000C25
:107CC000184653F8042BB2F1FF3F1BD0013202607B
:107CD000022E04F114033CD1D8F80020013ABA4234
:107CE00009D17911012253F8213007F01F0702FA58
:107CF00007F71F423AD146F02006149B1C60059BF3
:107D00001D60A2E6994243F804CCD9D8A3689B45EC
:107D100017DB61680298013100F0DCF8814618B980
:107D20001A4B02468421B2E62269023204F10C01A8
:107D300092000C300DF0FAF82146029800F00AF992
:107D40004C4623695A1C04EB8303226101225A61C9
:107D5000BEE722695A450BDD012120460DF061FC8A
:107D6000D8F808300135AB42FFF6D4AE0126C2E7A1
:107D700017F01F07FAD05344C7F1200753F8040C3B
:107D80000DF0B5FDB842E7DBF0E700BFB49E03009D
:107D90002DE9F84FDFF86CA006468946174601F03A
:107DA00043F9DAF8004034B14B46984613F8012BFA
:107DB0003AB13D2AF9D1304601F03CF90020BDE846
:107DC000F88FA8EB0908A34654F8040B0028F2D05A
:107DD000424649460DF078FA0028F4D154F8043CA4
:107DE00003EB080513F808303D2BECD1DAF800302E
:107DF000ABEB03039B1030463B6001F01BF9681CA2
:107E0000DDE700BF447600200048704708030020EB
:107E100000487047F409002038B5074D044608466D
:107E2000114600222A601A4607F03DFA431C02D18F
:107E30002B6803B1236038BDB09300208B89F7B560
:107E40009D0706460C4607D504F1470323602361CE
:107E50000123636103B0F0BD01AB6A460DF00FFD75
:107E6000009F054639463046FEF7B6FB48B9B4F9DF
:107E70000C309A05EED423F0030343F00203A381F0
:107E8000E2E70D4BB362A389206043F08003A38136
:107E9000019BC4E904075BB1B4F90E10304601F050
:107EA000E1F828B1A38923F0030343F00103A38180
:107EB000A3891D43A581CDE7F9770200014807F0AA
:107EC000E0B900BF140B0020014807F0E2B900BF81
:107ED000140B002070B5466A04460D4676B9102092
:107EE000FEF7B0F80246606220B9184B18486621C8
:107EF000FFF7F4FBC0E901660660C660666AF368D6
:107F000083B1636ADB6853F82500B8B9012101FA2F
:107F100005F6721D920020460DF0C7FD60B1C0E964
:107F200001560EE02122042120460DF0BEFD636AB9
:107F3000F060DB68002BE4D1002070BD026843F8DC
:107F400025200023C0E90333F7E700BFFE9C0300B0
:107F5000479F030070B5466A05460C4676B9102067
:107F6000FEF770F80246686220B9094B09488A2179
:107F7000FFF7B4FBC0E901660660C6603CB16B6AFE
:107F80006268DB6853F82210216043F8224070BD1C
:107F9000FE9C0300479F03002DE9F0410D69074651
:107FA0000C461E4601F1140C0020DCF8003099B29A
:107FB00002FB01611E0C0B0C02FB063389B201307F
:107FC00001EB034185424CF8041B4FEA1346ECDCFD
:107FD0000EB3A368AB4219DC616838460131FFF784
:107FE00079FF804628B902460C4B0D48B521FFF7B2
:107FF00075FB2269023204F10C0192000C300CF086
:1080000095FF21463846FFF7A5FF444604EB85035C
:1080100001355E6125612046BDE8F081B49E030014
:10802000479F03002DE9F8430C4615461F460922D9
:108030000833064693FBF2F3002101229A4209DB42
:108040003046FFF747FF40B90246194B1948CE2189
:10805000FFF744FB52000131F0E7089B4361092D13
:108060004FF00103036116DD04F10909C8462C44F1
:1080700018F8013B0146303B0A223046FFF78CFFDF
:10808000A045F5D1A5F108044C442D1B6319BB4252
:1080900004DBBDE8F8830A340925F6E714F8013B50
:1080A0000146303B0A223046FFF776FFEEE700BF7D
:1080B000B49E0300479F030010B50C460121FFF753
:1080C00009FF024628B9054B05484FF4A071FFF798
:1080D00005FB01234461036110BD00BFB49E030092
:1080E000479F03002DE9F04F14460A6923699A421D
:1080F000A8BF23460F46A4BF0C461F46D4F810A0C5
:10810000D7F81090A36861680AEB0906B34285B0FE
:10811000B8BF0131FFF7DEFE30B90246444B454897
:1081200040F25D11FFF7DAFA00F1140505EB86085D
:108130002B460022434521D307F1140104F1140218
:1081400002EB8A0201EB89030293131B153B23F018
:108150000303043304F11507BA4238BF0423019323
:10816000029B03918B420CD8002E03DD58F8043D8E
:10817000002B5AD0066105B0BDE8F08F43F8042B00
:10818000D8E7B1F800A0BAF1000F23D004F1140E23
:10819000A9464FF0000C5EF8047BD9F800301FFAB6
:1081A00087FB9BB20AFB0B336344D9F800C03F0C3A
:1081B0004FEA1C4C0AFB07C707EB13479BB243EA85
:1081C0000743724549F8043B4FEA174CE3D8019B3B
:1081D00045F803C0039BB3F802900431B9F1000FD6
:1081E00021D02B6804F1140CAE464FF0000ABCF805
:1081F00000B0BEF8027009FB0B7757449BB243EA0C
:1082000007434EF8043B5CF8043B4FEA134ABEF8C0
:10821000003009FB0A3303EB174362454FEA134A68
:10822000E5D8019FEB5104359AE7013E9CE700BF7A
:10823000B49E0300479F03002DE9F843154612F052
:10824000030207460E4607D0254C013A002354F896
:108250002220FFF7A1FE0646AD103DD07C6A7CB916
:108260001020FDF7EFFE0246786228B91D4B1E482C
:108270004FF4D771FFF732FAC0E901440460C460DB
:10828000D7F82480D8F808404CB940F2712138461C
:10829000FFF712FF0023C8F80800044603604FF000
:1082A0000009EB070AD5314622463846FFF71AFF88
:1082B000314680463846FFF74DFE46466D100BD0DE
:1082C000206838B9224621463846FFF70BFF206068
:1082D000C0F800900446E4E73046BDE8F88300BFEC
:1082E00020790300FE9C0300479F03002DE9F0471F
:1082F0000C464968236903EB6218A3680746914658
:108300004FEA621A08F10106B3420BDB3846FFF769
:10831000E1FD054648B90246284B294840F2D911EB
:10832000FFF7DCF901315B00EEE7002300F11401F7
:1083300000F110021846534533DB20692AEAEA7A35
:1083400004F1140319F01F0901EB8A0103EB800CFF
:108350002BD0C9F1200E8A460022186800FA09F0D5
:1083600010434AF8040B53F8042B9C4522FA0EF2F2
:10837000F3D8ACEB0403153B23F00303043304F1FF
:108380001500844538BF0423CA500AB108F102061B
:10839000013E38462E612146FFF7DCFD2846BDE848
:1083A000F08742F8040F0133C5E7043953F8042B72
:1083B00041F8042F9C45F9D8EAE700BFB49E0300BA
:1083C000479F03002DE9F74F894606461146484668
:1083D00014460DF0DBFA051E12D129463046FFF790
:1083E00079FD024628B93E4B40F232213D48FFF765
:1083F00075F90123C0E90435104603B0BDE8F08FDC
:10840000BCBF4B46A1463046D9F80410BABF1C4643
:1084100001250025FFF75EFD024618B9304B4FF4E9
:108420001071E3E7D9F810702669C56009F11003EF
:1084300009F1140504F1140E00F1140B05EB870883
:108440000EEB86060193D9464FF0000C019B5EF8B7
:10845000040B53F804AF019381B21FFA8AF35B1A3D
:10846000000C6344C0EB1A4000EB23409BB243EA8C
:108470000043764549F8043B4FEA204CE6D8331BCD
:10848000153B23F0030315340433A64238BF0423FD
:108490001D445B441E462C4644450ED308F103019F
:1084A000491B21F00301033DA84538BF00210B44BF
:1084B00053F8041D91B117619EE754F8041BE6467A
:1084C000080C1CFA81FC714400EB2C4089B241EA93
:1084D000004146F8041B4FEA204CDDE7013FE7E787
:1084E000B49E0300479F03000E4B0B40A3F1507353
:1084F000002B08DC5B42B3F1A07F4FEA235204DA81
:108500004FF400231341002208E0A2F114031E2BB4
:10851000DABF4FF00042DA4001220023194610462C
:10852000704700BF0000F07F0269F8B500F1140643
:1085300006EB8202204F52F8044C20460DF0D7F98A
:1085400003460A2BC0F12000A2F10405086013DCE9
:10855000AE4238BF52F8082CC3F10B0C28BF0022E2
:10856000153324FA0CFE04FA03F322FA0CF24EEA55
:1085700007011A431046F8BDAE4236BFA2F1080506
:10858000002252F8082C0B3B12D0C3F1200722FA2C
:1085900007F19C400C43B54244F07F518CBF55F825
:1085A000044C00249A40FC4041F440112243E1E78E
:1085B00044EA0701DEE700BF0000F03F2DE9734306
:1085C0000121089E90469946FFF784FC044630B985
:1085D0000246244B244840F20A31FFF77FF8C9F3E2
:1085E0000A55C9F313030DB143F480130193B8F195
:1085F000000324D0684600930DF09BF9DDE90012DA
:10860000D8B1C0F1200302FA03F30B43C240636107
:108610000192019BA361002B0CBF01220222226167
:10862000ADB1A5F2334505443560C0F13500099B75
:108630001860204602B0BDE870836161E9E701A8D7
:108640000DF077F9019B636120300122E7E704EB2D
:108650008203A0F23240306018690DF048F9C0EB97
:108660004210E4E7B49E0300479F03002DE9F04F5A
:1086700098468B891B069DB007460D46144610D5BB
:108680000B6973B94021FDF7A7FF2860286130B955
:108690000C233B604FF0FF301DB0BDE8F08F40234E
:1086A0006B610023099320238DF82930CDF80C80CD
:1086B0003023DFF89C818DF82A304FF001092346E2
:1086C0009A4613F8012B0AB1252AF9D1BAEB040B0B
:1086D0000BD05B462246294638460DF019FA013088
:1086E00000F0A780099A5A4409929AF80030002BAA
:1086F00000F09F8000234FF0FF32CDE905230AF1FF
:10870000010A049307938DF853301A9354460522B7
:1087100014F8011B4E48D8F7F3FC049AD8B9D006D8
:1087200044BF20238DF85330110744BF2B238DF80D
:1087300053309AF800302A2B15D0079A544600205F
:108740004FF00A0C214611F8013B303B092B4BD965
:10875000B0B1079214E0A0EB080309FA03F3134346
:108760000493A246D2E7039B191D1B680391002BBB
:10877000BBBF5B4242F0020207930793B8BF04926B
:1087800023782E2B0AD163782A2B32D1039B1A1D12
:108790001B68039243EAE37302340593DFF8B4A045
:1087A000217803225046D8F7ABFC38B1049BA0EBEC
:1087B0000A004022824013430134049314F8011B41
:1087C00025488DF828100622D8F79AFC002836D0C4
:1087D000224B1BBB039B073323F007030833039390
:1087E000099B334409936AE70CFB02320C460120D3
:1087F000A8E700230134059319464FF00A0C2046E0
:1088000010F8012B303A092A03D9002BC6D0059164
:10881000C4E70CFB012104460123F0E703AB0093FE
:108820002A460F4B04A93846FEF75CF8421C064660
:10883000D6D1AB895B063FF52DAF09982CE703AB8A
:1088400000932A46064B04A93846FEF781FAEDE765
:10885000899D03008F9D0300939D0300E56802003E
:10886000115B03002DE9F0470C46ADF5227D002198
:10887000CDE94411A649A0910DF10408A549A64FE0
:10888000CDF818810646A19100931378002B00F0D3
:108890005A81F95C11F0080102F1010519D06368F1
:1088A000002B0FDD23681A78BA5C120701D42A4620
:1088B000EBE7459A0132459262680133013A626002
:1088C0002360ECE7A19B2146304698470028E9D079
:1088D000EDE7252B12D099466368002B40F3938077
:1088E000226813784B4540F02E816368013B63603A
:1088F000459B0132013322604593D8E74191439172
:1089000053782A2B02BF1023951C41930A22A946B3
:1089100019F8011BA1F13003092B1ED9DFF8FCA1C6
:1089200003225046D8F7ECFB38B1419AA0EB0A007D
:1089300001238340134341934D4615F8013B782BA7
:1089400006D8572B10D8252BC5D057D8002B65D06B
:10895000032347930A2342936BE0439B02FB0311DB
:10896000303943914D46D2E7A3F15802202AEFD87F
:1089700001A151F822F000BF678A0200518902006C
:1089800051890200898A020051890200518902003E
:108990005189020051890200518902005189020067
:1089A000518902009F8A0200858A0200038A020020
:1089B000038A0200038A020051890200798A0200B8
:1089C0005189020051890200518902005189020037
:1089D000AF8A0200818A0200238A020051890200C4
:1089E00051890200AB8A020051890200858A020087
:1089F0005189020051890200678A0200453B022B1F
:108A0000A6D8052314E0A19B2146304698470028AC
:108A10003FF466AF4498002840F08D804FF0FF305F
:108A20008DE0419B43F40873419310234293042348
:108A300047936368002B49DD419B590604D42368A2
:108A40001A78BA5C120748D4479B022B57DC6B4656
:108A5000224641A9304600F07BF8012873D0022855
:108A60007FF425AFD6E7419A42F40072419210227A
:108A70006E2B429202D9DAE7002342930323D7E711
:108A80000823D3E70A22F3E7294640460DF0F3F81E
:108A9000419B43F04003419305460123C8E7419BB6
:108AA00043F0400341930023C2E70223C0E741980B
:108AB000C3063FF5FCAE009B459A191D00911B684B
:108AC00010F0010F14BF1A801A60F0E6A19B214636
:108AD000304698470028AFD09CE7459A013245922E
:108AE0006268013A002A626002DD01332360A6E772
:108AF000A19B2146304698470028A0D08AE7042B46
:108B00000EDC6B46224641A9304600F07BF8A4E714
:108B1000C75B03003D5C0300FE9B03008F9D0300C9
:108B20000A4B002B3FF4C3AE6B46224641A93046A8
:108B3000AFF3008091E7A3895B063FF56FAF0DF5BA
:108B4000227DBDE8F0874498F9E700BF00000000EF
:108B50002DE9F84315468A6880460C4632B98A6981
:108B6000002A14BF4FF0FF3201228A602268DFF82A
:108B70009090D1065FBF1A68111D19601668002712
:108B8000A06988B1012807D12B681A7863699B5CBA
:108B900053B9002F31D022E0022820D12B681B7856
:108BA00019F803301B071AD42368DA065EBF2B6856
:108BB0001B7806F8013B2A686B6801322A60A268BC
:108BC000013B013A6B600137A26042B1002BD7DC58
:108BD000D4F880312946404698470028D0D02368F1
:108BE00013F0100305D1E2680132E260A26902B11C
:108BF000337023693B4423610020BDE8F88300BF44
:108C0000FE9B03002DE9F04F98467A4B0C468246B6
:108C1000164693E8070087B003AB83E80700764B5E
:108C2000A169764A032908BF1A46A36801925A1E11
:108C3000B2F5AE7F88BF6FF4AE75274682BF03EBF7
:108C4000050940F25D13A36057F81C3B43F45063E1
:108C500098BF4FF0000923603D464FF0000B31688C
:108C600003AB097853F82B000222D8F749FA002801
:108C700040D0BBF1010F12D162682AB922680821E5
:108C800042F4007261602260226822F4A0622260D5
:108C9000A268511EA160DAB94FF0020BDFE7BBF109
:108CA000020F06D0A268511EA1608AB94FF0010BD5
:108CB000D5E7226802F4C061B1F5007F1FD142F40C
:108CC00080722260A26810216160511EA160B2B161
:108CD0003268511C3160127805F8012B7268013A34
:108CE000002A726006DCD4F8802131465046904755
:108CF000002874D10BF1010BBBF1030FAFD16368F6
:108D00000BB90A23636063683D496069C91A0CF0B6
:108D1000B2FF4FF0000BA368226873B3316860693B
:108D200091F800C010F80C0038B3BCF1300F16D128
:108D3000100514D50BF1010BB9F1000F03D001336D
:108D400009F1FF39A3607368013B002B73600DDDEF
:108D5000336801333360A368013BA360DBE722F48F
:108D6000106222600B7805F8013BECE7D4F8803103
:108D70003146504698470028EDD02368D9050DD5D7
:108D8000BD4209D915F8011CD4F87C313246504651
:108D9000984705F1FF394D46BD4228D0226812F0B0
:108DA000100213D12A706368019E39465046B047BD
:108DB000D8F8003021681A1DC8F8002011F0200FE3
:108DC0001B680FD01860E3680133E3602369ED1B73
:108DD0005D442B442361002007B0BDE8F08F4FF0C5
:108DE000000BCAE7CA074CBF18801860EBE70120E8
:108DF000F2E700BFD8600300E95C0300ED5C03000C
:108E0000CC9F030038B5074D0446084611460022A2
:108E10002A601A4606F043FA431C02D12B6803B1BC
:108E2000236038BDB093002001490020704700BF87
:108E30000000F87F242B2DE9F0478646904601D8A4
:108E4000012B06D106F027FA162303600020BDE8A7
:108E5000F08736480D462A4615F8014B065D16F098
:108E60000806F8D12D2C24D12C780126951C2BBB7B
:108E7000302C30D00A2306F1004C0CF1FF3C0022CC
:108E8000BCFBF3F9104603FB19CAA4F13007092F04
:108E900028D83C46A34234DD571C07D081452DD34A
:108EA00001D1A2452ADB00FB0340012215F8014B4A
:108EB000EBE72B2C04BF2C78951CD8E7102BDAD1CC
:108EC000302CD8D12A7802F0DF02582AD3D16C781E
:108ED00010230235CFE72B7803F0DF03582BF6D0B1
:108EE0000823C8E7A4F14107192F01D8373CD1E77F
:108EF000A4F16107192F04D8573CCBE74FF0FF329C
:108F0000D4E7531C08D12223CEF800306046B8F1D4
:108F1000000F9CD0691E06E006B14042B8F1000F78
:108F200095D0002AF6D1C8F8001090E7FE9B030008
:108F30002DE9F043364E86460D46284615F8014B7E
:108F4000375D17F00807F8D12D2C26D12C78012792
:108F5000851C3BBB302C32D00A234FF0FF38002653
:108F6000B8FBF3F803FB08F96FEA09093046A4F1EE
:108F7000300CBCF1090F29D86446A34237DDB6F1A5
:108F8000FF3F07D080452FD301D1A1452CDB00FB4B
:108F90000340012615F8014BE9E72B2C04BF2C7880
:108FA000851CD6E7102BD8D1302CD6D1287800F0EC
:108FB000DF005828D1D16C7810230235CDE72B780B
:108FC00003F0DF03582BF6D00823C6E7A4F1410CC9
:108FD000BCF1190F01D8373CCFE7A4F1610CBCF10B
:108FE000190F04D8573CC8E74FF0FF36D2E7731C7F
:108FF00006D12223CEF80030304632B9BDE8F083E6
:1090000007B14042002AF9D006B1691E1160F5E7A8
:10901000FE9B030013460A46014602480068FFF71C
:1090200087BF00BF98080020014806F02AB900BF9A
:10903000000B0020014806F02CB900BF000B0020F7
:1090400038B5074D00230446084611462B6006F04C
:109050002CF9431C02D12B6803B1236038BD00BF3B
:10906000B093002038B5064D0023044608462B6017
:1090700006F0F2F8431C02D12B6803B1236038BD1F
:10908000B0930020F8B5069F04461D4661B1164610
:10909000AFB9D8F7D9FB002384F8116184F81031F7
:1090A00084F8127184F8133145B11022294604F175
:1090B000F0000BF03BFF012384F81331F8BDD8F723
:1090C000C1F9E8E72DE9F04F044687B090F81201A6
:1090D00094F810910090002B55D0924600F00108B2
:1090E000C9F110021E4608EB0203B34204F5807773
:1090F00000F2C4800D46002A40F0B380009B002B94
:109100006AD194F8133104F1F009C846002B40F0FD
:10911000C18094F81131224639464846D8F740FAC2
:109120000F2E40F2CE80A6F1100323F00F03103370
:10913000019305EB030BD04694F813C1102341466D
:109140004A463846BCF1000F20D0D9F709FE10225C
:10915000494628460BF0EAFE103594F811312246B4
:1091600039464846D8F71CFA5D4508F11008E3D1A6
:1091700016F00F0621D184F81061C846102241462E
:1091800058460BF0D3FE07B0BDE8F08F10220BF06D
:10919000CDFE1022494628460BF0C8FE103594F843
:1091A0001131224639464846D8F7FAF9AB4508F15D
:1091B0001008C1D116F00F06DDD0019B9A4451462C
:1091C000384632460BF0B2FE009B84F81061002B4B
:1091D0007DD00DF10808D1E794F8113122463946C7
:1091E00002A8D7F7DDFF94F81331002B5BD1B8F15B
:1091F000000F0CBF4FF010094FF011094E4529D355
:1092000004F1F00801E04E4524D3514610223846BF
:1092100092440BF08BFE102202A928460BF086FE2A
:1092200094F811312246394602A8D7F7B9FF94F8CD
:109230001331103E1035002BE5D002A908464246F6
:109240001023D9F78DFD1022394640460BF06EFEF3
:109250004E45DAD22EBB84F81061AB460DF10808FA
:109260008CE7514607EB090092440BF05FFE009B30
:10927000103E4E44002B3FF444AFADE707EB09002E
:10928000514632460BF052FEB14484F8109107B0BB
:10929000BDE8F08F10234A4639463846D9F760FDBD
:1092A00037E7AB468BE702A904F1F0094A460846C6
:1092B0001023D9F755FD4846102239460BF036FEEB
:1092C00095E7002EEDD184F81061AB4656E704F126
:1092D000F00952E770B500F58075044690F810016A
:1092E000C0F110020E462844D1B20BF047FE04F143
:1092F000F002294628461023D9F732FD94F811319F
:10930000224629463046BDE87040D8F749B900BF2B
:1093100070B504461D4621B11646D8F795FA84F873
:10932000146145B11022294604F1F0000BF0FEFD56
:109330001023C4F8103170BD2DE9F04F8346D0F8EA
:10934000105185B0884617461E469BB105F58072C0
:10935000102DC5F11004394640465A440FD0B4428E
:1093600028BF34462346D9F7FBFC361BA0442744CC
:109370002544EBD1CBF8105105B0BDE8F08F0BF5CB
:10938000807420469BF814315A460BF1F001D8F74F
:1093900007F99BF8FF109BF8FE309BF8F3C09BF891
:1093A000F2E09BF8F1909BF8F0A0013103EB112360
:1093B0008BF8FF109BF8FD108BF8FE3001EB1321AA
:1093C0009BF8FC308BF8FD1003EB11239BF8FB108E
:1093D0008BF8FC3001EB132319469BF8FA3000910F
:1093E00003EB11209BF8F9309BF8F710019022460F
:1093F00003EB10249BF8F8309BF8F600029403EB83
:10940000142501EB15219BF8F540039500EB112085
:109410009BF8F45004EB102405EB14250CEB152CF1
:109420000EEB1C2E09EB1E290AEB192A00236AF306
:10943000070369F30F236EF317436CF31F63CBF835
:10944000F030002365F3070364F30F2360F3174341
:10945000039D029C019861F31F63CBF8F430002355
:1094600065F30703009964F30F23102E60F317438D
:10947000354661F31F6328BF1025CBF8F830394615
:1094800040462B46D9F76CFC761B2F44A8447FF44A
:109490005DAF6FE710B485B0FBB1874C0460874CBB
:1094A0004460874C8460A4F16464A4F5E334A4F5BB
:1094B000DF74C4601C6804615C6844619C688461FA
:1094C000DC68C4611C6904625C6944629C698462F2
:1094D000DC69C462402380F8803000295FD0002A14
:1094E00000F0B380531ECC5C8DF80F40002B00F0D1
:1094F000B180931ECC5C8DF80E40002B00F0B6803E
:10950000D31ECC5C8DF80D40002B00F0B380131FF0
:10951000CC5C8DF80C40002B00F0B080531FCC5C6D
:109520008DF80B40002B00F0AD80931FCC5C8DF8C4
:109530000A40002B36D0D31FCC5C8DF80940002B9D
:1095400000F0A480A2F10803CC5C8DF80840002B49
:1095500000F0A080A2F10903CC5C8DF80740002B3D
:1095600000F09D80A2F10A03CC5C8DF80640002B30
:1095700000F09B80A2F10B03CC5C8DF80540002B22
:1095800000F09680114411F80C3C8DF80430DDE9B0
:109590000112039B069CC0E90E23C0E90C4105B0F3
:1095A00010BC7047ADF80830062303F10D01694483
:1095B0000024DA1E01F80C4C002AE8D003F10C015B
:1095C0000DEB01041A1F002104F80C1C002ADED048
:1095D00003F10B046C445A1F04F80C1C002AD6D06B
:1095E00003F10A020DEB0204991F002204F80C2C6F
:1095F0000029CCD003F109046C44D91F04F80C2CC9
:109600000029C4D003F108046C44A3F1080104F854
:109610000C2C0029BBD0DC1D6C44A3F1090104F81B
:109620000C2C0029B3D09C1D6C44A3F10A0104F852
:109630000C2C0029ABD0591D69440B3B01F80C2CB4
:10964000002BA4D08DF80420A1E78DF80B20039205
:109650000C23C5E78DF80E300B2303F110026A448A
:10966000002102F80E1C02F80F1CA7E78DF80D3040
:109670000A23F2E78DF80C300923EEE78DF80B3062
:109680000823EAE78DF80A300723E6E78DF808306B
:109690000523E2E70023ADF80630042385E78DF8C3
:1096A00006308DF8053003237FE7ADF804306EE710
:1096B0008DF804306BE700BF657870616E6420330D
:1096C000322D62792DE9F04390F88060904691B098
:1096D0000446324623B389461F460AE041464846BF
:1096E0002B466246D9F73CFB7F1BA844A9442E4475
:1096F00015D0402E19D006F1400CC6F14005BD42F0
:1097000028BF3D46A444B8F1000FE7D148462A4699
:1097100061460BF00BFC7F1BA9442E44E9D1F2B249
:1097200084F8802011B0BDE8F08363680193A368DA
:109730000293E36803932369049363690593A36920
:109740000693E3690793236A0893636A0993A36AFC
:109750000A93E36A0B93236B0C93636B0D93D4E929
:109760000E23216800916846CDE90E23D9F726FA29
:109770002168009B019A0B44616823640A44029BA0
:10978000A16862640B44039AE168A3640A44049BE1
:109790002169E2640B44059A616923650A44069BCA
:1097A000A16962650B44079AE169A3650A44089BB5
:1097B000216AE2650B44099A616A23660A440A9B9E
:1097C0006266A26A1344A3660B9AE16A236B114492
:1097D0000C9AE1661A440133236322670D9B626B86
:1097E0001A4462670E9BA26B1A44A2670F9BE26B3E
:1097F00013443546B446E367002680E700B589B0D8
:109800000146684601F0B8F809B05DF804FB00BFF6
:1098100000B591B00146684604F014FB11B05DF844
:1098200004FB00BFF0B5A5B005460E4601A81946D9
:10983000174600F07DFE01A9044616A804F0EEF9D3
:1098400016A9044308A800F099FE1C2108A8D9F71E
:1098500079FA3946044316A800F06AFE16AA08A948
:1098600004430FA800F0C4FE314616A800F060FEC5
:109870000FA916AA084600F0A7FE01A916A800F035
:10988000C3FE0FA916AA084600F0B2FE1C210FA8BD
:10989000D9F758FA08A90443284600F07FFE05F1DD
:1098A0001C000FA900F07AFE44F3000025B0F0BDC3
:1098B000F0B5B9B005460F4600F11C0107A81646E1
:1098C00000F036FE07A90446684600F09DFE3946C2
:1098D00007A800F02DFE07A96A46084600F088FE9A
:1098E00007A91CA804F09AF92946054607A800F024
:1098F0001FFE6A4607A90443684600F079FE314618
:109900002AA804F0B3F82AA96A460443084604F0DA
:10991000DFF81CAA04432AA915A8D9F72DFA15A91E
:109920000846D9F7D3FA1CAA2AA90EA8D9F782FAB1
:1099300015A90EAA0846D9F755FA15A908461A4AD4
:10994000D9F750FA23AA31A90EA8D9F715FA0EA90A
:10995000084600F0EBF90EA915AA0846D9F76AFAED
:109960000EA90846D9F7B2FA1CAA0EA915A8D9F76C
:1099700039FA15A92AAA0846D9F734FA15A968466A
:1099800000F0FCFD6A422AA96846D8F789F91C2232
:109990000DEB02016846D9F7C1F90138204340F3C5
:1099A000000039B0F0BD00BF2C790300F0B5A9B0BC
:1099B00005460E4668461946174600F0DDFF694623
:1099C000044618A804F026FB18A9044308A800F0D0
:1099D000FDFF20210DEB0100D9F7B4F9394604430E
:1099E00018A800F0C9FF18AA08A9044310A801F09C
:1099F0002BF8314618A800F0BFFF10A918AA084696
:109A000001F00EF8694618A801F02CF810A918AA60
:109A1000084601F019F8202110A8D9F793F908A9F0
:109A20000443284600F0E2FF05F1200010A900F0F1
:109A3000DDFF44F3000029B0F0BD00BFF0B5C1B0B8
:109A400005460F4600F1200108A8164600F094FFD5
:109A500008A90446684601F005F8394608A800F050
:109A60008BFF08A96A46084600F0EEFF08A920A867
:109A700004F0D0FA2946054608A800F07DFF6A46A2
:109A800008A90443684600F0DFFF314630A804F01F
:109A9000D9F930A96A460443084604F005FA20AA19
:109AA000044330A918A8D9F717FA18A90846D9F716
:109AB000F1FA20AA30A910A8D9F7D4FA18A910AA47
:109AC0000846D9F747FA18A908461A4AD9F742FAB8
:109AD00028AA38A910A8D9F7FFF910A9084600F05C
:109AE00031FA10A918AA0846D9F7BCFA10A90846F5
:109AF000D9F7D0FA20AA10A918A8D9F72BFA18A9D3
:109B000030AA0846D9F726FA18A9684600F05EFF81
:109B10006A4230A96846D8F797FA20220DEB020175
:109B20006846D9F7FBF80138204340F3000041B004
:109B3000F0BD00BF48790300F0B5BDB005460E4644
:109B400068461946174601F0B1FA6946044624A84A
:109B500004F04AFC24A904430CA801F0DDFA3021EA
:109B60000DEB0100D9F7EEF83946044324A801F0C3
:109B70009DFA24AA0CA9044318A801F017FB31464A
:109B800024A801F093FA18A924AA084601F0FAFAC9
:109B9000694624A801F042FB18A924AA084601F04E
:109BA00005FB302118A8D9F7CDF80CA904432846A5
:109BB00001F0C2FA05F1300018A901F0BDFA44F332
:109BC00000003DB0F0BD00BFF0B5E1B005460F4666
:109BD00000F130010CA8164601F068FA0CA9044601
:109BE000684601F01BFB39460CA801F05FFA0CA98E
:109BF0006A46084601F0DAFA0CA930A804F0F4FB32
:109C0000294605460CA801F051FA6A460CA90443FE
:109C1000684601F0CBFA314648A804F00FFB48A98A
:109C20006A460443084604F03BFB30AA044348A9B3
:109C300024A8D9F747FA24A90846D9F777FB30AA10
:109C400048A918A8D9F732FB24A918AA0846D9F7B9
:109C500091FA24A908461A4AD9F78CFA3CAA54A9C1
:109C600018A8D9F72FFA18A9084600F0FBFA18A986
:109C700024AA0846D9F71AFB18A90846D9F756FBB3
:109C800030AA18A924A8D9F775FA24A948AA084621
:109C9000D9F770FA24A9684601F03EFA6A4248A949
:109CA0006846D8F723FC30220DEB02016846D9F74D
:109CB00035F80138204340F3000061B0F0BD00BF2B
:109CC0006879030070B588B004460D461646002139
:109CD0001C2201A80BF052F9002329461C22204621
:109CE00001930BF023F901A92A460846D9F77AF81F
:109CF000324601A92046D7F7D3FF08B070BD00BF98
:109D00000B681BBA83614B681BBA43618B681BBA33
:109D10000361CB681BBAC3600B691BBA83604B69D4
:109D20001BBA43608B691BBA0360704770B59CB067
:109D3000054615A80E46D9F7C9F815A932460846B2
:109D4000D9F778F815A90846D9F7C0F8324615A909
:109D50006846D9F76FF8694615A8D9F7B7F815A975
:109D60000846D9F7B3F815A90846D9F7AFF86A46F7
:109D700015A907A8D9F75EF807A915A8D9F7A6F875
:109D800015A90846D9F7A2F815A90846D9F79EF8EB
:109D900015A90846D9F79AF815A90846D9F796F8EB
:109DA00015A90846D9F792F815A907AA6846D9F760
:109DB00041F80424694615A8D9F788F815A908467A
:109DC000D9F784F815A90846D9F780F8013C15A9F8
:109DD000F1D16A460EA8D9F72DF808240EA915A8C6
:109DE000D9F774F815A90846D9F770F815A90846E7
:109DF000D9F76CF8013C15A9F1D10EAA6846D9F73C
:109E000019F81024694615A8D9F760F815A908466D
:109E1000D9F75CF815A90846D9F758F8013C15A9F7
:109E2000F1D16A466846D9F705F80824694615A8AD
:109E3000D9F74CF815A90846D9F748F815A90846E6
:109E4000D9F744F8013C15A9F1D10EAA0846D8F774
:109E5000F1FF15A90846D9F739F815A90846D9F729
:109E600035F815A90846D9F731F815A90846D9F7E4
:109E70002DF815A90846D9F729F815A90846D9F7E4
:109E800025F815A907AA0846D8F7D4FF15A908464A
:109E9000D9F71CF815A908463246D8F7CBFF15A903
:109EA0000846D9F713F8202415A90846D9F70EF863
:109EB00015A90846D9F70AF815A90846D9F706F8EA
:109EC000013CF1D16A4615A92846D8F7B3FF1CB06A
:109ED00070BD00BF70B588B004460D46164600211F
:109EE000202268460BF04AF800232946202220460B
:109EF00000930BF01BF82A4669466846D9F72AF802
:109F0000324669462046D8F79FF808B070BD00BFBA
:109F10000B681BBAC3614B681BBA83618B681BBAA1
:109F20004361CB681BBA03610B691BBAC3604B6901
:109F30001BBA83608B691BBA4360CB691BBA036091
:109F4000704700BF70B598B00D46064610A8D9F707
:109F5000A1F82A4610A96846D9F784F8694610A8DE
:109F6000D9F798F810A90846D9F794F86A4610A9C5
:109F700008A8D9F777F808A910A8D9F78BF810A97D
:109F80000846D9F787F810A90846D9F783F810A929
:109F90000846D9F77FF810A908AA0846D9F762F849
:109FA00010A90846D9F776F810A90846D9F772F82B
:109FB00010A96A4608A8D9F755F8052408A910A8D9
:109FC000D9F768F810A90846D9F764F8013C10A938
:109FD000F5D108AA0846D9F745F8052410A908467E
:109FE000D9F758F810A90846D9F754F8013CF5D12B
:109FF00010A908AA0846D9F735F810A908A8D9F772
:10A0000049F808A90846D9F745F808A96A466846F4
:10A01000D9F728F81024694610A8D9F73BF810A9F9
:10A020000846D9F737F8013C10A9F5D12A46084669
:10A03000D9F718F8402410A90846D9F72BF810A929
:10A040000846D9F727F8013CF5D110A96A46084619
:10A05000D9F708F8102410A90846D9F71BF810A959
:10A060000846D9F717F8013CF5D110A96A46084609
:10A07000D8F7F8FF102410A90846D9F70BF810A953
:10A080000846D9F707F8013CF5D110A908AA0846F7
:10A09000D8F7E8FF2A4610A93046D8F7E3FF18B0F2
:10A0A00070BD00BF70B5A4B014460D4606461146FB
:10A0B00018A8D9F73BF9224618A96846D9F7F6F847
:10A0C000694618A8D9F732F918A90846D9F72EF920
:10A0D0006A4618A92846D9F7E9F8294618A8D9F7F1
:10A0E00025F9224618A90CA8D9F7E0F805240CA9EF
:10A0F00018A8D9F71BF9013C18A9F9D10CAA0846F0
:10A10000D9F7D4F8052418A90846D9F70FF9013C66
:10A11000F9D118A90CAA3046D9F7C8F80F2431464E
:10A1200018A8D9F703F9013C18A9F9D132460CA8AF
:10A13000D9F7BCF80CA92846D9F7F8F829462846DB
:10A14000D9F7F4F81C24294618A8D9F7EFF8013CF0
:10A1500018A9F9D10CAA1046D9F7A8F83C240CA9E3
:10A1600018A8D9F7E3F8013C18A9F9D10CAA1046B0
:10A17000D9F79CF878240CA918A8D9F7D7F8013C8E
:10A1800018A9F9D10CAA0846D9F790F80F2418A9F4
:10A190000846D9F7CBF8013CF9D118A93246084650
:10A1A000D9F784F8212418A90846D9F7BFF8013C4B
:10A1B000F9D118A92A460846D9F778F86A4618A9A5
:10A1C0003046D9F773F824B070BD00BF70B58CB0BD
:10A1D0000D46044616460021302268460AF0CEFE9F
:10A1E0000023AE460093BEE80F00A446ACE80F0083
:10A1F000BEE80F00ACE80F009EE80F008CE80F00EF
:10A200002A4669466846D8F7B5FF32466946204671
:10A21000D8F76CF90CB070BD0B681BBAC3624B6801
:10A220001BBA83628B681BBA4362CB681BBA03629A
:10A230000B691BBAC3614B691BBA83618B691BBA7B
:10A240004361CB691BBA03610B6A1BBAC3604B6ADB
:10A250001BBA83608B6A1BBA4360CB6A1BBA03606C
:10A26000704700BF70B598B00A460D4606460CA967
:10A270006846FFF717FF602469466846D9F756F825
:10A28000013CF9D10CAA69466846D9F70FF82A466D
:10A2900069463046D9F70AF818B070BD70B5BCB041
:10A2A000054630A80E46D9F741F830A90846D9F737
:10A2B0003DF830A932466846D8F7F8FF04246946CD
:10A2C00030A8D9F733F8013C30A9F9D16A460846DD
:10A2D000D8F7ECFF30A90846D9F728F830A9084686
:10A2E000D9F724F830A932466846D8F7DFFF0A24A8
:10A2F000694630A8D9F71AF8013C30A9F9D16A4665
:10A300000846D8F7D3FF0A2430A90846D9F70EF833
:10A31000013CF9D16A4630A924A8D8F7C7FF24A97F
:10A3200030A8D9F703F830A90846D8F7FFFF30A9BD
:10A3300032466846D8F7BAFF1E24694630A8D8F7D7
:10A34000F5FF013C30A9F9D124AA1046D8F7AEFF99
:10A3500024A930A8D8F7EAFF30A90846D8F7E6FFC5
:10A3600030A9324618A8D8F7A1FF402418A930A870
:10A37000D8F7DCFF013C30A9F9D118AA0CA8D8F70E
:10A3800095FF0CA90846D8F7D1FF3F240CA930A8A7
:10A39000D8F7CCFF013C30A9F9D118AA0846D8F764
:10A3A00085FF3E2430A90846D8F7C0FF013CF9D10B
:10A3B00030A924AA0846D8F779FF222430A90846F4
:10A3C000D8F7B4FF013CF9D130A96A460846D8F75E
:10A3D0006DFF602430A90846D8F7A8FF013CF9D1E9
:10A3E00030A90CAA0846D8F761FF6A4630A928466A
:10A3F000D8F75CFF3CB070BD2DE9F04387B090F812
:10A400004460012305460C469046059316B3C6F1F9
:10A4100010039A4204D2002A49D107B0BDE8F08364
:10A4200034301A4630441C440AF080FDAB6B029372
:10A43000EB6B03932B6C049301AA6B6B019305F1F7
:10A4400014012846D8F77AFFA8F110080023B04479
:10A4500085F84430B8F10F0F98BF274619D9A8F1F5
:10A46000100727F00F07103705F11409274460681B
:10A47000A668E36854F810CB01AACDE901C04946AB
:10A480002846CDE90363D8F759FFBC42EFD108F065
:10A490000F08B8F1000FC0D04246394605F134002C
:10A4A0000AF044FD85F8448007B0BDE8F0833430FD
:10A4B00030440AF03BFD95F84430434485F844307D
:10A4C000ABE700BFF0B501F11C049DB005460E4698
:10A4D00068462146144A154FD7F78EFC07A9224635
:10A4E0000846D7F755FB07A93A460EA8D7F784FCCC
:10A4F000159BF4690EAA31462846E41AD7F764FB87
:10A500003A462946241A2846D7F75EFB241AE24326
:10A510003946D20F2846D7F79BFB3946021B2846FF
:10A52000D7F76EFB1DB0F0BD98790300B479030036
:10A5300070B50B68104E1BBA83614B681BBA436140
:10A540008B681BBA0361CB681BBAC3600B691BBA6B
:10A5500083604B691BBA43608B691BBA3246036048
:10A5600001460446D7F730FB3146054602462046F1
:10A57000D7F746FB681E70BDB479030038B5064DA9
:10A580002A460446D7F720FB294602462046BDE866
:10A590003840D7F735BB00BFB47903008B691BBACD
:10A5A00003604B691BBA43600B691BBA8360CB68BD
:10A5B0001BBAC3608B681BBA03614B681BBA43614B
:10A5C0000B681BBA8361704770B50446D7F7E0FA91
:10A5D000064E2146324605462046D7F7F5FA314663
:10A5E000421B2046BDE87040D7F70ABBB479030090
:10A5F00010B58EB004466846D7F7FEFB6946204684
:10A60000FFF760FF0EB010BDF0B59DB004460EA878
:10A610000F46D7F76DFC0EA907A8FFF753FF3A4680
:10A6200007A90EA8D7F7E8FB0EA96846FFF74AFF6F
:10A6300069460EA8D7F75CFC0EA907A8FFF742FFF2
:10A6400007A90EA8D7F754FC0EA907A8FFF73AFFF1
:10A650006A4607A90EA8D7F7CFFB0EA96846FFF7F1
:10A6600031FF69460EA8D7F743FC0EA907A8FFF7EC
:10A6700029FF07A90EA8D7F73BFC0EA907A8FFF7EB
:10A6800021FF07A90EA8D7F733FC0EA907A8FFF7EB
:10A6900019FF07A90EA8D7F72BFC0EA907A8FFF7EB
:10A6A00011FF6A4607A90EA8D7F7A6FB0EA96846B0
:10A6B000FFF708FF0225694600E001250EA8D7F73D
:10A6C00017FC0EA907A8FFF7FDFE07A90EA8D7F7EC
:10A6D0000FFC0EA907A8FFF7F5FE07A90EA8D7F7EC
:10A6E00007FC0EA907A8FFF7EDFE07A90EA8D7F7EC
:10A6F000FFFB0EA907A8FFF7E5FE012D07A9DCD196
:10A700006A460EA8D7F778FB0EA96846FFF7DAFE6F
:10A71000042569460EA8D7F7EBFB0EA907A8FFF79B
:10A72000D1FE07A90EA8D7F7E3FB0EA907A8FFF7EC
:10A73000C9FE07A90EA8D7F7DBFB0EA907A8FFF7EC
:10A74000C1FE07A90EA8D7F7D3FB0EA907A8FFF7EC
:10A75000B9FE013D07A9DDD16A460EA8D7F74CFB2B
:10A760000EA96846FFF7AEFE082569460EA8D7F782
:10A77000BFFB0EA907A8FFF7A5FE07A90EA8D7F7EC
:10A78000B7FB0EA907A8FFF79DFE07A90EA8D7F7EC
:10A79000AFFB0EA907A8FFF795FE07A90EA8D7F7EC
:10A7A000A7FB0EA907A8FFF78DFE013D07A9DDD184
:10A7B0006A460EA8D7F720FB0EA907A8FFF782FE6E
:10A7C000082507A90EA8D7F793FB0EA907A8FFF73E
:10A7D00079FE07A90EA8D7F78BFB0EA907A8FFF7EC
:10A7E00071FE07A90EA8D7F783FB0EA907A8FFF7EC
:10A7F00069FE07A90EA8D7F77BFB0EA907A8FFF7EC
:10A8000061FE013DDDD16A4607A90EA8D7F7F4FA2B
:10A810000EA92046FFF756FE384E202501E0013DE7
:10A8200016D021460EA8D7F763FB0EA92046FFF7E6
:10A8300049FE002E4FEA4606F1DA3A4621460EA8B6
:10A84000D7F7DAFA0EA92046FFF73CFE013DE8D122
:10A850002B4E202501E0013D16D021460EA8D7F74A
:10A8600047FB0EA92046FFF72DFE002E4FEA4606B5
:10A87000F1DA3A4621460EA8D7F7BEFA0EA92046CD
:10A88000FFF720FE013DE8D11E4E202501E0013DED
:10A8900016D021460EA8D7F72BFB0EA92046FFF7AE
:10A8A00011FE002E4FEA4606F1DA3A4621460EA87E
:10A8B000D7F7A2FA0EA92046FFF704FE013DE8D122
:10A8C000114E202501E0013D16D021460EA8D7F7F4
:10A8D0000FFB0EA92046FFF7F5FD002E4FEA4606B6
:10A8E000F1DA3A4621460EA8D7F786FA0EA9204695
:10A8F000FFF7E8FD013DE8D11DB0F0BDA216FFFF56
:10A900003EF0B8E04529DD133B2A5C5CF0B5144607
:10A91000A1B005460F4668462146154A154ED7F7A1
:10A9200059FC08A922460846D7F7F2FA08A9324688
:10A9300010A8D7F74FFC189B246810AA3946284660
:10A94000E41AD7F705FB32462946241A2846D7F7DA
:10A95000FFFA241AE2433146D20F2846D7F746FBC6
:10A960003146021B2846D7F713FB21B0F0BD00BFCC
:10A97000D0790300F079030070B50B68124E1BBA52
:10A98000C3614B681BBA83618B681BBA4361CB6898
:10A990001BBA03610B691BBAC3604B691BBA8360A6
:10A9A0008B691BBA4360CB691BBA32460360014610
:10A9B0000446D7F7CDFA3146054602462046D7F77A
:10A9C000E7FA681E70BD00BFF079030038B5064D88
:10A9D0002A460446D7F7BCFA294602462046BDE877
:10A9E0003840D7F7D5BA00BFF0790300CB691BBA5E
:10A9F00003608B691BBA43604B691BBA83600B69A8
:10AA00001BBAC360CB681BBA03618B681BBA436176
:10AA10004B681BBA83610B681BBAC361704700BFE8
:10AA200070B50446D7F774FA064E214632460546FD
:10AA30002046D7F78DFA3146421B2046BDE87040CC
:10AA4000D7F7A6BAF079030010B590B0044668466F
:10AA5000D7F7C0FB08AA69462046FFF757FF10B09A
:10AA600010BD00BFF0B5A1B0044610A80F46D7F73F
:10AA70004DFC18AA10A908A8FFF748FF3A4608A9F4
:10AA800010A8D7F7A7FB18AA10A96846FFF73EFF42
:10AA9000694610A8D7F73AFC18AA10A908A8FFF72A
:10AAA00035FF08A910A8D7F731FC18AA10A908A8E3
:10AAB000FFF72CFF6A4608A910A8D7F78BFB18AA46
:10AAC00010A96846FFF722FF694610A8D7F71EFCB9
:10AAD00018AA10A908A8FFF719FF08A910A8D7F706
:10AAE00015FC18AA10A908A8FFF710FF08A910A8BC
:10AAF000D7F70CFC18AA10A908A8FFF707FF08A9A8
:10AB000010A8D7F703FC18AA10A908A8FFF7FEFEA3
:10AB10006A4608A910A8D7F75DFB10A918AA6846CD
:10AB2000FFF7F4FE0225694600E0012510A8D7F7DB
:10AB3000EDFB18AA10A908A8FFF7E8FE08A910A8BD
:10AB4000D7F7E4FB18AA10A908A8FFF7DFFE08A9A9
:10AB500010A8D7F7DBFB18AA10A908A8FFF7D6FEA4
:10AB600008A910A8D7F7D2FB10A918AA08A8FFF7C0
:10AB7000CDFE012D08A9D8D16A4610A8D7F72AFB27
:10AB800010A918AA6846FFF7C1FE0425694610A857
:10AB9000D7F7BCFB18AA10A908A8FFF7B7FE08A9A9
:10ABA00010A8D7F7B3FB18AA10A908A8FFF7AEFEA4
:10ABB00008A910A8D7F7AAFB18AA10A908A8FFF798
:10ABC000A5FE08A910A8D7F7A1FB10A918AA08A8E4
:10ABD000FFF79CFE013D08A9D9D16A4610A8D7F716
:10ABE000F9FA10A918AA6846FFF790FE10256946E1
:10ABF00010A8D7F78BFB18AA10A908A8FFF786FEA4
:10AC000008A910A8D7F782FB18AA10A908A8FFF76F
:10AC10007DFE08A910A8D7F779FB18AA10A908A8E3
:10AC2000FFF774FE08A910A8D7F770FB10A918AA9F
:10AC300008A8FFF76BFE013D08A9D9D16A4610A804
:10AC4000D7F7C8FA18AA10A908A8FFF75FFE0825C9
:10AC500008A910A8D7F75AFB18AA10A908A8FFF747
:10AC600055FE08A910A8D7F751FB18AA10A908A8E3
:10AC7000FFF74CFE08A910A8D7F748FB18AA10A99F
:10AC800008A8FFF743FE08A910A8D7F73FFB18AAAA
:10AC900010A908A8FFF73AFE013DD9D16A4608A9D4
:10ACA00010A8D7F797FA18AA10A92046FFF72EFE8A
:10ACB0003C4D202601E0013E18D0214610A8D7F7D0
:10ACC00025FB18AA10A92046FFF720FE002D4FEA09
:10ACD0004505F0DA3A46214610A8D7F77BFA18AABC
:10ACE00010A92046FFF712FE013EE6D12E4D202688
:10ACF00001E0013E18D0214610A8D7F707FB18AA9B
:10AD000010A92046FFF702FE002D4FEA4505F0DAB4
:10AD10003A46214610A8D7F75DFA18AA10A920468E
:10AD2000FFF7F4FD013EE6D1204D202601E0013E73
:10AD300018D0214610A8D7F7E9FA18AA10A920467A
:10AD4000FFF7E4FD002D4FEA4505F0DA3A462146CB
:10AD500010A8D7F73FFA18AA10A92046FFF7D6FD8A
:10AD6000013EE6D1124D202601E0013E18D02146D9
:10AD700010A8D7F7CBFA18AA10A92046FFF7C6FDEE
:10AD8000002D4FEA4505F0DA3A46214610A8D7F7DC
:10AD900021FA18AA10A92046FFF7B8FD013EE6D116
:10ADA00021B0F0BDADFAE6BC849E17A7C2CAB9F3C4
:10ADB0004F2563FC2DE9F047DFF8E080384DA4B063
:10ADC000044689469246202701E0013F63D0214690
:10ADD0000CA8D7F7E7FE42461EA96846D6F76AFEDA
:10ADE00012A96A460846D7F7A1FA12A906462A46CA
:10ADF0000846D7F7C9FA2946821B12A8D7F7F2FAF4
:10AE0000424618A96846D6F755FE6A460CA9204660
:10AE1000D7F78CFA2A46214606462046D7F7B4FAD9
:10AE20002946821B2046D7F7DDFABAF1000F4FEA18
:10AE30004A0ACADA4A4621460CA8D7F723FD4246F9
:10AE40001EA96846D6F736FE12A96A460846D7F705
:10AE50006DFA12A906462A460846D7F795FA2946FA
:10AE6000821B12A8D7F7BEFA424618A96846D6F741
:10AE700021FE6A460CA92046D7F758FA2A462146F1
:10AE800006462046D7F780FA2946821B2046D7F788
:10AE9000A9FA013F9BD124B0BDE8F087107A0300E6
:10AEA000287A03002DE9F041624E634DA4B00446B8
:10AEB000904600E021460CA8D7F774FE32461EA942
:10AEC0006846D6F7F7FD12A96A460846D7F72EFA64
:10AED00012A907462A460846D7F756FA2946C21B42
:10AEE00012A8D7F77FFA324618A96846D6F7E2FDCE
:10AEF0006A460CA92046D7F719FA2A460746214682
:10AF00002046D7F741FA2946C21B2046D7F76AFAEE
:10AF100021460CA8D7F746FE32461EA96846D6F74A
:10AF2000C9FD12A96A460846D7F700FA12A90746D2
:10AF30002A460846D7F728FA2946C21B12A8D7F78F
:10AF400051FA324618A96846D6F7B4FD6A460CA9EC
:10AF50002046D7F7EBF92A46074621462046D7F781
:10AF600013FA2946C21B2046D7F73CFA21460CA803
:10AF7000D7F718FE32461EA96846D6F79BFD12A9E0
:10AF80006A460846D7F7D2F912A907462A46084664
:10AF9000D7F7FAF92946C21B12A8D7F723FA324687
:10AFA00018A96846D6F786FD6A460CA92046D7F749
:10AFB000BDF92A46074621462046D7F7E5F9294636
:10AFC000C21B2046D7F70EFA21460CA8D7F7EAFD98
:10AFD00032461EA96846D6F76DFD12A96A46084694
:10AFE000D7F7A4F912A907462A460846D7F7CCF99D
:10AFF0002946C21B12A8D7F7F5F9324618A96846A8
:10B00000D6F758FD6A460CA92046D7F78FF92A468D
:10B01000074621462046D7F7B7F92946C21B2046E6
:10B02000D7F7E0F9B8F104087FF444AF24B0BDE8E5
:10B03000F08100BF107A0300287A0300F0B5194FA1
:10B04000194DA5B004460CA8D7F7ACFD3A461EA989
:10B050006846D6F72FFD12A96A460846D7F766F963
:10B0600012A906462A460846D7F78EF92946821BBA
:10B0700012A8D7F7B7F93A4618A96846D6F71AFDC5
:10B080006A460CA92046D7F751F92A4621460646BA
:10B090002046D7F779F92946821B2046D7F7A2F92F
:10B0A00025B0F0BD107A0300287A030070B50B6854
:10B0B000184E1BBAC3624B681BBA83628B681BBAFB
:10B0C0004362CB681BBA03620B691BBAC3614B694D
:10B0D0001BBA83618B691BBA4361CB691BBA0361DD
:10B0E0000B6A1BBAC3604B6A1BBA83608B6A1BBABC
:10B0F0004360CB6A1BBA3246036001460446D7F769
:10B1000043F93146054602462046D7F76BF9681EDB
:10B1100070BD00BF287A030038B5064D2A460446A4
:10B12000D7F732F9294602462046BDE83840D7F71E
:10B1300059B900BF287A0300CB6A1BBA03608B6A37
:10B140001BBA43604B6A1BBA83600B6A1BBAC360AD
:10B15000CB691BBA03618B691BBA43614B691BBA8C
:10B1600083610B691BBAC361CB681BBA03628B682E
:10B170001BBA43624B681BBA83620B681BBAC3627B
:10B18000704700BF70B50446D7F7D0F8064E214689
:10B19000324605462046D7F7F7F83146421B20468F
:10B1A000BDE87040D7F71EB9287A0300F0B5194FF3
:10B1B000194DA5B004460CA8D7F764FB3A461EA962
:10B1C0006846D6F777FC12A96A460846D7F7AEF864
:10B1D00012A906462A460846D7F7D6F82946821B02
:10B1E00012A8D7F7FFF83A4618A96846D6F762FCC6
:10B1F0006A460CA92046D7F799F82A462146064602
:10B200002046D7F7C1F82946821B2046D7F7EAF82F
:10B2100025B0F0BD107A0300287A030030B599B04C
:10B220000D4604460CA8FFF709FF2A460CA96846FC
:10B23000FFF7BCFF69460CA8FFF700FF0CA9084602
:10B24000FFF7FCFE6A460CA96846FFF7AFFF6946A8
:10B250000CA80422FFF726FE6A460CA96846FFF7F1
:10B26000A5FF69460CA80822FFF71CFE6A460CA938
:10B270006846FFF79BFF69460CA81022FFF712FEF5
:10B280006A460CA96846FFF791FF69460CA8202280
:10B29000FFF708FE6A460CA96846FFF787FF694674
:10B2A0000CA84022FFF7FEFD0CA96A460846FFF7EE
:10B2B0007DFF0CA908464022FFF7F4FD6A460CA961
:10B2C0002046FFF773FF294620460F4AFFF772FD1D
:10B2D000294620460D4AFFF76DFD294620460C4AB7
:10B2E000FFF768FD294620460A4AFFF763FD294615
:10B2F0002046094AFFF75EFD084A29462046FFF727
:10B3000059FD19B030BD00BF814D63C7DF2D37F443
:10B31000B20D1A587AA7B0486A19ECEC7129C5CC5D
:10B320002DE9F04F814689B01046D9F800300093DE
:10B330003F28D9E90138D9E9034240F20C818B4614
:10B34000A0F1400121F03F0140315944029109F13F
:10B35000100509F5A671DFF814A20691039509F509
:10B36000A871CDF804800790DBF8000090FA80FE09
:10B37000C9F814E0DBF8040090FA80F8C9F81880E6
:10B38000DBF8080000BAC9F81C00DBF80C0000BAB2
:10B39000C9F82000DBF8100000BAC9F82400DBF877
:10B3A000140000BAC9F82800DBF8180000BAC9F880
:10B3B0002C00DBF81C0000BAC9F83000DBF82000D4
:10B3C00000BAC9F83400DBF8240000BAC9F8380024
:10B3D000DBF8280000BAC9F83C00DBF82C0000BA02
:10B3E000C9F84000DBF8300000BAC9F84400DBF8C7
:10B3F000346036BAC9F84860DBF838502DBAC9F85D
:10B400004C50DBF83C0000BAC9F85000CDE90432DA
:10B410000BF1400B4F464FF0100CFA697B6B534019
:10B42000734083EA0E034FEAF376D7F820E0BB6B54
:10B430007E658EEA03036B4083EA08034FEAF375E7
:10B44000D7F82480FB6BBD6588EA030353400CF1F9
:10B45000030C43404FEAF370BCF14F0FF86507F15E
:10B460000C07DAD1DDE90432069F57F8085C57F87B
:10B470001C0C684057F8345C684057F83C5C6840E6
:10B480004FEAF07047F8040FB942EED1DDE900C68B
:10B49000DDF80CE0CDF800902746002510E05C4078
:10B4A000D1465EF8040F00EBFC60484420444FEAAC
:10B4B000B308104401353A4663463746844646464B
:10B4C000132D4BDD272D87EA0604E8DD46EA030449
:10B4D0003B2D04EA070405DC06EA0300DFF8909040
:10B4E0000443DEE75EF8040F00EBFC6000F14A4025
:10B4F00000F5C50087EA060400F583405C4056303D
:10B5000001352044502D10444FEAB308D3D1DDF863
:10B510000090D9F80820D9F8003042440192C9F8C7
:10B520000820D9F80C20C318B4180298D9F81020B4
:10B530000093C9F80030D9F80430C9F80C406344CE
:10B540003A448345C9F80430C9F810207FF40CAFA1
:10B55000079800F03F0009B0BDE8F08F87EA0604C5
:10B560001C40DFF810907C409BE700BFA1EBD96E38
:10B57000DCBC1B8F9979825A2DE9F04F0E68834607
:10B5800036BAD0E90040CBF814600A464968DBF8C7
:10B5900008E009BACBF8181093681BBACBF81C3036
:10B5A000D3681BBACBF8203013691BBACBF8243010
:10B5B00053691BBACBF8283093691BBACBF82C30EF
:10B5C000D3691BBACBF83030136A1BBACBF83430CE
:10B5D000536A1BBACBF83830936A1BBACBF83C30AD
:10B5E000D36A1BBACBF84030136B1BBACBF844308C
:10B5F000536B1BBADBE903C7CBF84830956B95FA60
:10B6000085F9CBF84C90D26B83B092FA82FACBF8E2
:10B6100050A05D464FF010080190E8696A6B424007
:10B620005A4082EA06032E6AAA6B724082EA090235
:10B630004A404FEAF279696AEA6BC5F858904A4085
:10B64000424008F1030882EA0A024FEAF3734FEA24
:10B65000F27AB8F14F0F6B65C5F85CA005F10C05E7
:10B66000DBD101980BF5A6710BF5A875804651F852
:10B670001C3C51F8080C51F8346C51F83C2C4340F8
:10B68000734053404FEAF37341F8043F8D42EED1CB
:10B690004046DFF8C490DFF8C480DFF8C4A0CDF8DE
:10B6A00004B00BF11006002111E082EA0E02C3463D
:10B6B00056F8043F03EBF4635B4413444FEAB005D0
:10B6C0003B44013167462046F4461C46AE461329EA
:10B6D0000EDD272980EA0C02E7DD40EA0E023B2955
:10B6E00002EA0C020BDC00EA0E031A43CB46DFE74A
:10B6F0008CEA0E02024082EA0C02D346D8E756F8E2
:10B70000043F03EBF46303F14A4303F5C50380EA06
:10B710000C0203F5834382EA0E02563301311344CF
:10B7200050293B444FEAB005CCD1DDF804B0DBE949
:10B730000026DBE903013444DBF80860704435443B
:10B74000CBE9025061441A440020CBE90024CBF835
:10B75000101003B0BDE8F08FDCBC1B8FA1EBD96EDD
:10B760009979825A0D490E4AC0E9001201F1294126
:10B7700002F1544210B4A1F596110A4C02F5A6222A
:10B780000023A1F68B6102F26762C0E90241026107
:10B7900010BCC0F85431C0F85831704701234567D8
:10B7A00089ABCDEFFEDCBA982DE9F041D0F85831E5
:10B7B000D0F854511344074614460E46C0F8583189
:10B7C000D5B13F2D75D8C2B105F11301C5F14008BF
:10B7D0000144B044334600E0A4B301339A1B13F88C
:10B7E000010C01F8010F434504F1FF342A44F3D161
:10B7F000402A4DD0154646461CB9C7F85451BDE8FD
:10B80000F081224631463846FFF78AFD221A054666
:10B81000B3180028F1D0411E052906D9013232445F
:10B8200007F114018A1A022A13D8264407F11302D9
:10B8300013F8011B02F8011FB342F9D1C7F85451A4
:10B84000BDE8F081402A2DD01546C7F85451BDE817
:10B85000F08120F003041A461C4452F8040B41F80E
:10B86000040BA242F9D1AA07C7D025F00302991808
:10B87000985CBB181875531C9D42BED93B440232DC
:10B88000487818759542B8D93A448B781375B4E75F
:10B8900007F114013846FFF76FFE46460546002CB7
:10B8A000ABD0AEE707F114013846FFF765FE054659
:10B8B000A3E72A4688469BE770B5D0F85431044682
:10B8C000E21880201075581C38280D4604F1140623
:10B8D0002CD93F2824D8204400223E2B027503F1A6
:10B8E00002011DD021443D2B0A7503F1030117D03D
:10B8F00021443C2B0A7503F1040111D021443B2B58
:10B900000A7503F105010BD021443A2B0A7503F1A6
:10B91000060105D02144382B0A7501D184F8532043
:10B9200031462046FFF728FE3A2858D8431C3B2BC7
:10B93000C0F13A01C0F13B0288BF0122022941D97E
:10B9400000F1140391084FF0000C012944F803C0E2
:10B95000234431D00229C3F804C02DD00329C3F8F1
:10B9600008C029D00429C3F80CC025D00529C3F884
:10B9700010C021D00629C3F814C01DD00729C3F870
:10B9800018C019D00829C3F81CC015D00929C3F85C
:10B9900020C011D00A29C3F824C00DD00B29C3F848
:10B9A00028C009D00C29C3F82CC005D00E29C3F833
:10B9B00030C008BFC3F834C0930710D022F0030290
:10B9C0001044431C221800213B2B117507D023443F
:10B9D0003928197500F1020301D023441975D4F8F0
:10B9E00058310022590F61F30702590D61F30F22FC
:10B9F000590B61F31742590961F31F62DB0084F8A8
:10BA00005330C4F84F2031462046FFF7B5FD236878
:10BA10001BBA2B6063681BBA6B60A3681BBAAB6070
:10BA2000E3681BBAEB6023691BBA2B6170BD00BFD2
:10BA3000F0B58B4BD9B00026019303F18833029304
:10BA400003F12943A3F59613A3F68B630393A3F1A4
:10BA500088330493834B57921446054605935696B4
:10BA6000002A7CD180238DF818303A21012306AEBC
:10BA700001A803F114024FF0000C40F802C0024488
:10BA8000880801282ED00228C2F804C02AD0032832
:10BA9000C2F808C026D00428C2F80CC022D005285D
:10BAA000C2F810C01ED00628C2F814C01AD0072849
:10BAB000C2F818C016D00828C2F81CC012D0092835
:10BAC000C2F820C00ED00A28C2F824C00AD06746A7
:10BAD0000B28976206D00C28D76203D00E28176374
:10BAE00008BF57638A0713D021F003010B4401AA52
:10BAF0001A4400213A2B117503F1010208D001A864
:10BB00000244392B117503F1020201D00244117570
:10BB1000620F002362F30703620D62F30F23620BCF
:10BB200062F31743620962F31F633146E40001A820
:10BB3000CDF853308DF85740FFF71EFDDDE90112B7
:10BB4000039B12BA08BA6A6019BADDE9042312BA73
:10BB50001BBA2860A960EA602B6159B0F0BD01A84A
:10BB60000F46FFF7DDFB241A3C4400286DD0431E2E
:10BB7000022B71D920F0030706AE23462744324634
:10BB800053F8041B42F8041BBB42F9D1810714D0BF
:10BB900020F003031C4401AA1A44217811755A1C91
:10BBA00090420AD901A90A4402336178117598427A
:10BBB00003D901AA1344A2781A7501AB0344802269
:10BBC0001A75431C382B569030D93F2B27D801AA21
:10BBD00013443E284FF000021A7500F102031ED0F4
:10BBE00001A90B443D281A7500F1030317D00B443B
:10BBF0003C281A7500F1040311D00B443B281A7538
:10BC000000F105030BD00B443A281A7500F1060326
:10BC100005D00B4438281A7501D18DF857203146CC
:10BC200001A8FFF7A9FC3A2803460CD8C3F13A0251
:10BC3000022A579C7FF65BAF5A1C3B2AC3F13B019B
:10BC400088BF012114E7579C62E780238DF81830E4
:10BC50005690012306AEE9E7334606AE9BE700BFE8
:10BC600001234567F0E1D2C33F2A2DE9F041904618
:10BC700050D9A2F1400626F03F064036274F054630
:10BC80000C460E4423681BBA2B6463681BBA6B64B2
:10BC9000A36840341BBAAB6454F8343C1BBAEB6461
:10BCA00054F8303C1BBA2B6554F82C3C1BBA6B651E
:10BCB00054F8283C1BBAAB6554F8243C1BBAEB651E
:10BCC00054F8203C1BBA2B6654F81C3C1BBA6B661C
:10BCD00054F8183C1BBAAB6654F8143C1BBAEB661C
:10BCE00054F8103C1BBA2B6754F80C3C1BBA6B671A
:10BCF00054F8083C1BBAAB6754F8043C1BBA3946ED
:10BD00002846EB67D7F7AAFBB442BBD108F03F0047
:10BD1000BDE8F0811046BDE8F08100BF587A03000D
:10BD200010B50A46096809BA01645468184924BA6A
:10BD30004464946824BA8464D46824BAC4641469DA
:10BD400024BA0465546924BA4465946924BA8465A4
:10BD5000D46924BAC465146A24BA0466546A24BA3D
:10BD60004466946A24BA8466D46A24BAC466146B9E
:10BD700024BA0467546B24BA4467946B24BA84676A
:10BD8000D26B12BAC267D7F769FB002010BD00BFA3
:10BD9000587A030010B40B4A0B4C0C49C0E900421E
:10BDA0000B4A0C4CC0E902120B4A0C49C0E9044290
:10BDB0000B4A10BC0023C0E90612C0F8C030C0F81E
:10BDC000C430704785AE67BB67E6096A72F36E3CA4
:10BDD0003AF54FA57F520E518C68059BABD9831F56
:10BDE00019CDE05B2DE9F041D0F8C430D0F8C05057
:10BDF0001344074614460E46C0F8C430E5B13F2D43
:10BE000000F2C280CAB105F17F01C5F140080144CA
:10BE1000B044334600E0ACB301339A1B13F8010C75
:10BE200001F8010F434504F1FF342A44F3D1402ABD
:10BE300000F09880154646461CB9C7F8C050BDE8CA
:10BE4000F081224631463846FFF70EFF221A05469A
:10BE5000B3180028F1D0411E052906D90132324419
:10BE600007F180018A1A022A13D8264407F17F02BB
:10BE700013F8011B02F8011F9E42F9D1C7F8C05008
:10BE8000BDE8F081402A78D01546C7F8C050BDE81B
:10BE9000F08182081968C7F88010012A77D05968A4
:10BEA000C7F88410022A43D09968C7F88810032A7B
:10BEB0003ED0D968C7F88C10042A39D01969C7F860
:10BEC0009010052A34D05969C7F89410062A2FD04B
:10BED0009969C7F89810072A2AD0D969C7F89C1021
:10BEE000082A25D0196AC7F8A010092A20D0596A53
:10BEF000C7F8A4100A2A1BD0996AC7F8A8100B2A01
:10BF000016D0D96AC7F8AC100C2A11D0196BC7F833
:10BF1000B0100D2A0CD0596BC7F8B4100E2A07D0F8
:10BF2000996BC7F8B8100F2A02D0DA6BC7F8BC209B
:10BF3000AA0782D025F003021344B918187881F8B3
:10BF40008000511C8D427FF678AF39440232587818
:10BF500081F8800095427FF670AF3A449B7882F872
:10BF600080306AE707F180013846FFF7D9FE464680
:10BF70000546002C3FF461AF63E707F180013846C6
:10BF8000FFF7CEFE054658E72A4688464FE70433BA
:10BF90000422D2E770B5D0F8C0300446E218802001
:10BFA00082F88000581C38280D4604F1800632D9EA
:10BFB0003F282AD8204400223E2B80F8802003F11D
:10BFC000020122D021443D2B81F8802003F103019E
:10BFD0001BD021443C2B81F8802003F1040114D0B4
:10BFE00021443B2B81F8802003F105010DD0214431
:10BFF0003A2B81F8802003F1060106D02144382B2A
:10C0000081F8802001D184F8BF2031462046FFF717
:10C0100087FE3A285BD8431C3B2BC0F13A01C0F1A4
:10C020003B0288BF0122022941D900F18003910817
:10C030004FF0000C012944F803C0234431D00229F9
:10C04000C3F804C02DD00329C3F808C029D004299F
:10C05000C3F80CC025D00529C3F810C021D006298B
:10C06000C3F814C01DD00729C3F818C019D0082977
:10C07000C3F81CC015D00929C3F820C011D00A2963
:10C08000C3F824C00DD00B29C3F828C009D00C294F
:10C09000C3F82CC005D00E29C3F830C008BFC3F8C0
:10C0A00034C022F003031844930710D0431C221815
:10C0B00000213B2B82F8801009D02344392883F8D3
:10C0C000801000F1020302D0234483F88010D4F8DA
:10C0D000C4300022590F61F30702590D61F30F229A
:10C0E000590B61F31742590961F31F62DB0084F8B1
:10C0F000BF30C4F8BB2031462046FFF711FE23684D
:10C100001BBA2B6063681BBA6B60A3681BBAAB6079
:10C11000E3681BBAEB6023691BBA2B6163691BBA26
:10C120006B61A3691BBAAB61E3691BBAEB6170BDBC
:10C130002DE9F041B2B0B94B00930546B84BB94870
:10C14000B94EBA4F3192CDE90103B94BCDE9036342
:10C15000B84BCDE9057303F17453A3F52303A3F69C
:10C1600092430027144607933097002A40F08D80B1
:10C1700080238DF880303A2101236E4620AF03F1F1
:10C18000800288084FF0000C012846F802C03244B3
:10C1900031D00228C2F804C02DD00328C2F808C04C
:10C1A00029D00428C2F80CC025D00528C2F810C038
:10C1B00021D00628C2F814C01DD00728C2F818C024
:10C1C00019D00828C2F81CC015D00928C2F820C010
:10C1D00011D00A28C2F824C00DD00B28C2F828C0FC
:10C1E00009D00C28C2F82CC005D00E28C2F830C0E7
:10C1F00008BFC2F834C08A0716D021F003010B44EF
:10C2000003F1C8026A4400213A2B02F8481C0BD003
:10C2100003F1C9026A44392B02F8481C04D0CA331E
:10C220000DEB030202F8481C620F002362F30703C0
:10C23000620D62F30F23620B62F317436209394602
:10C2400062F31F633046E400CDF8BB308DF8BF4089
:10C25000FFF766FDDDE90001DDE9022306BA14BA45
:10C2600018BADDE9042309BA12BA69602A6119BA59
:10C27000DDE9062312BA1BBA2E60AC60E860696182
:10C28000AA61EB6132B0BDE8F0816E463046884667
:10C29000FFF7EAFC241A08EB0403002800F0F380FF
:10C2A000421E022A53D958F8042020928208012AFB
:10C2B00000F0E48059682191022A00F0BD8099685D
:10C2C0002291032A00F0E580D9682391042A00F026
:10C2D000E58019692491052A00F0E58059692591C6
:10C2E000062A00F0E58099692691072A00F0E5808A
:10C2F000D9692791082A00F0E580196A2891092A4E
:10C3000000F0EB80596A29910A2A00F0AF80996AFF
:10C310002A910B2A00F0F280D96A2B910C2A00F0A6
:10C320000181196B2C910D2A00F00781596B2D9119
:10C330000E2A06D00F2A996B18BFDA6B2E9118BF00
:10C340002F9220F0030781073B4400F0DC8007F1C7
:10C35000C8026A44197802F8481C7A1C90420FD926
:10C36000591CC8326A440237097802F8481CB8429E
:10C3700006D907F1C8020DEB02079B7807F8483C85
:10C3800000F1C8036B44802203F8482C431C382B6F
:10C39000309068D93F2B2BD8C8336B4400223E28FD
:10C3A00003F8482C24D000F1CA036B443D2803F85D
:10C3B000482C1DD000F1CB036B443C2803F8482CDB
:10C3C00016D000F1CC036B443B2803F8482C0FD067
:10C3D00000F1CD036B443A2803F8482C08D000F153
:10C3E000CE036B44382803F8482C01D18DF8BF20C8
:10C3F00020AF39463046FFF793FC3A2803463BD836
:10C40000319CC3F13A02022A7FF6FAAE5A1C3B2A4B
:10C41000C3F13B0188BF0121B1E600BF67E6096AAD
:10C4200072F36E3C85AE67BB3AF54FA58C68059BF1
:10C430007F520E51ABD9831F082853D008330827E9
:10C44000194607F1C8026A4411F8014B02F8484C3A
:10C450007A1C904285D800F1C8036B44802203F80F
:10C46000482C3090431C319C20AFCAE7282800F0AC
:10C47000888028332827E3E7319CD5E6042826D096
:10C4800004330427DCE780238DF8803030900123CB
:10C49000E9E70C282CD00C330C27D1E710283BD02F
:10C4A00010331027CCE7142841D014331427C7E7E2
:10C4B000182847D018331827C2E71C2849D01C3346
:10C4C0001C27BDE7202850D020332027B8E7802341
:10C4D0008DF8843030900523C5E724283FD02433DD
:10C4E0002427ADE780238DF8883030900923BAE700
:10C4F00080238DF88C3030900D23B4E72C283AD06F
:10C500002C332C279CE700F1C8036B44802203F8EE
:10C51000482C3090431C3DE780238DF890303090BC
:10C520001123A0E7302832D03033302788E780232A
:10C530008DF894303090152395E734282DD034337E
:10C5400034277DE7802318228DF898303092192304
:10C5500089E780238DF89C3030901D2383E780236A
:10C560008DF8A430309025237DE780238DF8A0300E
:10C570003090212377E780238DF8AC3030902D2345
:10C5800071E780238DF8A830309029236BE7802352
:10C590008DF8B0303090312365E780238DF8B430CA
:10C5A000309035235FE700BF10B40B4A0B4C0C49A9
:10C5B000C0E900420B4A0C4CC0E902120B4A0C497C
:10C5C000C0E904420B4A10BC0023C0E90612C0F8BF
:10C5D000C030C0F8C430704707D57C36D89E05C13E
:10C5E00017DD703039590EF7310BC0FF111558683F
:10C5F000A78FF964A44FFABEF8B5D0F8C430064648
:10C60000D0F8C000134417460C46C6F8C430E8B151
:10C610003F2800F2BE80D2B100F17F03C0F1400597
:10C6200033440D44421A00E09FB30131A94211F88E
:10C63000014C03F8014F07F1FF3701EB020CF3D176
:10C64000BCF1400F00F0958060462C4617B9C6F843
:10C65000C000F8BD3A4621463046FFF705FB3A1ABE
:10C66000A3180028F3D0411E052906D9013222441F
:10C6700006F180018A1A022A12D8E11906F17F0216
:10C6800013F8014B02F8014F9942F9D1C6F8C000E6
:10C69000F8BDBCF1400F76D06046C6F8C000F8BDCA
:10C6A00082081968C6F88010012A75D05968C6F842
:10C6B0008410022A43D09968C6F88810032A3ED015
:10C6C000D968C6F88C10042A39D01969C6F89010B8
:10C6D000052A34D05969C6F89410062A2FD09969D2
:10C6E000C6F89810072A2AD0D969C6F89C10082ADB
:10C6F00025D0196AC6F8A010092A20D0596AC6F8B0
:10C70000A4100A2A1BD0996AC6F8A8100B2A16D0C2
:10C71000D96AC6F8AC100C2A11D0196BC6F8B01043
:10C720000D2A0CD0596BC6F8B4100E2A07D0996B9D
:10C73000C6F8B8100F2A02D0DA6BC6F8BC20820700
:10C7400085D020F003021344B1181C7881F8804092
:10C75000511C88427FF67BAF314402325C7881F80D
:10C76000804090427FF673AF32449B7882F88030ED
:10C770006DE706F180013046FFF7D2FA2C46002F14
:10C780003FF465AF66E706F180013046FFF7C8FA6F
:10C790005DE784460D4653E704330422D4E700BF27
:10C7A00070B5D0F8C0300446E218802082F88000CE
:10C7B000581C38280D4604F1800632D93F282AD863
:10C7C000204400223E2B80F8802003F1020122D079
:10C7D00021443D2B81F8802003F103011BD021442B
:10C7E0003C2B81F8802003F1040114D021443B2B21
:10C7F00081F8802003F105010DD021443A2B81F806
:10C80000802003F1060106D02144382B81F88020D6
:10C8100001D184F8BF2031462046FFF781FA3A283B
:10C820005BD8431C3B2BC0F13A01C0F13B0288BFEF
:10C830000122022941D900F1800391084FF0000C38
:10C84000012944F803C0234431D00229C3F804C0AD
:10C850002DD00329C3F808C029D00429C3F80CC07F
:10C8600025D00529C3F810C021D00629C3F814C06B
:10C870001DD00729C3F818C019D00829C3F81CC057
:10C8800015D00929C3F820C011D00A29C3F824C043
:10C890000DD00B29C3F828C009D00C29C3F82CC02F
:10C8A00005D00E29C3F830C008BFC3F834C022F049
:10C8B00003031844930710D0431C221800213B2B7C
:10C8C00082F8801009D02344392883F8801000F1C1
:10C8D000020302D0234483F88010D4F8C43000222D
:10C8E000590F61F30702590D61F30F22590B61F3E0
:10C8F0001742590961F31F62DB0084F8BF30C4F8A6
:10C90000BB2031462046FFF70BFA23681BBA2B6089
:10C9100063681BBA6B60A3681BBAAB60E3681BBAA1
:10C92000EB6023691BBA2B6163691BBA6B61A36956
:10C930001BBAAB6170BD00BF2DE9F041B2B0BA4B7C
:10C940000093BA4B019303F1794303F5740303F5A4
:10C95000016305460293B648B64BB74E3192CDE916
:10C96000030303F1D14303F5C01303F51E630593DD
:10C97000B24B0027CDE9066314463097002A40F0F9
:10C980008A8080238DF880303A2101236E4620AFC3
:10C9900003F1800288084FF0000C012846F802C01D
:10C9A000324431D00228C2F804C02DD00328C2F886
:10C9B00008C029D00428C2F80CC025D00528C2F828
:10C9C00010C021D00628C2F814C01DD00728C2F814
:10C9D00018C019D00828C2F81CC015D00928C2F800
:10C9E00020C011D00A28C2F824C00DD00B28C2F8EC
:10C9F00028C009D00C28C2F82CC005D00E28C2F8D7
:10CA000030C008BFC2F834C08A0716D021F0030135
:10CA10000B4403F1C8026A4400213A2B02F8481C77
:10CA20000BD003F1C9026A44392B02F8481C04D028
:10CA3000CA330DEB030202F8481C620F002362F3B5
:10CA40000703620D62F30F23620B62F3174362095F
:10CA5000394662F31F633046E400CDF8BB308DF8F1
:10CA6000BF40FFF75DF9DDE90001DDE9022306BA09
:10CA700014BA18BADDE9042309BA696011BA1ABAFE
:10CA8000069B2E601BBAAC60E86029616A61AB61ED
:10CA900032B0BDE8F0816E4630468846FFF7E4F8D4
:10CAA000241A08EB0403002800F0F180421E022A39
:10CAB00053D958F8042020928208012A00F0E2801D
:10CAC00059682191022A00F0BB8099682291032ABB
:10CAD00000F0E380D9682391042A00F0E38019690B
:10CAE0002491052A00F0E38059692591062A00F077
:10CAF000E38099692691072A00F0E380D96927919C
:10CB0000082A00F0E380196A2891092A00F0E980D8
:10CB1000596A29910A2A00F0AD80996A2A910B2A54
:10CB200000F0F080D96A2B910C2A00F0FF80196B7D
:10CB30002C910D2A00F00581596B2D910E2A06D0FB
:10CB40000F2A996B18BFDA6B2E9118BF2F9220F025
:10CB5000030781073B4400F0DA8007F1C8026A440A
:10CB6000197802F8481C7A1C90420FD9591CC83217
:10CB70006A440237097802F8481CB84206D907F11E
:10CB8000C8020DEB02079B7807F8483C00F1C80388
:10CB90006B44802203F8482C431C382B309066D914
:10CBA0003F2B2BD8C8336B4400223E2803F8482C77
:10CBB00024D000F1CA036B443D2803F8482C1DD053
:10CBC00000F1CB036B443C2803F8482C16D000F14D
:10CBD000CC036B443B2803F8482C0FD000F1CD0365
:10CBE0006B443A2803F8482C08D000F1CE036B447C
:10CBF000382803F8482C01D18DF8BF2020AF3946E2
:10CC00003046FFF78DF83A28034639D8319CC3F1F6
:10CC10003A02022A7FF6FDAE5A1C3B2AC3F13B01C1
:10CC200088BF0121B4E600BFD89E05C107D57C3678
:10CC300039590EF7310BC0FFA78FF964A44FFABE24
:10CC4000082853D008330827194607F1C8026A4458
:10CC500011F8014B02F8484C7A1C904287D800F139
:10CC6000C8036B44802203F8482C3090431C319C4D
:10CC700020AFCCE7282800F0888028332827E3E776
:10CC8000319CDAE6042826D004330427DCE780232D
:10CC90008DF8803030900123E9E70C282CD00C333C
:10CCA0000C27D1E710283BD010331027CCE71428ED
:10CCB00041D014331427C7E7182847D01833182752
:10CCC000C2E71C2849D01C331C27BDE7202850D0C0
:10CCD00020332027B8E780238DF884303090052357
:10CCE000C5E724283FD024332427ADE780238DF8DF
:10CCF000883030900923BAE780238DF88C3030904B
:10CD00000D23B4E72C283AD02C332C279CE700F1D4
:10CD1000C8036B44802203F8482C3090431C3FE743
:10CD200080238DF8903030901123A0E7302832D046
:10CD30003033302788E780238DF8943030901523E6
:10CD400095E734282DD0343334277DE7802318220B
:10CD50008DF898303092192389E780238DF89C3024
:10CD600030901D2383E780238DF8A4303090252355
:10CD70007DE780238DF8A0303090212377E7802352
:10CD80008DF8AC3030902D2371E780238DF8A830DA
:10CD9000309029236BE780238DF8B0303090312319
:10CDA00065E780238DF8B430309035235FE700BF0E
:10CDB00038B5D0F880310446E218802082F80001AE
:10CDC000581C70280D4600F2008102337B2BC0F105
:10CDD0007B0C88BF4FF0010C00F5807323442CF0CE
:10CDE00003011944002243F8042B9942FBD12CF093
:10CDF00003031CF0030F034410D0E1187A2B81F8D1
:10CE0000002103F1010109D02144792B81F800218F
:10CE100003F102011CBF631883F80021D4F88431A8
:10CE20000022590F61F30702590D61F30F22590BCC
:10CE300061F31742590961F31F62D4F80411C4F871
:10CE40007B2109BAC4F88010D4F80C11D4F8102151
:10CE5000DB0009BAC4F8881084F87F31D4F81411C3
:10CE6000D4F81C3109BA12BA1BBAC4E92523C4F894
:10CE70009010D4F82431D4F81811D4F8202109BA2C
:10CE80001BBAC4E92713D4F82C31D4F8281112BAEC
:10CE90001BBAC4E92923D4F83031D4F834211BBAA1
:10CEA000C4F8B430D4F800311BBAC4F88430D4F8D4
:10CEB000083109BA12BA1BBAC4E92B12C4F88C3073
:10CEC000D4F83C21D4F83811D4F844311BBAC4F852
:10CED000C030D4F84C311BBAC4F8C830D4F854313F
:10CEE00012BA1BBAC4F8B820C4F8D030D4F8502114
:10CEF000D4F85C3109BA12BA1BBAC4E93523C4F8B4
:10CF0000BC10D4F86431D4F85811D4F8602109BAAF
:10CF10001BBAC4E93713D4F86C31D4F8681112BACB
:10CF20001BBAC4E93923D4F87031D4F874211BBA80
:10CF3000C4F8F430D4F840311BBAC4F8C430D4F883
:10CF4000483109BA12BA1BBAC4E93B12C4F8CC3052
:10CF5000D4F87C21D4F87831834912BA1BBAC4E9D9
:10CF60003E232046D7F7DCFDD4E900321BBA12BAC3
:10CF70002A606B60D4E902321BBA12BAAA60EB6075
:10CF8000D4E904321BBA12BA2A616B61D4E90632C1
:10CF90001BBA12BAAA61EB61D4E908321BBA12BA01
:10CFA0002A626B62D4E90A321BBA12BAAA62EB6235
:10CFB000D4E90C321BBA12BA2A636B63D4E90E327D
:10CFC0001BBA12BAAA63EB6338BD7F282BD8C3F112
:10CFD0007E010229C3F17F0213D903F201134FEA44
:10CFE000920C0021BCF1010FE150234404D0BCF1AC
:10CFF000030F596008BF996022F003031844930798
:10D0000011D0231800227F2883F8002100F10103AA
:10D0100009D023447E2883F8002100F102031CBFBD
:10D020001B1983F80021D4F80C31D4F80421D4F86A
:10D0300000111BBAC4F88830D4F814311BBAC4F8F4
:10D040009030D4F81C3112BA1BBAC4F88020C4F84E
:10D050009830D4F81821D4F8243109BA12BA1BBA7E
:10D06000C4E92723C4F88410D4F82C31D4F8201153
:10D07000D4F8282109BA1BBAC4E92913D4F83431E9
:10D08000D4F8301112BA1BBAC4E92B23D4F83831C2
:10D09000D4F83C211BBAC4F8BC30D4F808311BBA10
:10D0A000C4F88C30D4F8103109BA12BA1BBAC4E9EA
:10D0B0002D12C4F89430D4F844312B491BBAC4F86B
:10D0C000C030D4F84C311BBAC4F8C830D4F854314D
:10D0D0001BBAC4F8D030D4F85C311BBAC4F8D830CD
:10D0E000D4F864311BBAC4F8E030D4F86C311BBA00
:10D0F000C4F8E830D4F874311BBAC4F8F030D4F86E
:10D100007C311BBAC4F8F830D4F840311BBAC4F8EB
:10D11000C430D4F848311BBAC4F8CC30D4F85031FC
:10D120001BBAC4F8D430D4F858311BBAC4F8DC3078
:10D13000D4F860311BBAC4F8E430D4F868311BBAB3
:10D14000C4F8EC30D4F870311BBAC4F8F430D4F819
:10D1500078311BBA2046C4F8FC30D7F7E1FC4FF019
:10D160007B0C002038E600BF5066030038B5D0F8CD
:10D1700080310446E218802082F80001581C702893
:10D180000D4600F2F48002337B2BC0F17B0C88BF8C
:10D190004FF0010C00F5807323442CF00301194477
:10D1A000002243F8042B9942FBD12CF003031CF01E
:10D1B000030F034410D0E1187A2B81F8002103F10A
:10D1C000010109D02144792B81F8002103F10201EA
:10D1D0001CBF631883F80021D4F884310022590F52
:10D1E00061F30702590D61F30F22590B61F31742E6
:10D1F000590961F31F62D4F80411C4F87B2109BAFC
:10D20000C4F88010D4F80C11D4F81021DB0009BA4E
:10D21000C4F8881084F87F31D4F81411D4F81C3184
:10D2200009BA12BA1BBAC4E92523C4F89010D4F87D
:10D230002431D4F81811D4F8202109BA1BBAC4E952
:10D240002713D4F82C31D4F8281112BA1BBAC4E928
:10D250002923D4F83031D4F834211BBAC4F8B430BF
:10D26000D4F800311BBAC4F88430D4F8083109BAB4
:10D2700012BA1BBAC4E92B12C4F88C30D4F83C2182
:10D28000D4F83811D4F844311BBAC4F8C030D4F8FB
:10D290004C311BBAC4F8C830D4F8543112BA1BBA96
:10D2A000C4F8B820C4F8D030D4F85021D4F85C3198
:10D2B00009BA12BA1BBAC4E93523C4F8BC10D4F8B1
:10D2C0006431D4F85811D4F8602109BA1BBAC4E902
:10D2D0003713D4F86C31D4F8681112BA1BBAC4E908
:10D2E0003923D4F87031D4F874211BBAC4F8F4305F
:10D2F000D4F840311BBAC4F8C430D4F8483109BA64
:10D3000012BA1BBAC4E93B12C4F8CC30D4F87C2161
:10D31000D4F878317D4912BA1BBAC4E93E232046BD
:10D32000D7F7FEFBD4E900321BBA12BA2A606B6051
:10D33000D4E902321BBA12BAAA60EB60D4E9043213
:10D340001BBA12BA2A616B61D4E906321BBA12BA4F
:10D35000AA61EB61D4E908321BBA12BA2A626B6285
:10D36000D4E90A321BBA12BAAA62EB6238BD7F282E
:10D370002BD8C3F17E010229C3F17F0213D903F236
:10D3800001134FEA920C0021BCF1010FE15023443C
:10D3900004D0BCF1030F596008BF996022F0030369
:10D3A0001844930711D0231800227F2883F8002106
:10D3B00000F1010309D023447E2883F8002100F105
:10D3C00002031CBF1B1983F80021D4F80C31D4F8D8
:10D3D0000421D4F800111BBAC4F88830D4F81431F1
:10D3E0001BBAC4F89030D4F81C3112BA1BBAC4F876
:10D3F0008020C4F89830D4F81821D4F8243109BA20
:10D4000012BA1BBAC4E92723C4F88410D4F82C310B
:10D41000D4F82011D4F8282109BA1BBAC4E9291379
:10D42000D4F83431D4F8301112BA1BBAC4E92B2322
:10D43000D4F83831D4F83C211BBAC4F8BC30D4F845
:10D4400008311BBAC4F88C30D4F8103109BA12BABA
:10D450001BBAC4E92D12C4F89430D4F844312B49D6
:10D460001BBAC4F8C030D4F84C311BBAC4F8C83069
:10D47000D4F854311BBAC4F8D030D4F85C311BBA9C
:10D48000C4F8D830D4F864311BBAC4F8E030D4F80A
:10D490006C311BBAC4F8E830D4F874311BBAC4F844
:10D4A000F030D4F87C311BBAC4F8F830D4F84031ED
:10D4B0001BBAC4F8C430D4F848311BBAC4F8CC3015
:10D4C000D4F850311BBAC4F8D430D4F858311BBA50
:10D4D000C4F8DC30D4F860311BBAC4F8E430D4F8B6
:10D4E00068311BBAC4F8EC30D4F870311BBAC4F8F8
:10D4F000F430D4F878311BBA2046C4F8FC30D7F7A2
:10D500000FFB4FF07B0C002044E600BF5066030089
:10D510002DE9F843D0F884310446D0F88001134453
:10D5200016460F46C4F88431E0B17F2800F28681A8
:10D53000CAB100F1FF01C0F1800C2144BC443B465C
:10D5400000E056B10133DA1B13F8015C01F8015F0A
:10D55000634506F1FF360244F3D11F46802A00F0EE
:10D56000C78010461EB9C4F88001BDE8F8837F2E3D
:10D5700040F26681A6F1800828F07F0808F1800853
:10D58000DFF8C092B8443D466A682B6812BA1BBAED
:10D59000C4E92023EA68AB6812BA1BBAC4E92223A3
:10D5A0006A692B6912BA1BBAC4E92423EA69AB6918
:10D5B00012BA1BBAC4E926236A6A2B6A12BA1BBACA
:10D5C000C4E92823EA6AAB6A12BA1BBAC4E92A235F
:10D5D0006A6B2B6B12BA1BBAC4E92C23EA6BAB6BD8
:10D5E00012BA1BBAC4E92E236A6C2B6C12BA1BBA8E
:10D5F000C4E93023EA6CAB6C12BA1BBAC4E932231B
:10D600006A6D2B6D12BA1BBAC4E93423EA6DAB6D97
:10D6100012BA1BBAC4E936236A6E2B6E12BA1BBA51
:10D62000C4E93823EA6EAB6E12BA1BBAC4E93A23D6
:10D630006A6F2B6F12BA1BBAC4E93C23EA6FAB6F57
:10D6400012BA1BBAC4E93E23803549462046D7F7B3
:10D6500067FAA84598D126F07F0316F07F001F4493
:10D6600081D0062842D904F580737A1C991A0229C0
:10D6700010D804F1FF0100E00132A1F1FE031B1BF1
:10D6800012F8015C01F8015F9842F5D8C4F88001F6
:10D69000BDE8F883002814BF0646012626F00305DE
:10D6A00005F5807525443A4652F8041B43F8041BDF
:10D6B0009D42F9D126F00303B20707EB03013FF4C3
:10D6C00052AFE218FD5C82F800515A1C8242BFF44E
:10D6D0004AAF224402334D7882F800518342BFF4AE
:10D6E00042AF23448A7883F800213CE77A1CC0E7E4
:10D6F000D4F80431D4F8002152491BBAC4F8803060
:10D70000D4F80C311BBAC4F88830D4F814311BBAE1
:10D71000C4F89030D4F81C311BBAC4F89830D4F84F
:10D7200024311BBAC4F8A030D4F82C311BBAC4F889
:10D73000A830D4F834311BBAC4F8B030D4F83C3136
:10D740001BBAC4F8B830D4F8083112BA1BBAC4F8FE
:10D750008420C4F88C30D4F81021D4F8183112BACF
:10D760001BBAC4F89420C4F89C30D4F82021D4F813
:10D77000283112BA1BBAC4F8A420C4F8AC30D4F8CB
:10D780003021D4F8383112BA1BBAC4F8B420C4F826
:10D79000BC30D4F84431D4F840211BBAC4F8C030AE
:10D7A000D4F84C311BBAC4F8C830D4F854311BBA81
:10D7B000C4F8D030D4F85C311BBAC4F8D830D4F8EF
:10D7C00064311BBAC4F8E030D4F86C311BBAC4F829
:10D7D000E830D4F874311BBAC4F8F030D4F87C3196
:10D7E0001BBAC4F8F830D4F8483112BA1BBAC4F8DE
:10D7F000C420C4F8CC30D4F85021D4F8583112BA2F
:10D800001BBAC4F8D420C4F8DC30D4F86021D4F8B2
:10D81000683112BA1BBAC4F8E420C4F8EC30D4F86A
:10D820007021D4F8783112BA1BBA2046C4F8F4201B
:10D83000C4F8FC30D7F774F9002093E602468DE671
:10D8400030460EE750660300FFF7B2BAFFF760BE3E
:10D85000FFF78CBC2DE9F04188B00C46064602F17A
:10D860001C0101A89046D5F731FB01AA06F11C075F
:10D8700011461046D5F780FA01A93846D5F726FBA0
:10D880003A4639463846D5F777FA01AA04F11C051D
:10D8900011461046D5F770FA41462846D5F716FBD3
:10D8A00001AA41463046D5F7C5FA2A46294601A8BD
:10D8B000D5F762FA01A92A460846D5F75DFA01A90B
:10D8C000114A0846D5F758FA01A92046D5F7FEFABD
:10D8D000324621462046D5F785FA32462146204673
:10D8E000D5F780FA224631462846D5F77BFA01AAB9
:10D8F00029462846D5F79EFA3A4629462846D5F7BE
:10D9000071FA08B0BDE8F081E47B0300F0B597B090
:10D9100004460D460A46014601A8D5F763FA01A957
:10D920000846D5F7D3FA01AA214608A8D5F782FA06
:10D9300001AA05F11C0604F11C0729461046D5F77B
:10D9400079FA324639460FA8D5F716FA32463946E3
:10D950003046D5F747FA31462846D5F7B7FA01AA37
:10D9600008A92046D5F708FA224629462846D5F7C1
:10D9700039FA01AA08A91046D5F734FA01AA39469E
:10D980003846D5F757FA2A4608A901A8D5F72AFA42
:10D9900001AA31463046D5F74DFA3A46314630466F
:10D9A000D5F720FA0FA901A8D5F790FA224601A9C8
:10D9B0002046D5F717FA08A922460846D5F712FAE5
:10D9C0000FA908AA0846D5F735FA3A460FA93846EE
:10D9D000D5F708FA17B0F0BDF0B589B00C4605468A
:10D9E0000A46014601A8D5F7FDF901A90846D5F771
:10D9F0006DFA01AA29462846D5F71CFA01AA04F1B6
:10DA00001C0605F11C0721461046D5F713FA3246CD
:10DA100039463046D5F7E6F931462046D5F756FA6D
:10DA20002A4621462046D5F7DDF901AA214620469F
:10DA3000D5F7D8F901AA29461046D5F7D3F901AA96
:10DA400039463846D5F7F6F92246294601A8D5F7D2
:10DA5000C9F901AA31463046D5F7ECF93A463146C4
:10DA60003046D5F7BFF909B0F0BD00BF70B500F181
:10DA70001C068EB00D460446FCF742F905F11C0168
:10DA80003046FCF73DF9214607A8D5F71FFA07A94C
:10DA900008460D4AD5F770F907A922460846D5F77A
:10DAA000C9F907A9094A0846D5F766F93146684613
:10DAB000D5F70CFA1C2269460DEB0200D5F72EF9BA
:10DAC00001380EB070BD00BFE47B0300C87B0300CB
:10DAD0002DE9F0471346AAB04E4A884681461946BA
:10DAE00007A8D4F771F84C49024607A8D4F788F87C
:10DAF0000D9E484900EAD6760746C6F1010207A8FE
:10DB0000D4F77EF80D9B42466FEA030A1CA90EA8C3
:10DB1000FFF7A0FE4FEADA7A15A9CAF1010208461A
:10DB2000FCF7D0F8C7F10107DE240EA91CA8FFF707
:10DB300053FF63112AAA02EB830304F01F0253F878
:10DB40008C3CD340554603F0010A8AEA05052A4673
:10DB50001CA90EA8D4F7A4F82A4623A915A8D4F71F
:10DB60009FF8013C1CA90EA8FFF7D0FE631CDCD176
:10DB70000EAA1CA96846D5F735F9CAF10102694613
:10DB80006846FCF79FF8424669466846D5F752F961
:10DB900015AA69466846D5F74DF969466846FCF707
:10DBA000C5F808F11C0269466846D5F743F90EAA84
:10DBB00069466846D5F73EF986EA0A060EA91CA80A
:10DBC000FFF70AFF32461CA90EA8D4F769F83246BF
:10DBD00023A915A8D4F764F869461CA8D5F776F9E7
:10DBE0001CAA0EA94846D5F725F91CA96A4608467D
:10DBF000D5F720F91CAA15A909F11C00D5F71AF9C7
:10DC00001C216846D5F79EF8404238432AB0BDE84B
:10DC1000F08700BF587B0300747B03000A4601496C
:10DC2000FFF756BF907B03002DE9F04188B00C460A
:10DC3000064602F12001684606F120079046D5F716
:10DC400029FA6A4669466846D5F746F9694638466C
:10DC5000D5F720FA3A463946384604F12005D5F77B
:10DC60003BF96A4669466846D5F736F94146284683
:10DC7000D5F710FA6A4641463046D5F7F3F92A46F9
:10DC800029466846D5F728F92A4669466846D5F7F1
:10DC900023F9124A69466846D5F71EF969462046B7
:10DCA000D5F7F8F9324621462046D5F753F93246E2
:10DCB00021462046D5F74EF9224631462846D5F76B
:10DCC00049F96A4629462846D5F7CCF93A46294605
:10DCD0002846D5F73FF908B0BDE8F081C07C0300C5
:10DCE000F0B599B004460D460A4601466846D5F798
:10DCF00031F969466846D5F7CDF96A46214608A844
:10DD000005F1200604F12007D5F7ACF96A4629464B
:10DD10006846D5F7A7F93246394610A8D5F7DCF89A
:10DD2000324639463046D5F715F931462846D5F7FB
:10DD3000B1F96A4608A92046D5F7CEF82246294609
:10DD40002846D5F707F96A4608A96846D5F702F9C3
:10DD50006A4639463846D5F785F92A4608A96846FD
:10DD6000D5F7F8F86A4631463046D5F77BF93A469A
:10DD700031463046D5F7EEF810A96846D5F78AF94E
:10DD8000224669462046D5F7E5F808A92246084606
:10DD9000D5F7E0F810A908AA0846D5F763F93A467E
:10DDA00010A93846D5F7D6F819B0F0BD2DE9F041E5
:10DDB00088B00C46054690460A4601466846D5F7A7
:10DDC000C9F869466846D5F765F96A46294628467E
:10DDD00004F12006D5F746F905F120076A462146E9
:10DDE0006846D5F73FF9324639463046D5F7B2F89E
:10DDF00031462046D5F74EF92A4621462046D5F72A
:10DE0000A9F86A4621462046D5F7A4F86A4629466D
:10DE10004046D5F79FF8424639463846D5F722F9AD
:10DE2000224629466846D5F795F86A463146304677
:10DE3000D5F718F93A4631463046D5F78BF808B091
:10DE4000BDE8F08170B500F1200690B00D460446A3
:10DE5000FCF75EF805F120013046FCF759F8214641
:10DE600008A8D5F717F908A908460D4AD5F734F8D8
:10DE700008A922460846D5F7F5F808A9094A084630
:10DE8000D5F72AF831466846D5F704F920226946C5
:10DE90000DEB0200D4F742FF013810B070BD00BF97
:10DEA000C07C0300A07C03002DE9F0471346B8B006
:10DEB000544A89468046194610A8D4F749F8524971
:10DEC000024610A8D4F764F8179E4E4900EAD676A9
:10DED0000746C6F1010210A8D4F75AF8179B4A4624
:10DEE0006FEA030A28A918A8FFF79EFE4FEADA7A1C
:10DEF00020A9CAF101020846FBF7ECFFC7F10107B0
:10DF0000FE246A4618A928A8FFF750FF631138AA13
:10DF100002EB830304F01F0253F8A03CD3405546A4
:10DF200003F0010A8AEA05052A4628A918A8D4F7A9
:10DF30008BF82A4630A920A8D4F786F8013C28A9F6
:10DF400018A8FFF7CDFE631CDBD1CAF1010220A99E
:10DF500008A8FBF7BFFF86EA0A066A4618A928A8A0
:10DF6000FFF724FF28A9324618A8D4F76DF83246E7
:10DF700030A920A8D4F768F808A96A460846D5F75A
:10DF800071F808A90846FBF7DDFF08A908F120048D
:10DF900009F120020846D5F765F820A908AA20460D
:10DFA000D5F760F808AA18A96846D5F75BF869465E
:10DFB0006846D5F76FF818AA694608A8D5F752F849
:10DFC00021466846D5F766F808AA69461046D4F790
:10DFD000C1FF0E4A08A96846D4F7BCFF204620219D
:10DFE000D4F7B0FE08A9024644426846D4F72CF89C
:10DFF0004046074A6946D5F735F83C43204638B0D5
:10E00000BDE8F087207C0300407C0300A07C030077
:10E01000007C03000A460149FFF746BF607C03000D
:10E020002DE9F0418CB00C46064602F130016846FD
:10E0300006F130079046D5F779F96A466946684691
:10E04000D5F740F869463846D5F770F93A4639466B
:10E05000384604F13005D5F735F86A466946684612
:10E06000D5F730F841462846D5F760F96A4641466B
:10E070003046D5F71BF92A4629466846D5F722F8D7
:10E080002A4669466846D5F71DF8124A6946684629
:10E09000D5F718F869462046D5F748F932462146A3
:10E0A0002046D5F767F8324621462046D5F762F874
:10E0B000224631462846D5F75DF86A462946284665
:10E0C000D5F7F4F83A4629462846D5F753F80CB068
:10E0D000BDE8F081D07D0300F0B5A5B004460D4643
:10E0E0000A4601466846D5F745F869466846D5F7B9
:10E0F0001DF96A4621460CA805F1300604F13007E7
:10E10000D5F7D4F86A4629466846D5F7CFF832469F
:10E11000394618A8D4F7D6FF324639463046D5F7E7
:10E1200029F831462846D5F701F96A460CA9204658
:10E13000D4F7C8FF224629462846D5F71BF86A4679
:10E140000CA96846D5F716F86A4639463846D5F719
:10E15000ADF82A460CA96846D5F70CF86A46314650
:10E160003046D5F7A3F83A4631463046D5F702F89F
:10E1700018A96846D5F7DAF8224669462046D4F74A
:10E18000F9FF0CA922460846D4F7F4FF18A90CAAF7
:10E190000846D5F78BF83A4618A93846D4F7EAFF6F
:10E1A00025B0F0BD2DE9F0418CB00C4605469046F7
:10E1B0000A4601466846D4F7DDFF69466846D5F74A
:10E1C000B5F86A462946284604F13006D5F76EF8B8
:10E1D00005F130076A4621466846D5F767F83246AA
:10E1E00039463046D4F7C6FF31462046D5F79EF86B
:10E1F0002A4621462046D4F7BDFF6A4621462046DE
:10E20000D4F7B8FF6A4629464046D4F7B3FF4246E2
:10E2100039463846D5F74AF8224629466846D4F7A3
:10E22000A9FF6A4631463046D5F740F83A463146AE
:10E230003046D4F79FFF0CB0BDE8F08170B500F117
:10E24000300698B00D460446FBF7E6FF05F13001B5
:10E250003046FBF7E1FF21460CA8D5F767F80CA97B
:10E2600008460D4AD4F72EFF0CA922460846D5F7DA
:10E270001DF80CA9094A0846D4F724FF3146684620
:10E28000D5F754F8302269460DEB0200D4F746FD6D
:10E29000013818B070BD00BFD07D0300A07D030021
:10E2A0002DE9F0471346D4B04D4A0F4606461946AD
:10E2B00018A8D4F769F84B49024618A8D4F792F881
:10E2C000239B474900EAD3788146C8F1010218A888
:10E2D000D4F788F8239B3A466FEA030A3CA924A89E
:10E2E000FFF79EFE4FEADA7A30A9CAF1010208462A
:10E2F000FBF76CFFC9F101094FF4BF746A4624A90A
:10E300003CA8FFF74FFF631154AA02EB830304F00C
:10E310001F0253F8F03CD340554603F0010A8AEA45
:10E3200005052A463CA924A8D4F7E0F82A4648A9BE
:10E3300030A8D4F7DBF8013C3CA924A8FFF7CCFEB9
:10E34000631CDBD1CAF1010230A90CA8FBF73EFF28
:10E3500088EA0A086A4624A93CA8FFF723FF424638
:10E360003CA924A8D4F7C2F8424648A930A8D4F75B
:10E37000BDF80CA96A4630370846D4F797FF3946EE
:10E380006846D4F7D3FF0CA96A460846D4F78EFF37
:10E390000CA90846FBF782FF0CA93A460846D4F7B9
:10E3A00085FF0CA93CA8D4F7C1FF3CAA24A930469C
:10E3B000D4F77CFF3CA90CAA08463036D4F776FF88
:10E3C0003CAA30A93046D4F771FF30213046D4F74B
:10E3D000B9FC404240EA090054B0BDE8F08700BFF4
:10E3E000E07C0300107D03000A460149FFF758BF97
:10E3F000407D03007047014640F2E73008B54FF416
:10E400007A72002300EBC1304914DEF77BFDBDE8D2
:10E410000840EDF76BBD70B504460D46DEF7B4FD60
:10E4200000231A46824204EB030603DB0022E25477
:10E43000204670BDA15CA9421CBF0133317001327E
:10E44000F0E7F8B505460E46002440F62867314649
:10E4500007FB0450DEF78EFD20B10134052CF6D108
:10E460004FF0FF342046F8BD70B5E3F7CFFC00262F
:10E4700005463046E2F740FF01462846E3F718FD1F
:10E48000044628B90136052EF3D1284602F06BF870
:10E49000204670BD08B5E4F703F942F21070FFF7AB
:10E4A000AAFFBDE808400020E2F7F4BF4FF4A02027
:10E4B0000021EDF71BBD1FB501206946E7F78EFB74
:10E4C00020B9DDE9000105B05DF804FB4FF0FF3035
:10E4D0004FF0FF31F7E7002110B50A460446635CB0
:10E4E000A3F13000092807D8303A032903EB0200D2
:10E4F0000FD002010131F2E7A3F14100052801D854
:10E50000373AF2E7A3F16100052801D8573AECE762
:10E51000002010BD10B528B1016881B1D0E90132E9
:10E520009A4205D310BD8C5C202CFBD8013282604E
:10E5300082689342F7D8F5D1013B8360F2E7084641
:10E54000F0E710B5034628209847044618B1282262
:10E55000002106F013FD204610BD70B50D4616468D
:10E56000044648B1DEF710FD33462A46411C2046DA
:10E57000BDE87040E3F7A4BB70BD00221146FFF771
:10E58000ECBF0122E3F732BB836800EBC101B3F5B6
:10E59000004F2CBF51F8220031F81200704700EBF9
:10E5A000C1018068B0F5004F2CBF41F8223021F83E
:10E5B0001230704708B50122FFF7E6FFD04008BDD2
:10E5C0008368B3F5004F00EBC10108D34B681AB163
:10E5D00043F001034B60704723F00103FAE74B88D7
:10E5E0001AB143F001034B80704723F00103FAE7AF
:10E5F00053000122FFF7D3BF8368B3F5004F34BF48
:10E6000004230823C91A081AC0087047B0F5004F40
:10E6100034BF04230823481C0833A0EBD300B0FA0E
:10E6200080F0C0F11F0070472DE9F041174603222A
:10E630000E460446FFF7A8FF8642054607F1040888
:10E640000AD1E3680122BA4023EA0203E36000230F
:10E6500044F82830BDE8F081314602222046FFF719
:10E6600093FF2B460646014644F8285020460322D5
:10E67000FFF795FF3346294620460222BDE8F041C8
:10E68000FFF78DBF70B50D4686680446FFF792FF11
:10E69000B6F5004F014601D3012809D03046FFF7F7
:10E6A000B5FF294602462046BDE87040FFF7BCBFD3
:10E6B00070BD2DE9F04705468068FFF7A7FF05EB21
:10E6C000800A8846DAF810900646B9F1000F1BD090
:10E6D0000327DAF8104028462146FFF76BFF404534
:10E6E00007D3324621462846FFF79EFF2046BDE865
:10E6F000F087032221462846FFF746FF013FCAF86C
:10E70000100001D08145E4D1EB6801364FF0FF34B1
:10E71000B4401C40EAD094FAA4F2B2FA82F2131D7B
:10E7200055F82340DEE72DE9F041144605460E4634
:10E73000FFF740FFA4EB0608371B0744424631466B
:10E740002846FFF755FF3A4621462846FFF750FF77
:10E750004346002221462846FFF721FF214628464E
:10E76000FFF728FF3B46211800222846BDE8F0416C
:10E77000FFF715BF2DE9F041164604460F46FFF797
:10E7800019FF314605462046FFF714FF05442A4687
:10E7900039462046FFF72CFF31462046FFF70AFF97
:10E7A0002B46311800222046BDE8F041FFF7F7BEA6
:10E7B0002DE9F0410D4686680446FFF7FBFEB6F5ED
:10E7C000004F014601D3012832D03046FFF71EFF2B
:10E7D00004EB80010E6996B9E3680122824013437D
:10E7E000E36002220D612B4629462046FFF7D7FE43
:10E7F000032229462046BDE8F041FFF7D0BE0222A1
:10E8000031462046FFF7C0FE29460346074620460C
:10E81000FFF7C5FE0322334629462046FFF7BFFE19
:10E8200039462B462046FFF7BAFE02223146E1E781
:10E83000BDE8F081F8B50C460546FFF7BBFE26188B
:10E84000012231462846FFF79FFEC3070CD431460C
:10E850002846FFF717FF21462846FFF7ABFE214663
:10E8600022182846FFF786FF002221462846FFF798
:10E870008BFE271A012239462846FFF785FE10EA4B
:10E88000020613D139462846FFF7FCFE21463246E0
:10E890002846FFF779FE2246211A2846FFF76AFF2D
:10E8A000214632462846FFF76FFE241A21462846A5
:10E8B000BDE8F840FFF77CBF38B571B10568284660
:10E8C000FFF79AFE0022044601462846FFF778FE2D
:10E8D0002146BDE83840FFF7ADBF38BD70B50668CA
:10E8E00009B9002070BDB368B3EBD10FF9D9B3F506
:10E8F000004F34BF04230823CC1D1C44E4082146E8
:10E900003046FFF7D6FE05460028EAD001463046DD
:10E91000FFF750FEA04209D92C4429463046224632
:10E92000FFF701FF21463046FFF742FF3046012244
:10E930002946FFF745FEB368B3F5004F34BF042303
:10E94000082303EBC5031844CCE72DE9F843066818
:10E950001446B26801F1FF39B2F5004F34BF042309
:10E96000082319EA01090F460BD0494239408B426E
:10E970004F4628BF0B46894654B900252846BDE8B6
:10E98000F8839942F8D82146BDE8F843FFF7A6BFBF
:10E99000B2EBD40FF1D9E11DB2F5004F394434BFC9
:10E9A00004220822C91A1144C9083046FFF781FE23
:10E9B00080460028E1D0B368B3F5004F34BF04238C
:10E9C000082309EBC0051D4435447B1E1D44B5FBDF
:10E9D000F7F57D43A5EB090529463046FFF70CFE08
:10E9E0002C44073424F00704A41B804507464FEA53
:10E9F000E40408D2024641463046FFF794FE414601
:10EA00003046FFF7D5FE39463046FFF7D3FD384490
:10EA1000844208D2394630462246FFF784FE21461A
:10EA20003046FFF7C5FE012239463046FFF7C8FDE4
:10EA3000A4E7B2F5802F2CBF08230423D21A2DE9B6
:10EA4000F0418C18CD1D25F0070524F00704641B48
:10EA50000026E40805602146AC60EE602046FFF722
:10EA6000D5FD421D9200013002F107074FEAD7079A
:10EA7000A2F110023146B8BF324605F1100006F08F
:10EA80007DFA3A4631462846FFF7B2FD3346324614
:10EA900031462846FFF783FDA4EB07082846314698
:10EAA0000122FFF78DFD42463946FFF7A1FD3B46A7
:10EAB000324639462846FFF772FD21462846FFF7C1
:10EAC00097FD4346324621462846FFF768FD21461A
:10EAD00028460122FFF774FD3946BDE8F041FFF7F3
:10EAE00067BE0020704730B50C688B6814B14A6867
:10EAF0009A4202DC01338B6030BD013A9A4214BF66
:10EB000005460025E5548B68F4E70FB407B504A962
:10EB100051F8040B0191E3F713FF03B05DF804EB28
:10EB200004B070470CB407B504AB53F8042B019341
:10EB3000E3F714FF03B05DF804EB02B0704704463E
:10EB400008B5084611461A46A047EDF70BFAE6F756
:10EB50002FFC0020704708B500F09DFB16230360D2
:10EB60004FF0FF3008BD08461146E6F7CFBE0CB4A3
:10EB700007B5034604AADB68084652F8041B019255
:10EB8000984703B05DF804EB02B07047ECF70ABC9D
:10EB9000ECF780BCD0E9002130B54FF03333A2FB55
:10EBA0000324D51843EB0405A1FB0313521844EBCF
:10EBB0000304521944F10002891843F10003C0E92B
:10EBC000001330BD10B50A68002A03460FDD013A74
:10EBD0000A601A6844680A20A2FB001200FB0422A3
:10EBE000100F22F07042C3E90012303010BD302007
:10EBF000FCE72DE9F0410746884615461E461446B7
:10EC0000B44205D30EB1601B08E02378002BFAD084
:10EC100014F8010B4146B8470028F1DABDE8F0814D
:10EC20000FB407B504A951F8040B0191E3F788FE6E
:10EC300003B05DF804EB04B07047036800220BB921
:10EC4000184670478B4210D10B6842B94268036086
:10EC5000914200D1436000230B6001207047136094
:10EC60004368994208BF4260F5E71A461B68E6E729
:10EC7000038B13F0070305D10368002B0CBF0020A2
:10EC800003207047022B05D1408BB0FA80F0400979
:10EC900080007047012B05D10368002B0CBF0020BA
:10ECA000052070470020704710B50C4600B111B91F
:10ECB0006FF0150010BD081D00F0D2F80028F9D142
:10ECC000A368032BF6D9F3E72DE9F0410D4607467B
:10ECD0001946281D90461E4600F0D6F8044638B165
:10ECE0003346424629463846A446BDE8F0416047CF
:10ECF000BDE8F08110B4EFF31182402484F3128850
:10ED0000BFF36F8F416110BC0121E4F78DBE38B5B0
:10ED10000C46054658B151B10B6843B14B6833B14D
:10ED20001C22002106F02AF92C61002038BD6FF06A
:10ED30001500FBE770B505460E46FFF7B5FF041E4C
:10ED400014DBEFF31182402383F31288BFF36F8F3C
:10ED50006B8B2C8B4FF6FF718B4204F0070407D1AD
:10ED600082F31188BFF36F8F6FF00A04204670BDE5
:10ED7000022C0CD101336B8382F31188BFF36F8FA8
:10ED80000023224631462846FFF79EFFEEE7062C79
:10ED900014D8DFE804F004131313041A040000234A
:10EDA00033606B683BB9C5E90066ACB902212846FF
:10EDB000E4F73AFEDAE71E606E60F6E782F3118848
:10EDC000BFF36F8F6FF00404D0E782F31188BFF3B5
:10EDD0006F8F6FF08504C9E782F31188BFF36F8FDF
:10EDE000C4E710B5EFF31182402383F31288BFF319
:10EDF0006F8F048B04F00704022C0AD0012C0CBF87
:10EE00006FF004006FF0850082F31188BFF36F8FFD
:10EE100008E0438B013B9BB2438323B92146E4F7CF
:10EE200003FE204610BD2046EEE738B5A8B1A1B1DB
:10EE3000EFF31185402282F31288BFF36F8F048BAA
:10EE4000FFF7FBFE30B104F0070085F31188BFF334
:10EE50006F8F38BD6FF07700F7E76FF01500F8E7B8
:10EE6000034640B1426802F00302022A06D0032A98
:10EE700004D0012A05D06FF0150070471A68002AE7
:10EE8000F9D000209860704710B54268816002F0A8
:10EE90000302022A03464FF0000407D0032A02D0DF
:10EEA0005C60002001E018685C6010BD18685C6060
:10EEB0000028F6D0EDF74EFAF3E7F0B5C6684568DE
:10EEC000C369AF1B04464069BB4298BFFF1AA5EB5C
:10EED0000000944698BFF6181A1AD81B2368AD1B79
:10EEE00062452B4428BF62460B606368904228BF8E
:10EEF000104603446360F0BDD0E90123D21A8A4270
:10EF00000CD31944C368C269C0E90111C91A8A4205
:10EF100001D9002070471344C360FAE76FF0150071
:10EF200070472DE9F34180460E46154600272A46D4
:10EF300001A94046FFF7C1FF314604460246019849
:10EF400005F0F4FF2D1B2744264401D0002CEED100
:10EF500039464046FFF7D0FF384602B0BDE8F081A1
:10EF6000F0B5044686690569C069A368AF1BB8425D
:10EF7000944698BF3618A3EB05022368A5EB060557
:10EF800098BF3F1A2B446245A0EB070028BF62469A
:10EF90000B602369904228BF104603442361F0BDF3
:10EFA000D0E90423D21A8A420CD31944D0E906329C
:10EFB000C0E90411C91A8A4201D9002070471344DC
:10EFC0008361FAE76FF0150070472DE9F341804641
:10EFD0000D4616460027324601A94046FFF7C0FFFE
:10EFE00004462DB102460199284605F09FFF2544AD
:10EFF000361B274401D0002CEDD139464046FFF79F
:10F00000CFFF384602B0BDE8F081704710F0700FB6
:10F0100008D100F07F0310F0800F18BF10330120DB
:10F0200098407047002070472DE9F84306460F4688
:10F030009046994604254B46424639463046E8F705
:10F0400039FD10F10B0F044603D1ECF7CDFE013D65
:10F05000F1D12046BDE8F8830020E5F779B90068D2
:10F0600040B150F8043C5B688B42A0F1040001D031
:10F070004068F5E77047006850B150F8043C5B68A1
:10F080005B689B788B42A0F1040001D04068F3E7F5
:10F09000704730B5006888B150F8043C5B681A6A64
:10F0A0001D7F04380023043ADCB2A54201D8406831
:10F0B000F1E7013312F833408C42F5D130BD08B589
:10F0C000E5F71AFB28B1406810F1100F14BF0020BB
:10F0D000012008BD4B1CDBB28170817680F82530A1
:10F0E000C37600F8061C704750E90231D0F89C0046
:10F0F00018470369002283F84A207047036993F890
:10F100004A0048B193F8480030B1D3F890205368D2
:10F110005169D0695B1AC01A70470369002283F8ED
:10F120004B207047036993F849007047036993F8CF
:10F13000482012B193F84A202AB993F8490018B12F
:10F1400093F84B0070470120704701207047036916
:10F15000C3E90012704770B504690546D4F88C0005
:10F16000FFF733FFD4F88C301A699968914204BFD5
:10F17000002284F8492094F8A02006469AB15A68E3
:10F180005969DB69521A9B1A3F2B0CD994F89E30AF
:10F1900033B16B681B6A2246187B0021E5F798FDA6
:10F1A000002384F8A030304670BD08B50122FFF777
:10F1B000D2FF013818BF4FF0FF3008BDFEE701282D
:10F1C00001D1EFF30583EBF7ABBE01460068FFF713
:10F1D000F6BF08B5E5F70CFFBDE80840E5F70CBF42
:10F1E00000210120FFF7EBBF61B662B680F3118802
:10F1F000BFF36F8F704772B6002383F31188BFF39C
:10F200006F8FBFF34F8F30BF62B6BFF36F8F704702
:10F2100072B6002383F31188BFF36F8FBFF34F8F54
:10F2200020BF80F31188BFF36F8F62B6704720282C
:10F2300009D9B0F1004F08D80138B0FA80F0C0F118
:10F240001F0040007047082070473E207047002094
:10F2500070474FF0FF3070470228CCBF00200120DC
:10F26000704710B504461420F6F7ECFE2060BDE8A8
:10F27000104000F067BE4FF0FF324FF0FF33ECF765
:10F280009BB94FF0FF324FF0FF33ECF78BB8ECF740
:10F290006FB9ECF7FFB8EBF73DBEE3F77DBCE3F7E2
:10F2A000EFBBE3F733BCE3F7B7BCE3F79BBC7047B6
:10F2B000002303824369C3607047416A8968E6F7A7
:10F2C0004DBDEFF31182402383F31288BFF36F8F9C
:10F2D00000230B60436833B9C0E9001182F3118841
:10F2E000BFF36F8F704719604160F7E710B50346B1
:10F2F000EFF31181402282F31288BFF36F8F006811
:10F3000028B15C6802681A60A04208BF5A6081F3A5
:10F310001188BFF36F8F10BD027A013202727047FD
:10F3200083680B44036070478388026819448180B6
:10F33000D018704730B484880568A31883802819D2
:10F3400030BC05F0F3BD8288521A03468280006803
:10F35000084418607047034600689A88521A0144AE
:10F360009A801960704710B503681C780121FFF777
:10F37000EAFF204610BD02688068101A704701231A
:10F3800010B50621044600F8013BEAF727FF18B93B
:10F39000A37963F03F03A37110BD0B6803608B88F2
:10F3A00083808B798371037823F0020303707047A5
:10F3B0000078C0F34000704710B50346BFF35B8F81
:10F3C00053E8000F40EA010243E80024002CF7D183
:10F3D000BFF35B8F10BD01210C30FFF7BCBF30B411
:10F3E00002EBC303044608469A4201D130BC704781
:10F3F000114611F8085BA54206D1018A537899425B
:10F40000F4D330BC536818470A46EDE7BFF35B8F6F
:10F4100050E8003F0B4040E80032002AF8D1BFF32B
:10F420005B8F704708B500200021E6F7C5FF18B1D3
:10F43000BDE80840E6F7BABF08BD08B5072205F0E9
:10F4400065FDB0FA80F0400908BD00280CBF0846F1
:10F450000020704707B580B906216846EAF7BEFE6E
:10F4600040B99DF80530684603F03F038DF805303C
:10F47000E7F7D0FA03B05DF804FB6FF01500F9E789
:10F4800001207047BFF35B8F0068BFF35B8F70474D
:10F49000032808B501D0E7F771FCBDE80840E7F79D
:10F4A00085BC10B50369C0E905330023C360837FC1
:10F4B000044613B1407AE9F7ABF90123237700231F
:10F4C0006377E377A37710BDEBF76CBFEBF7E2BF91
:10F4D0000378027903F00F011AB959B14FF0FF30E8
:10F4E00070470829FAD8012A04D183F0080040F3B4
:10F4F000C000704743F3C000704738B50446E7F7D3
:10F5000075FE054660B1037A6BB120460024E9F729
:10F5100003FA2846AC77FFF7C4FF2C72204638BDAB
:10F520006FF01500FBE76FF07700F8E770B5044661
:10F530000E461546E8F73AFB30B906B925B1204624
:10F54000BDE87040E8F77ABB70BDC343C3F3C01396
:10F5500000F00F0000EB0310704708B5E8F7F0FB70
:10F56000818208BD08B5E8F7EBFBEFF31183402279
:10F5700082F31288BFF36F8F02690A60027B2AB997
:10F58000807D83F31188BFF36F8F08BD0420F8E7F7
:10F590000369C9B20C2201FB0233186C00F00700AA
:10F5A000704770B5C9B20369EFF31185402484F345
:10F5B0001288BFF36F8F0C2606FB0134246C14F005
:10F5C000C00408D0A24206D085F31188BFF36F8F24
:10F5D0004FF0FF3070BD06FB013301221A6485F342
:10F5E0001188BFF36F8F436803EBC1035B689847D3
:10F5F0000020EFE78022FFF7D4BFF8B5069F04692B
:10F60000C9B2EFF31186402585F31288BFF36F8FDF
:10F610000C2505FB0144256C05F0070CBCF1010F1E
:10F620000CD1276486F31188BFF36F8FC4E90E23D2
:10F63000436853F8313098470020F8BD05F0C00505
:10F64000AF4286F31188BFF36F8F0CBF6FF0770066
:10F650004FF0FF30F1E713B580240094FFF7CDFFA2
:10F6600002B010BD10B40069CBB21C2403FB04002F
:10F67000002110BC10470020EAF744BE002000F033
:10F68000ACBA1046EBF774BF0020704738B50C4693
:10F690001546E6F77FFE28B129462046BDE83840EA
:10F6A000E7F73EB96FF00A0038BDF7B50F461646CA
:10F6B0004FF480650024A64203D816D0162003B06C
:10F6C000F0BD331BB3F5806F38BF1D462A4601AB32
:10F6D00039190020F3F7D8FC20B9019BAB4201D1C6
:10F6E0002C44E8E76FF01500E9E70020E7E7002287
:10F6F00008B511461046F3F797FC002818BF6FF0C5
:10F70000150008BD43685B68D3F810350B60002016
:10F71000704743685B6802EA010021EA0201C3F80E
:10F720000805C3F80C150020704743685B6800208B
:10F73000C3F80815704743685B680020C3F80C15D0
:10F74000704743685A68D2F8043521EA03000B4039
:10F75000C2F80805C2F80C350020704710B50369DF
:10F760005868F8B1884219D19C6808685860A1426D
:10F7700000D19860002008602AB15A680A609A682F
:10F78000596002B99960002010E0814206D10868F2
:10F79000206098688142EDD19C60EBE704460068E8
:10F7A0000028F2D1002AE8D16FF0150010BD13B582
:10F7B0004FF080520829136E526E28BF082112BAEA
:10F7C00000921BBA0C460A466946019305F0AEFB4F
:10F7D000204602B010BD30B543681360057A446816
:10F7E00004EBC504A34202D36FF0010030BD5C7985
:10F7F0008C4201D00833F0E70020F7E743681B682C
:10F80000D3F88004C3F88004704742681368D3F8C3
:10F81000100150B1D269002012780A70C3F81001AB
:10F82000D3F8102101221A6070474FF0FF30704763
:10F83000002A0FDD42681368D3F8100158B1002088
:10F84000C3F81001D269D3F8100112780A700120B0
:10F85000186070470020704710B543681968036945
:10F86000EFF31182402080F31288BFF36F8F186886
:10F87000002484731B680120D8734FF48003C1F8FF
:10F88000043382F31188BFF36F8F10BD03691A68C8
:10F89000012191731B680022DA73704702691168B5
:10F8A0000346C87B40B15B681B68D3F8580118B1A8
:10F8B00000230B6113689889704743681B68D3F86D
:10F8C0001001003818BF0120704743681B681022E0
:10F8D000C3F80423704743681B681022C3F8082349
:10F8E000704743681B684FF40072C3F804237047E5
:10F8F00043681B684FF40072C3F80823704738B59B
:10F9000043681D68D5F804335B02044605D4D5F876
:10F91000040310F0100006D138BDFFF7BFFF002828
:10F92000F5D00120F8E72046FFF7C7FF003818BFE1
:10F930000120F1E7012070470369186801601B6826
:10F940005A60704702680346D2F8580140B95B68B4
:10F95000DB0706D4D2F82001003818BF0120704719
:10F960000120704710B4436802691B68D3F8041380
:10F97000C90517D5D3F82011A1B1EFF311814024A7
:10F9800084F31288BFF36F8FD3F8204134B1002481
:10F99000C3F82041D3F820410124DC6081F31188B1
:10F9A000BFF36F8F1468D3F858115CB161B10021B7
:10F9B00021611468A47B3CB14FF48000C3F80803B4
:10F9C0001368997310BC7047D3F8241121B100213A
:10F9D000C3F82411D3F8243112681368002BF1D036
:10F9E000516810BC18472DE9F041066933689C89BD
:10F9F000BFF35B8F94420546A8BF1446103301271E
:10FA000053E8002F002A03D143E800700028F7D103
:10FA1000BFF35B8F0CBF3B4600232BD133682246DC
:10FA2000986805F083FAEFF31188402383F3128876
:10FA3000BFF36F8F69680846FFF784FF326840B9EB
:10FA40001061044688F31188BFF36F8F2046BDE82C
:10FA5000F0810B689268C3F844250022C3F848453A
:10FA6000C3F82021D3F82011C3F85821D3F8582126
:10FA70009F60E7E71C46E9E700F150039B009BB25B
:10FA800003F1804303F5883300221A601B68704736
:10FA900010B54FF0FF304FF0FF31EAF70DF8044694
:10FAA00020B9D5F71BFA0446EAF70EF8204610BD38
:10FAB00038B50B8A0D46BBB10B7EABB94FF0FF30AA
:10FAC0004FF0FF31E9F7F8FF044658B9E868EAF764
:10FAD00031F90446E9F7F8FF24B9EAF795F8284622
:10FAE000E6F7CCF9204638BD6FF01504FAE7EAF7DF
:10FAF0009FB810B531220446002105F03FFA6FF09F
:10FB00003F0363712823A3730223E37317236376F0
:10FB10006FF03303A3766FF03C03E376782323770B
:10FB2000802384F82330012384F82430802384F850
:10FB3000263010BD002303604360037863F0620346
:10FB40000370437843F040034370704708B5EAF709
:10FB50005BFB002008BD684620F007018D4601B51B
:10FB6000D9F744FDE5F748FABDE8014085467047FE
:10FB700008B54FF0FF314FF0FF30E9F79DFFDEF79A
:10FB800002FEBDE80840E9F79FBF684620F0070184
:10FB90008D4601B5D9F7F6FCBDE8014085467047B2
:10FBA000684620F007018D4601B5D9F721FAE5F73F
:10FBB00023FABDE801408546704708B5DEF717FD1A
:10FBC000002008BDF3F7DAB908B5E5F725F9E5F740
:10FBD000F9F9BDE80840F3F7D1B9012801D1D9F707
:10FBE00001B970477047D8F745BF004700F0ADB87E
:10FBF000C00000F1804000F5F830C0F81015C0F8E2
:10FC000014257047EBF780B9F7B5019001A8DDE93D
:10FC1000084716461D46EAF7E7FC019BB6F1000CC3
:10FC200018BF4FF0010C00EB83000B1E18BF01231F
:10FC3000002D43EA4C0314BF4FF00C0C4FF0000CA6
:10FC4000002C43EA0C0314BF4FF4E06C4FF0000C9F
:10FC5000002F43EA0C03D0F8002714BF4FF4403CB8
:10FC60004FF0000C43EA0C0322EA030301B10978C8
:10FC70000EB13678760019430DB12D78AD003143C1
:10FC80000CB12478240229430FB13F783F040C4380
:10FC90003C43C0F8004703B0F0BD1FB50DF10F03A2
:10FCA000019300238DF80F1000931A461946FFF7B1
:10FCB000ABFF05B05DF804FB38B5054608460C46B9
:10FCC000EAF7E4FCB0B10846EAF7D4FC90B908467C
:10FCD000EAF7C4FC2A6801238340C2F808332A6883
:10FCE00003B202EB8303D3F8102522F00302C3F81A
:10FCF000102538BD20460021BDE83840FFF7CDBFB4
:10FD0000EAF74ABDFFF7D8BF00F180431A68002A1E
:10FD10001FBF00221A601B68012008BF0020704727
:10FD20004FF080434FF46072C3F8042370474FF0E4
:10FD300080434FF46072C3F80823704708B5EBF7AF
:10FD400093F8BDE80840FFF74EBF08B1E6F7D4B816
:10FD50007047704740B1C368587810F001001EBF6B
:10FD60001878B0FA80F040097047EFF31183402310
:10FD700083F31288BFF36F8FFEE708B5FFF7F5FF37
:10FD800010B5D0E9003433B90020E268537843F06D
:10FD90000103537010BD204698470028F4D0002876
:10FDA000B8BF4042E368FF28A8BFFF201870ECE707
:10FDB00005F0E4B805F0BAB8704710B400F10C04CF
:10FDC000C0E9034410BCFEF734BE2DE9F04F89B002
:10FDD000DDE9126705463B46914606A83246059185
:10FDE00000F009FBDDE9063405F1140ACDE902341F
:10FDF000EFF311844FF0400888F31288BFF36F8F40
:10FE000005F10C0B05994A462846FEF79EFD30B1D8
:10FE100084F31188BFF36F8F09B0BDE8F08F3E43C4
:10FE2000F6D0DDE9022306A800F009FBDDE906674C
:10FE30005A46CDE9006721465046EBF7E5FEEFF361
:10FE4000118488F31288BFF36F8FDBE738B504465F
:10FE5000EFF31185402383F31288BFF36F8FFEF712
:10FE60002BFD04F10C0000F053FA30B1294604F1E7
:10FE70001400BDE83840EBF737BF85F31188BFF3B6
:10FE80006F8F38BD4169836843EA010212F00302B3
:10FE90000FD1C2600269013A01FB023382689A42C3
:10FEA00001D900207047C2681A604269C3609B1A7A
:10FEB000F4E76FF01500704710B5C0E90432002375
:10FEC000816083610446FFF7DDFF0028A8BFC4E915
:10FED000004410BDF8B504460D46EFF311864023EB
:10FEE00083F31288BFF36F8FC7686FB900F0EDF925
:10FEF00050B1C767456100F089F9314604F1080047
:10FF0000BDE8F840EBF7F0BEE3682B60A369E5605D
:10FF1000013BA36186F31188BFF36F8FF8BD08B56D
:10FF20004024EFF3118384F31288BFF36F8FFFF740
:10FF300062F9F6E790F90E308B4201D0EBF790BEF4
:10FF40000020704703460020C3E90200C3E90033E4
:10FF500070472DE9F843994604469DF820300D4638
:10FF6000904600F10806EFF31187402282F31288D1
:10FF7000BFF36F8F03B14568304600F0A6F958B162
:10FF80000023C367C0F8148000F040F930463946BA
:10FF9000EBF7AAFE00200CE0B9F1000F1BD00821FE
:10FFA000ECF70EFA38B987F31188BFF36F8F6FF053
:10FFB0000B00BDE8F8830122C0F8048002600168EC
:10FFC00001F003015DB922680A43026062682060A3
:10FFD0006AB960600BE0C8F800904046EFE72A6815
:10FFE000032A10D80160616839B9C4E9000004210E
:10FFF00004F1100000F08AFAC8E70A6802F0030270
:020000040003F7
:1000000002430A60E5E722F003020A4302602A681D
:1000100002F0030240EA02032B60E8E710B5044651
:1000200030B10268930703D0446809B100F09BFA2D
:10003000204610BD0023C0E9003300F10803C0E9E9
:10004000023300F11003C0E90433704707B5012300
:10005000009300230A461946FFF77BFF03B05DF8C3
:1000600004FB07B500230A4600931946FFF771FF0A
:1000700003B05DF804FB00680021FFF7CFBF5AB161
:100080008A4209D300F11003C0E90212C0E900005E
:10009000C0E90433002070476FF015007047026814
:1000A00001238B4022EA0303036022FA01F000F0EF
:1000B0000100704720B100221146883000F05EB97F
:1000C000704773B50446EFF31185402383F312881C
:1000D000BFF36F8F0023A0F11006032104380193B2
:1000E000FFF7DDFF28B1A369019301A93046EBF7C3
:1000F00045FB85F31188BFF36F8F02B070BD38B533
:1001000004460D461022002104F038FF656038BD1A
:1001100013B501900846EFF31184402383F312884E
:10012000BFF36F8F01A9EBF729FB84F31188BFF3AD
:100130006F8F02B010BD10B5FFF7EAFF041E08DD97
:10014000EFF31180402383F31288BFF36F8FEBF737
:10015000FBFD204610BD08B5A022002104F00EFFD3
:1001600008BD38B5302204460D46002104F006FFD4
:100170004FF480736560E36038BDC0E90000002083
:100180007047EFF30580003818BF012070476FF00B
:1001900057007047EBF7BABDD0E9003213605A60E0
:1001A0000023C0E90033704708B5FFF7F5FF437B34
:1001B00023F0020343730023836008BD38B504466F
:1001C0000D46EBF72BFC637B43F002036373E5B151
:1001D000A5602B689D4209D16B68C4E900531C607F
:1001E0006C6012E06A689A42F6D01B68002BF3D06C
:1001F00094F90E2093F90E108A42F3D09142F1DD6A
:100200005A68C4E9003214605C6038BD10B5EFF381
:100210001184402383F31288BFF36F8FEBF716FC32
:1002200084F31188BFF36F8F10BD10B504461830EA
:1002300000F0C6F8EFF31181402383F31288BFF377
:100240006F8F627B12F0100204D081F31188BFF32C
:100250006F8F10BD2046BDE81040EBF72BBC08B5F2
:10026000EFF31181402282F31288BFF36F8F83680E
:100270000BB1FFF799FF81F31188BFF36F8F08BDB2
:1002800038B50446EFF31185402383F31288BFF39A
:100290006F8F437B13F0280F0BD183680BB1FFF7EF
:1002A00083FF637B51B903F0FB0363732046EBF7D5
:1002B000CDFB85F31188BFF36F8F38BD03F0EB03DF
:1002C000F3E701211838FFF7DBBF38B5EFF31185ED
:1002D000402383F31288BFF36F8F0468A0420DD0D0
:1002E00034B12046FFF760FF04F1180000F068F811
:1002F00085F31188BFF36F8F204638BD0024F7E7E0
:1003000010B5FFF7ACFFBDE81040183000F058B84A
:1003100038B504680546AC424FF0000000D138BD46
:10032000002CFCD02046FFF7EBFF2046FFF76EFFC6
:100330002C680120A542F1E7EFF31181402282F3FE
:100340001288BFF36F8F027BD2070CD581F311881F
:10035000BFF36F8F002383F31188BFF36F8F0423E4
:10036000184602DF7047437B1B0704D581F31188D1
:10037000BFF36F8F70470122EBF79CBB38B5EFF3EB
:100380001185402383F31288BFF36F8F0468A04266
:1003900012D09CB1E16762612046FFF705FF04F1CE
:1003A000180000F00DF82046EBF750FB012085F314
:1003B0001188BFF36F8F38BD0020F8E72046F6E7BD
:1003C00010B5EFF31184402282F31288BFF36F8FD0
:1003D00003683BB1EBF788FE002084F31188BFF37C
:1003E0006F8F10BD6FF01500F7E708B5EBF79AFFB8
:1003F00008BDEBF797BFB3F1FF3F08BFB2F1FF3F76
:1004000070B504461D46164613D01A4315D06FF03A
:100410000102921B4FF0FF3363EB0501002904DA60
:10042000EBF780FF821941EB0501C4E9002120466A
:1004300070BD4FF0FF321146F7E70022FBE7B3F142
:10044000FF3F08BFB2F1FF3FF8B5074616461C460E
:1004500010D054EA020311D0EBF764FFB0420A4611
:10046000A14103460AD2F31A64EB0204C7E900343F
:100470003846F8BD4FF0FF331C46F7E70023FBE793
:100480002DE9F041846805460E46ECB16378012BF6
:1004900025D114F8533C9A0714D5A4F160073846C7
:1004A000FFF72EFF082E0CBF6FF003030023E3615C
:1004B00014F8533CDB0605D154F8483C13B93846D0
:1004C000FFF7A4FE00232370EB68C3F386321643C4
:1004D000002066F39433A860EB60BDE8F081022B46
:1004E000F0D12378002BEDD054F8048CB8F1000F34
:1004F000E8D004F11400FFF763FFA4F11407002310
:10050000E36239464046FFF703FEDBE710B50346DA
:10051000EFF31184402282F31288BFF36F8F0068DB
:10052000834208D0D0E9003213605A600023C0E94A
:100530000033FFF7A5FF84F31188BFF36F8F10BD61
:100540000432D3B5044608D200260027CDE900675F
:1005500041F00401FFF739FC10B9002002B0D0BD12
:1005600040F8044BFAE720B1011F50F8040CFFF7E4
:100570006DBC704701460420EBF714BF70B5A0FBBB
:10058000015424B92846FFF7F5FF064610B90026A6
:10059000304670BD2A46214604F0F0FCF8E707B566
:1005A0006B4683E80300184600F046F801280CBFAC
:1005B0000198002003B05DF804FB0B6810B50C46F1
:1005C0004BB9F0F7CFFA01F0CEFA2060B0FA80F024
:1005D0004009404210BD0020FCE70023C0E9003381
:1005E000704710B5044658B103681BB19B6A0BB144
:1005F0004068984720460821BDE81040F1F752BBFB
:1006000010BD034608461BB11B680BB1DB681847D9
:100610000020704710B586B0002405940C9C04940B
:100620000B9C03940A9C0294099C0194089C0094DE
:10063000ECF728FD06B010BD10B1006800B10078DD
:10064000704707B56B4683E803001846FFF7F4FFD1
:100650000238022894BF0198002003B05DF804FB23
:1006600038B50C4603C81546FFF7EBFF2B4601468D
:1006700022460078EDF7D4FB08B1A0F5745038BDE0
:1006800007B5049A4068CDE9003200F1680100F135
:100690001C0300F1600200F0EBFB03B05DF804FB0B
:1006A00038B5446804F16805134620460A462946D1
:1006B000EDF74AF828B929462046BDE83840EDF75D
:1006C000DDB838BD012802D0831F58425841704719
:1006D000023802288CBF0020012070474368D86B85
:1006E0007047023801288CBF002001207047031F8B
:1006F00058425841704710B50446EEF749FE20466F
:10070000BDE81040EFF77CBC10B58C210120EFF75D
:1007100071FC044608B1EDF78FFE204610BD496814
:100720004068EDF7F5BE406800F083BD10B50446A3
:1007300000F061FB2046BDE81040EFF761BC10B54A
:1007400080210120EFF756FC044608B100F010FBB1
:10075000204610BD49684068EDF78CBB406800F04A
:100760000EBE07B511461A46059B00934068049BD0
:1007700000F017FE10F5984F08BF00F5985003B031
:100780005DF804FB10F1860F13D010F1850F0BDA22
:1007900020F0020393330FD010F1970F0CBF6FF0CE
:1007A0006D004FF0FF307047003818BF0120404205
:1007B00070476FF0710070476FF06F00704730B492
:1007C0000024944201D130BC184731F924508542AD
:1007D00001D00134F5E701EB840130BCB1F902002E
:1007E0007047F0B5012BB5B006460F4615461C46BE
:1007F0001AD86846F2F7BCF921466846F2F7BCF908
:10080000044658B93A4631466846F2F7C5F90446F7
:1008100020B929466846F2F7D3F904466846F2F74C
:10082000A9F9204635B0F0BD6FF07304F9E738B58B
:1008300000EBC104A04200D138BD00F1080502F070
:1008400019FF2846F6E738B500EBC104A04200D1F5
:1008500038BD00F1080502F012FF2846F6E72DE941
:10086000F34101F1100506460F462846002103F02A
:10087000E4F8044698B3684602F0FCFE321D2946AF
:10088000684603F06DFD044630BB07F108086B466F
:10089000424641463046ECF7EDFC0446E0B96B4673
:1008A0006A4669463046ECF7E5FC0446A0B96B465B
:1008B0003A4639463046ECF7DDFC044660B96B46F3
:1008C000424641463046ECF7D5FC044620B90121AA
:1008D000284602F0B0FF0446684602F0D0FE2046EB
:1008E00002B0BDE8F081F7B50D460446083568460C
:1008F000164602F0BFFE0021284603F09EF8211D97
:1009000007462A46684603F07EF9044648B9002F98
:100910000CBF002206F001026946284602F0E1FE03
:100920000446684602F0ABFE204603B0F0BD2DE958
:10093000F74F9DF8308006460C461F46C8F3450920
:1009400002F108054FF0000B01F1080ABB450ED17A
:100950004FEAD81221463046FFF7C5FFF0B9012112
:1009600004F1100003B0BDE8F04F02F064BF5FFA7D
:100970008BF2A2EB09035A425A41A5F10801204625
:10098000019202F0AEFE48B92946019A504602F0A3
:10099000A8FE0BF1010B18350028D7D003B0BDE835
:1009A000F08F70B50C460646114620461A4603F0F5
:1009B0002AF9054648B90436B4F90430002B04DAA4
:1009C0000021204603F039F808B9284670BD3246A8
:1009D0002146204603F014F90028EDD00546F4E73F
:1009E00070B50C460546114620461A4603F008F934
:1009F000064630B904352946204602F0D6FF0028C5
:100A000001DA304670BD2A462146204603F076F8CA
:100A10000028F0D00646F4E738B50C46051D2946F7
:100A2000204602F0C2FF002801DA002006E02A4634
:100A30002146204603F062F80028F0D038BD10B5FA
:100A4000044602F01CFE04F1080002F018FE04F156
:100A50001000BDE8104002F012BE38B50C46054645
:100A60000121204602F04CFF28B921462846BDE866
:100A70003840FFF7D1BF38BD2DE9F0411346054698
:100A80000C461646ECF7F6FB40BBEB6843BB032273
:100A90002146204603F0D3F800BB2F1DB4F90430E3
:100AA000002B04DA0021204602F0C7FF78B9334654
:100AB000224621462846ECF7DDFB78B905F1140300
:100AC000224621462846BDE8F041FFF789BF3A4655
:100AD0002146204603F094F80028DFD0BDE8F081DD
:100AE00005F10C03224621462846FFF779FF00282E
:100AF000DDD0F3E72DE9F84F1E4603F10805C36882
:100B000004468A469046002B40F0C08002F1100354
:100B10001A462946ECF7AEFB002840F0EF8006F1BC
:100B200010072B46424639462046FFF759FF00285A
:100B300040F0E48006F118092B464246494620461B
:100B4000FFF72FFF002840F0D9804B463A46294650
:100B50002046ECF78FFB002840F0D0800322294686
:100B6000304603F0F1F8002840F0C88031462046B6
:100B7000FFF752FF002840F0C18008F1080B06F192
:100B800010075B465A4639462046ECF773FB0028AF
:100B900040F0B48039462046FFF75FFF002840F060
:100BA000AD803B46424629462046ECF763FB0028D1
:100BB00040F0A48029462046FFF74FFF002840F070
:100BC0009D8006F118093B463A4649462046ECF717
:100BD00051FB002840F0928049462046FFF73DFF38
:100BE000002840F08B803346324639462046ECF7E9
:100BF00041FB002840F082802B463A463946204689
:100C0000FFF7CFFE002879D12B463A4639462046D9
:100C1000FFF7C7FE002871D13B462A4629462046E9
:100C2000FFF7BFFE002869D133462A4629462046F1
:100C3000ECF720FB002861D14B462A462946204686
:100C4000FFF7AFFE002859D108F110035A46494674
:100C50002046ECF70FFB002850D149462046FFF70D
:100C6000FCFE00284AD13946504602F0AFFD00286C
:100C700044D129460AF1080002F0A8FDF0BB49461C
:100C80000AF11000BDE8F84F02F0A0BD1346294656
:100C9000ECF7F0FA90BB03222946304603F054F8F3
:100CA00060BB31462046FFF7B7FE38BB04F10C07A6
:100CB0000146384602F0C1FE00283FF45EAF08F15D
:100CC00010031A4629462046ECF7D4FAB0B906F1CB
:100CD00010092B462A4649462046ECF7CBFA68B95C
:100CE0003B464A4629462046ECF7C4FA30B92B4623
:100CF000324631462046FFF773FE3BE7BDE8F88FEA
:100D00000346C06920B15B6A002B14BF012002209A
:100D1000704710B5044602F0ADFC04F1080002F083
:100D2000A9FC04F11000BDE8104002F0A3BC38B5E6
:100D30000025044600F8045B02F09CFC04F10C0062
:100D400002F098FC04F1140002F094FC04F11C0081
:100D5000FFF7DFFF04F1340002F08CFCC4E90F550B
:100D6000C4E91155C4E91355C4E91555E56538BD05
:100D700010B50446FFF7DBFF04F1600002F07AFCD7
:100D800004F16800BDE81040FFF7C3BF08B1FFF7EA
:100D900056BE704770B5044660B3436C012B11D04A
:100DA0000C3002F06CFC04F1140002F068FC04F159
:100DB0001C00FFF7EBFF04F1340002F060FC201D83
:100DC00002F05DFCA36D4BB1E36D3BB1002518262D
:100DD000D4E91603AB4207D8EFF712F92046602199
:100DE000BDE87040F0F75EBF06FB0500FFF7CEFFE1
:100DF0000135EDE770BD10B5044658B1FFF7CAFFE5
:100E000004F1600002F03BFC04F16800BDE8104012
:100E1000FFF7BCBF10BD38B504460D4602F0D6FC46
:100E200070B905F1080104F1080002F0CFFC38B9EF
:100E300005F1100104F11000BDE8384002F0C6BC15
:100E400038BD0978EDF772B810B50121044602F0FB
:100E5000F2FC60B9012104F1080002F0ECFC30B9A9
:100E6000014604F11000BDE8104002F0E4BC10BDE2
:100E70001FB500240294079C0194069C0094ECF793
:100E8000C3FF04B010BD03685B180360137843F11F
:100E9000000313707047137810B504688C4238BF94
:100EA000013B137003685B1A036010BDF7B50023A4
:100EB000112104468DF8033002F0EFFB06460028AE
:100EC00040F04D8125680DF103022B68296A0193DA
:100ED00001A8FFF7D8FF696AFFF7D5FFE96AFFF7B6
:100EE000DAFF296BFFF7D7FF696BFFF7D4FFA96B18
:100EF000FFF7D1FF019B2B609DF9031025688DF84A
:100F000003606B680193002980F22C814942FFF74E
:100F1000C2FF0DF1030201A8696AFFF7B4FFA96AD5
:100F2000FFF7B1FF296BFFF7B6FF696BFFF7B3FF60
:100F3000A96BFFF7B0FFE96BFFF7ADFF019B6B609B
:100F400025689DF90310AB680193002399428DF841
:100F5000033080F20A814942FFF79DFF0DF1030241
:100F600001A8A96AFFF78FFFE96AFFF78CFF696B99
:100F7000FFF791FFA96BFFF78EFFE96BFFF78BFF80
:100F8000019BAB6025689DF90310EB68019300237A
:100F900099428DF8033080F2EB804942FFF77BFFE6
:100FA0000DF1030201A8E96AFFF76DFFFFF76BFF80
:100FB000296BFFF768FFFFF766FF696BFFF763FFB9
:100FC000E96BFFF768FF296AFFF765FF696AFFF7BA
:100FD00062FF019BEB6025689DF903102B6901936B
:100FE000002399428DF8033080F2C5804942FFF713
:100FF00052FF0DF1030201A8296BFFF744FFFFF731
:1010000042FF696BFFF73FFFFFF73DFFA96BFFF75B
:101010003AFF696AFFF73FFFA96AFFF73CFF019BB0
:101020002B6125689DF903106B6901930023994298
:101030008DF8033080F2A2804942FFF72CFF0DF1BA
:10104000030201A8696BFFF71EFFFFF71CFFA96BE6
:10105000FFF719FFFFF717FFE96BFFF714FFA96A06
:10106000FFF719FFE96AFFF716FF019B6B6125681F
:101070009DF90310AB690193002399428DF8033069
:101080007FDA4942FFF707FFAF6B0DF1030201A8BA
:101090003946FFF7F8FEFFF7F6FEE96BFFF7F3FEC0
:1010A000FFF7F1FE3946FFF7EEFE696BFFF7EBFE47
:1010B000296AFFF7F0FE696AFFF7EDFE019BAB615D
:1010C00025689DF90310EB690193002399428DF87F
:1010D000033059DA4942FFF7DEFE0DF1030201A8A1
:1010E000E96BFFF7D0FEFFF7CEFEFFF7CCFE296AD3
:1010F000FFF7C9FEA96AFFF7CEFEE96AFFF7CBFE4C
:10110000296BFFF7C8FE696BFFF7C5FE019BEB611A
:101110009DF90310236821EAE1721A620020082376
:10112000E28801339A4232D8002918DA0023206875
:10113000C258D243C2500433242BF8D10023206874
:10114000C2580132C2502268D05810B90433242B3F
:10115000F5D14FF6FF73A380136A5B1A1362304612
:1011600003B0F0BDFFF78FFED3E6FFF78CFEF5E688
:10117000FFF789FE14E7FFF786FE3AE7FFF783FEE5
:101180005DE7FFF780FE7FE7FFF77DFEA5E72268BA
:1011900042F82300C4E743421843C017704708B51C
:1011A000EFF7E0FCBDE8084000F0DDBC2DE9F843B6
:1011B0000446DDE90876914698460D4651B9B9F1E5
:1011C000000F10D1B8F1000F15D1E7B91EBB55BB08
:1011D000002006E0083002F0F9FA0028EFD0A0F570
:1011E0008140BDE8F883494604F1200002F0EEFAA0
:1011F0000028E7D0F3E7414604F1280002F0E6FAC0
:101200000028E2D0EBE7394604F1180002F0DEFADC
:101210000028DBD0E3E7314604F1100002F0D6FAF3
:101220000028D4D0DBE704F1080002F047FB60603F
:10123000CEE7083002F03EBB406870472DE9FF4121
:1012400004460F4616461D462BB96FF00304204690
:1012500004B0BDE8F0810021184602F0EEFB8046A4
:101260000028F2D10121204602F0E7FB0028ECDD46
:101270000121384602F0E1FB0028E6DD4146304618
:1012800002F0DBFB0028E0D0684602F0F3F902A888
:1012900002F0F0F921460122684602F0D0FC044633
:1012A00010BB0122394602A802F0C9FC0446D8B995
:1012B00002AA6946284602F0E0FE0446A0B902AA46
:1012C0006946684602F0D3FC044668B901462B46DD
:1012D0006A466846F4F728FB044628B96A46314650
:1012E000284603F03DF80446684602F0C8F902A813
:1012F00002F0C5F9ABE72DE9F34706469A46684682
:10130000DDE90A980D46174602F0B4F9BAF1000F6C
:1013100007D1B9F1000F1AD1B8F1000F28D1444616
:101320000EE001223146684602F089FC044638B9D5
:101330006A463946504602F038FD04460028E8D097
:10134000684602F09CF9204602B0BDE8F087012211
:101350002946684602F073FC04460028F0D16A462C
:101360003946484602F021FD04460028D4D0E7E77C
:1013700032462946404602F0F3FF0446E0E710B546
:1013800086B0002405940C9C04940B9C03940A9C46
:101390000294099C0194089C0094EEF7FDFB06B0B2
:1013A00010BD13B500240194049C0094EEF762FC78
:1013B00002B010BD00F10C0213681BBA013319BA58
:1013C00011601BB9904201D0043AF5E770472DE94E
:1013D000F04FB2F5C07FADF53F7D07460C4616468F
:1013E00000F2B5804FF4D072002156A803F0C6FD7C
:1013F00033BA5A9320238DF86F315CAB32461846CE
:10140000214603F093FD802282556A4600239046D0
:1014100002F8013B0133102BFAD110AD284600F041
:10142000C4FC802241462846F1F7E0F90446002832
:101430006AD119368346102200210DEB020003F019
:101440009DFDB1460DF5AC7A04AAAAF1040113463C
:101450000AF10C0C146851F8040F6040614542F821
:10146000040BF7D11A460121284600F0A9FC0AF125
:10147000100A0446002847D1B9F1100F94BFA9EB18
:101480000909A9F1100904ABB9F1000FDCD108AAD0
:101490000BEB02040FCB84E80F009DF85B310133A6
:1014A0008DF85B31BBF1000F4ED0802208A9284691
:1014B000F1F79CF9044638BB0CAB1A4601212846CB
:1014C00000F07EFC0446F8B90CAC3A46234603CB48
:1014D000AB42106051601C4602F10802F6D10CAB21
:1014E0001A460121284600F06BFC07F1100604465D
:1014F00050B90CAB32461E4603CEAE42106051606E
:10150000334602F10802F6D1284600F053FC4FF4AE
:10151000D07156A8F0F7C6FB20210DEB0100F0F7C3
:10152000C1FB10214046F0F7BDFB10210DEB01007F
:10153000F0F7B8FB1CB120213846F0F7B3FB20468A
:101540000DF53F7DBDE8F08F4FF0100B73E76FF0A6
:101550003704F4E7F0B589B0054620220F46684607
:10156000002103F00BFD05F120062846FFF722FFBE
:101570006B462A460121304600F022FC044628BB77
:101580002846FFF717FF04AB2A460121304600F03A
:1015900017FC0446D0B96B4619683A5904344A40DE
:1015A000202C43F8042BF7D1802269463046F1F70E
:1015B0001DF9044650B904AB08AE1A4603CAB2423C
:1015C00028606960134605F10805F6D168462021B8
:1015D000F0F768FB204609B0F0BD2DE9F0418469C1
:1015E000B4F5C07FE0B00546884617461E4649D888
:1015F000C4F5C073B34245D3C6F5C0731B1B9342F9
:1016000040D34FF4C0720021684603F0B7FCD5F810
:101610003831D5F83C0122466946984728B16FF029
:101620003304204660B0BDE8F081AC6956B1D5F80E
:101630003831D5F83C0132460DEB040198470028BB
:10164000EDD13444B8F1000F07D037B10DEB0400F1
:101650003A46414603F06AFC3C44224669466846E5
:10166000FFF7B5FE044638B969462846FFF772FF12
:10167000044608B901232B614FF4C0716846F0F7A6
:1016800011FBCEE76FF03704CBE710B54FF4AA7229
:101690000446002103F072FC04F1200000F085FBF9
:1016A0004FF0FF3323614FF6F073E36110BD002369
:1016B000FFF793BF2DE9F0418CB0B2F5806FDDF8F4
:1016C000488005460F4616461C4652D8B8F5807F1E
:1016D00052D820220021684603F050FC2A69EB69A9
:1016E0009A4201DC6B699BB1214642462846FFF7CE
:1016F000DEFF044608BB05F1200816BB69462846F4
:10170000FFF728FF0446A0B92B6901332B6110E0D5
:10171000B8F1000FEFD0214642466846FFF757FE6A
:10172000044630B969462846FFF714FF04460028EE
:10173000E1D030216846F0F7B5FA20460CB0BDE89C
:10174000F0812846FFF736FE08AB2A4601214046C5
:1017500000F036FB04460028EBD1102E344628BF9B
:1017600010243846224608A903F0E0FB2744361B24
:10177000C3E76FF03504E0E76FF03704DDE72DE9EC
:10178000F041202B8AB00546884617461E460BD9E5
:101790000920EFF7E7F902AB32463946EFF736FB9F
:1017A000044628BB02AF20262C698DF804808DF8F2
:1017B000056084B90920EFF7D5F92246014628468D
:1017C000EFF71AFA044698B92846EFF77DFA04466F
:1017D00070B901232B61022201A92846EFF7B8FA5C
:1017E000044628B9324639462846EFF7B1FA04468E
:1017F00002A82021F0F756FA20460AB0BDE8F08191
:101800002DE9F0430023A7B0064605461F466FF0BA
:101810003B049946726997420BDB002B08BF6FF0BF
:101820003C0402A89021F0F73DFA204627B0BDE81D
:10183000F083D5F82880AC69E869CDF80490B8F158
:10184000010F18BF9846902201AB02A9A047044699
:101850000028E6D1019B53B102AAF9B23046FFF746
:101860008EFF0028E2D12B6A019A13442B620137C4
:1018700014354346CEE700207047704700230360CD
:1018800043608360704710B5044668B1006810B1CA
:10189000616801F0E6F8A068EEF7B2FB20460C2183
:1018A000BDE81040F0F7FEB910BD2DE9F04F044639
:1018B000A5B000680E4693469846DDE9307900F001
:1018C00052F90DF10C0A0023ADF80C3005468AF8E8
:1018D00002305A460123314620468DF80F30EFF78B
:1018E000E3FA68B904AE77B93B46402114A80193E6
:1018F000F0F7D8F930464021F0F7D4F9019B1846AB
:1019000025B0BDE8F08F2E9A41462046EFF746FB02
:1019100003460028E9D1042251462046EFF73EFB5A
:1019200003460028E1D114A92046EFF745FB034602
:101930000028DAD12046EFF769FB03460028D4D10E
:101940002A4614A9304603F0F1FA4FF0010B2F9B01
:101950009B4516D3BD42AB4628BFBB465A464846B8
:1019600014A903F0E3FAA7EB0B07D94404AA5245E4
:10197000B9D012F8013D0133DBB21370002BF6D061
:10198000B1E72A4631462046EFF708FB0346002818
:10199000ABD131462046EFF70FFB03460028A4D118
:1019A0002046EFF733FB034600289ED114AAB44625
:1019B000181D854206D214AA1A449D420AD80BF17A
:1019C000010BC4E711685CF8043B4B4042F8043B50
:1019D0000346EDE71178F05C414002F8011B01334A
:1019E000EBE790EA0103401A984319400843C017F7
:1019F0007047484043421843C017704710B5891AD2
:101A00000024E3B2994204F1010400D810BD03445C
:101A10009954F6E7802330B58354891A01230024B2
:101A20008B4200D330BDC5180133AC54DBB2F7E7AD
:101A300070B501238D1A0026AB4203D3084400F889
:101A4000015C70BDC4181444013304F8016CDBB2AE
:101A5000F2E7134618448A1A002103F08FBA442291
:101A6000002103F08BBA10B5044600F030FF204689
:101A7000BDE81040EEF7C4BA10B54FF41A7101205A
:101A8000EEF7B8FA044608B100F032FD204610BD6A
:101A900013460A46022100F030BD10B5044600F09E
:101AA00063FC2046BDE81040EEF7AABA10B54FF42B
:101AB00084710120EEF79EFA044608B100F040FC64
:101AC000204610BD10B50446F0F758FE2046BDE88C
:101AD0001040EEF795BA10B5A4210120EEF78AFA6E
:101AE000044608B1F0F748FE204610BD10B5044684
:101AF00000F0D6FA2046BDE81040EEF781BA10B5E6
:101B00004FF4AE710120EEF775FA044608B100F00B
:101B1000A9FA204610BD13460A46022100F0A7BAD2
:101B200010B5044600F046F92046BDE81040EEF737
:101B300067BA10B54FF48C710120EEF75BFA0446DA
:101B400008B100F032F9204610BDF0F76DBEF0F795
:101B50004DBE00F0AEB900F044B900F031B910222A
:101B6000002103F00BBA00B140787047F0B5E9B03E
:101B7000064668460F461546F0F7D2FF6846F0F76E
:101B8000D3FF044658B93A4631466846F0F7D6FFC7
:101B9000044620B929466846F0F7DCFF044668464B
:101BA000F0F7C0FF204669B0F0BDD822002103F055
:101BB000E5B910B1D821F0F775B870472DE9F843B1
:101BC00004460E461546002A40D0D0E9003203F004
:101BD0007F075B1952F100024FF0000128BF01217D
:101BE000C0E9003231B1D0E90232013342F10002E2
:101BF000C0E9023287B3C7F180094D451FD304F114
:101C0000500831464A4608EB070003F08FF9414679
:101C10002046EFF711FAD0B9803D3D447F2D4E4468
:101C20000BD90027F1192046EFF706FA88B980375B
:101C3000EB1B7F2BF6D83E441D463DB1002704F137
:101C400050002A463146384403F070F90020BDE8C0
:101C5000F8834FF0FF30FAE77F2DE2D8EFE7F8B5D1
:101C6000036803F07F035A1C03440D4600F150073C
:101C70008021702A044683F8501007EB02005DD8DB
:101C8000C2F17002002103F079F9D4E90013D4E91C
:101C90000262580FD200DB0042EA567240EAC600E8
:101CA00043EA5173C90000BA12BA09BA1BBAC4F8A0
:101CB000C400C4F8CC10C4F8C020C4F8C8303946F9
:101CC0002046EFF7B9F90646002832D12369626948
:101CD0001BBA12BA2A606B60A369E2691BBA12BA16
:101CE000AA60EB60236A626A1BBA12BA2A616B614E
:101CF000A36AE26A1BBA12BAAA61EB61236B626B38
:101D00001BBA12BA2A626B62A36BE26B1BBA12BADD
:101D1000AA62EB62D4F8D0305BB9236C626C1BBA58
:101D200012BA2A636B63A36CE26C1BBA12BAAA6381
:101D3000EB632046FFF73DFF3046F8BDC2F180025D
:101D4000002103F01BF939462046EFF775F90646E6
:101D50000028EED101467022384694E7F0B5012BF9
:101D6000B7B006460F4615461C461BD86846FFF717
:101D70001CFF21466846DDF767F8044658B93A4625
:101D800031466846FFF71AFF044620B929466846DF
:101D9000FFF765FF0446D8216846EFF783FF20462A
:101DA00037B0F0BD6FF07404F9E74FF48C72002186
:101DB00003F0E4B818B14FF48C71EFF773BF7047BC
:101DC00010B40C46012C11461A4606D814B910BCA2
:101DD000F0F756BD10BCF0F745BD6FF0200010BC09
:101DE00070472DE9FF4701291E468046DDE90C3486
:101DF000154658D882B32A0758D1002949D10DF188
:101E000010091D44EC461A4603F1100A6746106893
:101E10005168E646AEE8030008325245F446F6D172
:101E2000224619464046F0F72BFDB0B933582258E8
:101E30005340235004301028F8D132463B4603CBA0
:101E40004B45106051601F4602F10802F6D1AA45C9
:101E5000534604F11004D5D1002004B0BDE8F0874A
:101E6000C25851F803C082EA0C02E2500433102B2E
:101E7000F6D1224621464046F0F7F4FC0028ECD18A
:101E8000103D04F11003214606D01C460023781BA8
:101E9000E6E731465F19F9E754F8042B46F8042BBE
:101EA0009C42F9D1D8E76FF02000D6E76FF021000F
:101EB000D3E72DE9F84F1668DDF828A00F2E8146EC
:101EC0000F4690469B4637D96FF020001FE0C6F1C1
:101ED000100334460026B91B99420B9A28BF1946B5
:101EE0000C9B0AEB040533443244002404F1040C37
:101EF000614511D2A14217D80E44B74220D8D8F874
:101F000000301F4407F00F07C8F800700020BDE83C
:101F1000F88F00241023DEE7105955F804E080EA1A
:101F20000E0018516446E1E7105D15F804C080EA20
:101F30000C0018550134DDE70029E0D0002EC6D191
:101F4000524659464846F0F78DFC0028DFD10BF188
:101F50000C031C6824BA013422BA1A60002CD8D1B0
:101F60009B45D7D0043BF4E738B5D0F8581101F0C1
:101F70000303032B044637D1826A22B9436B023B29
:101F8000012B1BD80262256B2378681E0343606A0D
:101F9000003818BF0120023A43EA8013520843EA8E
:101FA000C2032370236A0020C2B2954200F10100EF
:101FB00007D85BB141F01001C4F858116FF00C0064
:101FC00011E0C2F10F02A3541B0AEDE7224621469D
:101FD00004F13800F3F746FF28B1D4F8583143F044
:101FE0001003C4F8583138BD0020FCE72DE9F04358
:101FF00085B005460C46174600F1100198466A4622
:1020000000233830CDE90033CDE90233DDF83090DC
:10201000F3F728FF064668B1D5F8583143F01003AE
:10202000C5F8583168461021EFF73CFE304605B040
:10203000BDE8F0830DEB04010446221D974209D24E
:10204000A742EFD918F804300A5D534009F804306C
:102050000134F5E758F804300859434049F8043092
:102060001446EAE74FF4AE72002102F087BFF8B5DC
:1020700000F138040F46204615461E4602F0AFFE1A
:1020800039462046F3F778FE10B16FF00C00F8BD2A
:10209000324629462046F3F799FE0028F7D0F4E7A8
:1020A00010B5044648B1383002F099FE20464FF48E
:1020B000AE71BDE81040EFF7F5BD10BD2DE9F04160
:1020C0001D46073B062B044616462AD800F111038D
:1020D000C5F10F07A046416307630F221846002190
:1020E000013F02F04BFF08F8107F2A46314602F00C
:1020F0001DFF681C226B0021404402F03FFF0123BA
:10210000E377E0182A46314602F010FFD4F8583140
:1021100043F00103C4F858312046BDE8F041FFF711
:1021200023BF6FF00C00BDE8F081022B30B414D057
:10213000102B12D813F001050FD1B1F57F4F0CD23F
:10214000C0E90A35D0F85831C0E9082143F002034C
:10215000C0F8583130BCFFF707BF6FF00C0030BC3F
:1021600070472DE9F04F9B46D0F85831DB0689B017
:1021700004468A46164600F1C880836A2BB1C36ABA
:102180001344026A934200F2C080129B9E4200F206
:10219000BC80139B1E6004F13803039304AF0EB997
:1021A00033468CE0E36A03F00F08C8F11005B5422E
:1021B00028BF35462B44E362636B23F00203012BF7
:1021C00041D0636B33F0020929D1534600972A4668
:1021D00041462046FFF70AFF034600286FD104EB73
:1021E00008033846A3F1040C09F10402954271D2A8
:1021F0004B444D4578D82A463946584602F096FE5B
:1022000008EB0503102B03D0E26A236A9A4278D1C7
:10221000039822462146F3F725FE034660BBA844F7
:10222000B8F1100F69D1206B0021CBB2984268D968
:10223000C3F10F03234401311A7C0132D2B21A7464
:10224000002AF2D05DE004EB08010023181D85424E
:1022500001EB030217D29D421ED808EB0503102B99
:1022600003D0E26A236A9A421ED10398224621468D
:10227000F3F7F8FD0346B8B1D4F8582142F0100244
:10228000C4F858211BE05AF8032051F803C082EA31
:102290000C02CA500346D9E71AF8030011784140EE
:1022A00002F8011B0133D6E75346CDF800B02A46A9
:1022B00041462046FFF79AFE0346002881D01021B0
:1022C0000DEB01000393EFF7EDFC039B184609B0FB
:1022D000BDE8F08F5CF8021050F804EB81EA0E01C3
:1022E0004CF8021091467FE71A7817F809104A4017
:1022F00003F8012B09F101097BE7E26A236A9A429C
:1023000091D0761BAA44AB4449E76FF00C03DDE79C
:1023100030B5D0F8F02012F00F0485B005460DD08E
:102320000F220021684602F029FEC4F1100269461E
:1023300005F1A400F0F75AFC05B030BD2046FBE7DC
:1023400010B50446F0F718FA04F1A400F0F74AFCBF
:1023500000230022C4E93C23C4E93E230023C4F83F
:10236000003184F8043110BD10B5044680B1F0F797
:1023700005FA04F1A400F0F737FC00230022C4E9B9
:102380003C23C4E93E230023C4F8003184F804311F
:1023900010BDF0F7F5B92DE9F0411F46D0F8003136
:1023A00016465A1E012A04460D4633D8012B18D072
:1023B000D4E93E325B1942F10002C4E93E3294F89E
:1023C0000431BBB12A46314604F1A400F0F70EFCFB
:1023D00070B93B46324629462046BDE8F041F0F749
:1023E000F3B90223C0F80031FFF792FF0028DFD0D5
:1023F000BDE8F0813B46324629462046F0F7E4F935
:102400000028F5D12A46394604F1A400BDE8F04180
:10241000F0F7ECBB6FF05300EAE72DE9F84F8A467E
:1024200091460A4600F51071DDE90AB804461E46D9
:10243000F3F718FD074630B110215046EFF732FC94
:102440003846BDE8F88F94F86032F3B1CA440025ED
:102450002A1D964233D2AE423AD894F86032012B0C
:10246000EED104F5147404EB09020021081D864224
:1024700002EB010335D28E42E2D918F801001A7836
:10248000424003F8012B0131F5E704F514724A4488
:102490000546291D8E4202EB050309D2AE42D5D96D
:1024A0001BF805101A784A4003F8012B0135F5E7AF
:1024B0005BF805305059434053510D46E9E75AF84F
:1024C00005305BF805104B4048F805301546BFE76E
:1024D0001AF805301BF80520534008F8053001357F
:1024E000B9E758F801305458634053500146BDE7EE
:1024F0004FF41A72002102F041BD2DE9FF471D463D
:1025000023F04003802B04460F46164603D0B5F552
:10251000807F40F0B180204602F061FC39462046C1
:10252000F3F72AFC002840F0A4802A4631462046D2
:10253000F3F74CFC002840F09C80014610226846CE
:1025400002F01CFD6A4611462046F3F78BFC00287A
:1025500040F08F80DDE90023C4E96823DDE9022330
:10256000C4E96A2300220023C4E94823C4E94A23BA
:1025700084F86102032504214FEA411E0EF5907E86
:1025800004EB0E0701F11202D7F80CC0BB689CFAED
:102590008CFC1BBA4FEA5C0C16014CEAC37C04EBC2
:1025A00002125B089CFA8CFC1BBA9360C2F80CC048
:1025B00097F807C043EACC131372D7F804C054F855
:1025C0000E309CFA8CFC1BBA4FEA5C0C4CEAC37CC4
:1025D0005B081BBAA3519CFA8CFCC2F804C0FA7BBE
:1025E00012F0010F0CBF00226FF01E025340013D9C
:1025F000A3554FEA6101BFD10422082104EB011366
:10260000013AD3F82051D3F824612DBA36BAC3E980
:102610004865D3F82851D3F82C612DBA36BAC3E9EE
:102620004A654FEA6101E9D14FF0030C022704F536
:10263000907807F112031901A1F5907104EB0316CC
:1026400004F5987208EB010E01EB02090023F5581E
:1026500052F803A085EA0A0549F803500433102B09
:10266000F5D110329645EFD1BCF1010C4FEA470786
:10267000DFD104B0BDE8F0876FF01300F9E72DE972
:10268000FF470446884617461D46002B6DD000F5CF
:10269000107610220021304604F5147902F06EFC09
:1026A00010220021484602F069FC002200230C2D74
:1026B000C4E98823C4E98A2384F8608212D13B6884
:1026C000C4F840327B687360BB68B360012384F850
:1026D0004F3204F50C723146204604B0BDE8F04795
:1026E000F3F7C0BB0023CDE90033EA006B0F12BA49
:1026F0001BBACDE9023204F50F7A102DA8464FF02F
:10270000000328BF4FF010081A1D90451CD203F299
:102710003F222244984521D8324631462046EFF7E1
:1027200049F9B5EB08054744E7D16B46116853F802
:10273000040B414042F8041B9145F7D13246314623
:102740002046EFF737F9C4E7BB185AF8021053F8E0
:10275000043C4B404AF802301346D5E7F85C12F8C7
:10276000011F414011700133D4E76FF0130004B032
:10277000BDE8F0872DE9F04387B098460023CDE906
:102780000233CDE904330E9B934204460F461546AF
:10279000C0F097800F9B1A60002A3AD0414504D2BE
:1027A000A8EB01039342C0F08F80D4E98823561927
:1027B00053F100004FF0000128BF0121002940F033
:1027C00083806FF01F01B1424FF00F0181417BD335
:1027D000134322D1D4F828321B0705D004F5147214
:1027E00011462046EFF7E6F8D4E988325B1942F14A
:1027F0000002C4E98832A8442F440F2DA8EB05013C
:10280000A7EB050232D8002D49D1102102A8EFF71D
:1028100049FA002007B0BDE8F08312F00F06E3D0BC
:10282000C6F11009A94528BFA946CDE900784B4655
:10283000324602A92046FFF7F0FD0028EAD109EB55
:102840000602102A05D104F5147211462046EFF74E
:10285000B1F8D4E9883213EB090342F10002C4E96C
:102860008832A5EB09054F44C844BDE7D4F84C3283
:102870001BBA01331BBAC4F84C322046CDE9002103
:102880001023002202A9FFF7C8FD0028C2D104F5D9
:10289000147211462046EFF78DF8103DADE7D4F8DD
:1028A0004C321BBA01331BBAC4F84C322046CDE976
:1028B00000212B46002202A9FFF7AFFD0028A4D07B
:1028C000A8E76FF01500A5E76FF01300A2E710B5B9
:1028D000044640B102F083FA20464FF41A71BDE875
:1028E0001040EFF7DFB910BD10B57C22044600217F
:1028F00002F044FB42F21073E36510BD2DE9F04194
:102900000446456DE0B00F4616469846DBB105EB30
:1029100045025208B6F5807F3DD83244B2F5C07FFB
:1029200039D84FF4C0720021684602F027FB236EAD
:10293000606E2A466946984738B16FF008063046FF
:1029400060B0BDE8F0812A46E4E7656DB8F1000F9C
:102950000AD0236E606E6A080DEB050198470028C7
:10296000EBD1636D05EB53053FB136B10DEB0500BF
:102970003246394602F0DAFA35442A46694620469C
:10298000EFF7BEF8064608B90123236529466846D5
:10299000EFF788F9D3E76FF00406D0E70023FFF7DD
:1029A000ADBF2DE9F84F044600680A9F15468846DA
:1029B0001E46FFF7D8F8B5F5806F81464BD8B7F5BE
:1029C000807F4BD8236ED3B1A36D012B03D0226D32
:1029D000E36D9A4213DD3A4631462046FFF7DEFFAB
:1029E000C0B9002704F1100AB5B93A46314620466D
:1029F000EFF786F870B9236D013323650AE0002EE6
:102A0000F0D0002FEDD03A4631462046EFF778F867
:102A10000028E7D0BDE8F88F4D452046AB4628BFDB
:102A2000CB46EEF7F3FA0028F4D14A465146204649
:102A3000EEF7B4FA0028EDD151462046EEF7BCFA85
:102A40000028E7D140465A46514602F06FFAD84472
:102A5000A5EB0B05C8E76FF00200DBE76FF00400A1
:102A6000D8E710B5044608B1EFF71CF92046BDE8D9
:102A70001040EDF7C5BA00F4E040B0F5805F04D037
:102A8000A0F5005358425841704701207047034653
:102A9000C068E0B15888D0B11B8803F44F42B2F54A
:102AA000824F09D1DBB2272B2AD008D8172B0FD0A1
:102AB000222B34D0122B16D06FF085007047302BAC
:102AC0002FD0413B012BF7D8FF2839D10020704788
:102AD000C028FBD0E128F9D0B0F5807F0CBF0020E2
:102AE0006FF08600704720F02003C02BEED020F05E
:102AF0008003B3F5807FE9D040F209239842EDE7E7
:102B0000E928E3D0EF28E1D040F21B139842DDD052
:102B100040F299139842D9D040F23B23EEE7E928DE
:102B2000F1E720F02003C02BD0D020F04003B3F514
:102B3000807FCBD0B0F5C07FC8D0B0F5007FCDE7A7
:102B4000B0F5E07FCAE708B5EFF7DEF808BD08B5D5
:102B5000EFF7DAF808BD42F20403984226D01ED8F7
:102B600041F20623984209D8B0F5905F09D241F2AC
:102B7000010398420CD0B0F5885F09D06FF0850052
:102B80007047A0F5905080B26923C340DB07F5D5AC
:102B900011F0070F0CBF00206FF086007047B0F5F2
:102BA000105FEBD121F04003802B06D0B1F5807F80
:102BB0000CBF00206FF0860070470020704770B592
:102BC000446A05460E463CB90120EDF713FA6862E7
:102BD00028B1AE62204670BD6FF08A00FBE76FF04F
:102BE0008C00F8E7F8B504460F4600881E461546E7
:102BF00092B1FFF740FF78B1089BD100196020889F
:102C0000FFF7A9FF044628B93946304602F08EF98D
:102C1000079B1D602046F8BD6FF08504FAE710B5EC
:102C20000446406A10B1A16AFFF71BFF0020C4E907
:102C3000090010BD38B50546FFF7F1FF2B7F012BCA
:102C400004460ED0023B012B0ED82B6A012B18BF75
:102C50006FF096042C220021284602F08FF92046BE
:102C600038BD2B6A002BF2E76FF09604F2E710B53F
:102C70000368044623B100F0E7F80023236010BD89
:102C80001846FCE738B50C4601680546A1B904F0C2
:102C9000FE43B3F1007F12D14FF4D472083002F03A
:102CA0006DF92146284600F0B1F8044610B12846D7
:102CB000FFF7DDFF204638BD6FF08804F7E76FF0BF
:102CC0008604F4E738B50468054664B112B90024F7
:102CD000204638BD00F0A3F804460028F7D0284667
:102CE000FFF7C5FFF4E76FF08804F8E770B500263A
:102CF0001E60046805463CB100F09AF80446284678
:102D0000FFF7B5FF204670BD6FF08804FAE730B4D6
:102D1000039C0025256000F0FE44B4F1007F02D141
:102D200030BC00F071B86FF0860030BC70471C22D8
:102D3000002102F023B903466FF040420846591EB5
:102D4000914207D338B103F1404393428CBF002036
:102D50000120704701207047034668B1017F8A1E39
:102D6000012A0BD80329026A03D1012A01D1FFF7F6
:102D700061BF1AB1013A1A62002070476FF09600E5
:102D8000704700207047C0B2002814BF6FF0850064
:102D900000207047704700221A606FF0860070476D
:102DA0002DE9F04F476885B03F0ADDE90E9ADDF85E
:102DB00040B004460D461646984615D1CDE901AB04
:102DC000CDF8009000F04DF810F1860F0ED143467B
:102DD000324629462046CDE90FABCDF8389005B0F4
:102DE000BDE8F04FFFF7FEBE6FF0860005B0BDE80E
:102DF000F08F10B44468240A02D110BCEFF702BF70
:102E00006FF0860010BC704700F0D5B810B50446CE
:102E1000083000F043F808B91C23236010BD036894
:102E20001C2B02D1083000F05CB86FF088007047AE
:102E300010B404681C2C03D110BC083000F072B828
:102E40006FF0880010BC704703681C2B02D108305B
:102E500000F0A9B8002070476FF08500704700208F
:102E6000704770B4048804F44F45B5F5824F02D121
:102E700070BC00F0E0B824F4405444F20106B442BF
:102E800002D170BC00F0FBB9B5F5884F02D170BC1F
:102E900000F024B96FF0850070BC704738B501F1BF
:102EA0007E43053B04460D46062B17D8DFE803F0AA
:102EB0000416160A0D101300F8F754FCC4F8A051BC
:102EC000002038BDF9F770FBF8E7F8F763FFF5E786
:102ED000DDF7F2FDF2E7DDF793FCEFE76FF0850039
:102EE000EFE710B5D0F8A03103F17E43053B062B88
:102EF00015D8DFE803F0041414080B0E1100F8F7DE
:102F000053FC002010BDF9F777FBFAE7F8F76AFFEA
:102F1000F7E7FAF79BFCF4E7FAF7FAFAF1E76FF054
:102F20008500EFE738B50446D0F8A00100F17E40F7
:102F300005381D46062830D8DFE800F0042F2F138F
:102F40001A212800132A2BD92046F8F7B5FC1422A1
:102F50002A6000214FF4D472204602F00FF80020BE
:102F600038BD1B2A1CD92046F9F71AFC1C22EFE7B2
:102F70001F2A15D92046F9F70DF82022E8E72F2A55
:102F80000ED92046FAF764FC3022E1E73F2A07D940
:102F90002046FAF759FC4022DAE76FF08500DFE7B8
:102FA0006FF08900DCE708B54FF4D472002101F01E
:102FB000E5FF002008BD38B50446184604F17E43FD
:102FC000053B049D062B26D8DFE803F00425250DDC
:102FD00013191F00132D21D9F8F72AFD1423059A80
:102FE0000020136038BD1B2D18D9F9F7A5FC1C2350
:102FF000F5E71F2D12D9F9F79BF82023EFE72F2DC6
:103000000CD9DDF7A9FD3023E9E73F2D06D9DDF71F
:1030100047FC4023E3E76FF08500E3E76FF08900AA
:10302000E0E703460144002013F8012B8B4240EAFD
:103030000200F9D170472DE9F0411F460388DDF801
:1030400020800E4644F212118B42154642882ED043
:1030500047F212118B423BD102B9EA00B2F5807FF0
:1030600036D1202D03D06FF08600BDE8F0812946CF
:103070003046FFF7D6FF0028F5D03046F6F7BEFB06
:103080000028F0D1D8F8004034F48074EBD1069BCE
:103090009D4220D82A463146384601F047FF079B1B
:1030A0001D604FF48073C8F800302046DDE71AB980
:1030B000EB07D8D56A08D200B2F5807F08D1412D40
:1030C000D1D13378042BCED1701CF6F7A1FBD7E712
:1030D0006FF08500C9E76FF08900C6E7F8B51E46B6
:1030E00003880C4644F212418B421546428829D08F
:1030F00047F212418B424CD1402D4AD122F48072CA
:1031000012B16FF08600F8BD20212046FFF789FF3D
:103110000028F6D02046F6F771FB0028F1D104F123
:10312000200720213846FFF77CFF0028E9D03846E9
:10313000F6F764FB0028E4D1069B9D421CD96FF092
:103140008900E0E7612D24D122F48072002AD8D1D1
:1031500020212046FFF765FF0028D2D02046F6F751
:103160004DFB0028CDD194F82030042BC9D104F1B7
:103170002100F6F74DFBDDE72A462146304601F0F7
:10318000D5FE079B1D60089B4FF480721A600020DB
:10319000B9E76FF08500B6E7F0B516688E421DD22C
:1031A000845D812C06F101050AD1A94216D9445D3E
:1031B000B51C6019884211D8156000201C60F0BD54
:1031C000822C09D14C1EAC4208D9475D3044F51C15
:1031D000847804EB0724ECE77F2CEAD96FF08600B3
:1031E000EDE7F7B51F461B68089E93420C4605465F
:1031F000114603D36FF0860003B0F0BD5A1CE35CA8
:103200000092022BF6D101AB6A462046FFF7C4FFBD
:103210000028F1D101990029ECD0009A2A808B185E
:1032200069803B6014F902C0A35C571CBCF1000F1D
:103230000097DFDB012907D033B9E35D01390232A2
:1032400001910092002BD5D0019A46B1032AD1D822
:10325000009F19463C440127974206D33160D200B3
:103260000AB1190607D5AA80C6E714F801CB0137C1
:103270000CEB0121F0E75B00013ADBB2F0E7F0B5BF
:103280001E46038844F2010023F4405484428FB068
:103290000F4618D16846ADF82830EFF75FFD0446B9
:1032A00070B90D9D149B9D4210D82A463946304670
:1032B00001F03CFE159BBDF808201D60169B1A60AE
:1032C00020460FB0F0BD6FF08504F9E76FF0890478
:1032D000F6E770B504680D1B002D02DC6FF05F008F
:1032E00070BD94F900602378002E0ADB631C036034
:1032F000237813600368C91A13688B42EED8002044
:10330000EEE703F07F035C1E032C13D89D42E5DD3E
:10331000002414600468013404600468156824788B
:1033200044EA052414600468013B04F101040460CC
:10333000F3D1DFE76FF06300D2E770B404680E1BCF
:10334000002E07DD26789E4208D10134046070BC4F
:10335000FFF7BFBF6FF05F0070BC70476FF0610098
:10336000FAE773B51D46134601AA0446FFF7E5FFC9
:1033700018B9019A1AB96FF0630002B070BD2368E2
:1033800093F90030002BF6DB06462368197839B133
:1033900006B10192042AEED809D10B06EBD406E05F
:1033A0000133013A23604FF00106EED10192002370
:1033B0002B60019B013BE0D322682968127842EA26
:1033C00001222A60226801322260F3E713460222BA
:1033D000FFF7C7BF73B50223154601AA0446FFF7DE
:1033E000ACFF40B9019E21683246284600F06CFAD5
:1033F00023683344236002B070BD38B5032304460C
:10340000FFF79BFF18B9136813B96FF0670038BD59
:10341000013B136023681A78002AF6D10133236038
:10342000F5E72DE9F34190461F4601AA30230546F2
:103430000E46FFF782FF0446F0B92B68F61A002EFD
:1034400034DD42461B7842F8043B019B2E681E4443
:10345000314606232846FFF770FF044660B92B6803
:10346000D8F80420C8F808309918B142296007D16B
:103470000C213846EEF716FC204602B0BDE8F0817C
:103480009B5C3A46314642F8043B2B6801332B6083
:103490002846FFF71EFF60B92B687A68BB601344AB
:1034A000B3422B6018BF6FF06504E5E76FF05F046F
:1034B000E2E70446E0E71FB50023CDE901330393BB
:1034C00001ABFFF7AEFF40B9019B052B00D03BB924
:1034D000029B002B18BF6FF0670005B05DF804FB7E
:1034E0006FF06700F9E77F2A10B503461AD9144632
:1034F0000120240A00F10100FBD11C68641A8442F7
:1035000012DB19684C1E1C6001F8012C120AF8D15C
:10351000012806D01A68511E196000F17F0302F8D5
:10352000013C10BD0120E8E76FF06B00F9E703688C
:10353000591A0029C1BF03F1FF310160012003F8CE
:10354000012CD8BF6FF06B0070472DE9F0410646A3
:103550000F4615469846FFF7C6FF041E09DB424694
:1035600039463046FFF7E3FF0028A6BF6419241848
:1035700004462046BDE8F0812DE9F041054610469D
:103580000E46174600F09AF92968012838BF012035
:10359000B142044603D26FF06B00BDE8F0818B1B93
:1035A0008342F8D3091A02462960384600F0A2F98E
:1035B0000028F2D1B7F90430012B0CD12B6893F914
:1035C0000020002A07DA9A1B002AE4DD5A1E2A602E
:1035D000013403F8010C2246314628460223BDE897
:1035E000F041FFF7B2BFD2B2891A101A090A41EAB4
:1035F000102123EA0100C0B2704738B5A0F14003A2
:1036000005460246DBB25A214120FFF7ECFFA5F147
:1036100046032A460446DBB27A216120FFF7E3FF26
:103620006B1D2A460443DBB239213020FFF7DBFF54
:10363000E4B22B2105F114032A460443DBB2084609
:10364000FFF7D1FFE4B22F2105F111030443DBB2F0
:103650002A460846FFF7C7FFE4B22043013840B2CC
:1036600038BD013201310140C043104008430138E8
:1036700000B2704700220123C0E90023704710B553
:10368000044648B1006818B1E1888900FFF7E9F9FC
:1036900000220123C4E9002310BD42F210739942B5
:1036A00070B504460D4602D96FF00F0070BDC38897
:1036B0008B4201D30020F9E704212846ECF79AFC5D
:1036C00006460028F0D0216841B1E288920001F05E
:1036D0002DFCE18820688900FFF7C3F9E5802660AA
:1036E000E8E7F8B50E46C98805461446FFF7D5FF4A
:1036F0000746A8B963421C43E417B5F90420B6F99C
:1037000004102046FFF7ADFFA8802346F2883168F9
:10371000286801F007F8F388E443EA889A4201D860
:103720003846F8BD296851F82320224041F823206B
:103730000133F2E738B504460D4619B9FFF79FFF8C
:10374000002038BDC2888A4207D10068920000215B
:1037500001F014FC0123A380F2E7FFF790FF294654
:103760002046BDE83840FFF798BF42F210739942F7
:1037700070B50A46054602D96FF00F0070BDC388C8
:103780008B4207D8BDE87040FFF787BF296851F822
:10379000231011B9013B002BF8D15C1C944238BFB7
:1037A000144604212046ECF725FC06460028E3D009
:1037B000296839B1A20001F0B9FBE98828688900BD
:1037C000FFF74FF9EC802E600020D7E7884270B5F4
:1037D00005460E4609D0C988C28841B92AB10123DD
:1037E00083809200006801F0C9FB002070BD4C1E70
:1037F0008CB90134B6F90430AB80A24212D2214612
:103800002846FFF74AFF0028F0D131682868A20057
:1038100001F08CFBE9E7336853F82430002BE8D142
:10382000013CE5E72868121B9200002100EB8400B0
:1038300001F0A4FBE9E770B50C4601210546FFF74E
:103840002CFF064688B9EA8801469200286801F0F4
:1038500095FB84EAE472A2EBE472E40FC4EBC43497
:103860002B68640001341A60AC80304670BDC38898
:10387000B1EB431F3FBF03684A0901F01F0153F832
:1038800022003ABFC84000F0010000207047C18804
:103890000022914201D800207047036853F822307B
:1038A00033B193FAA3F0B0FA80F000EB4210704706
:1038B0000132EEE7C188006800F0DFBE08B5FFF70F
:1038C000F9FF0730C00808BD70B50E4612F00301BD
:1038D00018BF012101EB920105461446FFF72AFFAC
:1038E00038B9E988286823463246BDE8704000F0C0
:1038F0002DBF70BD13460A46C188006800F04BBF5B
:1039000038B504460D46FFF7D5FFE3882844B0EBF1
:10391000431F06D82068E1882A4600F0ACFF00204B
:1039200038BD10F01F0118BF012101EB50112046D6
:10393000FFF7B3FE0028EDD0F2E708B50A46C188CC
:1039400011B1006800F059FF002008BD10B5C38810
:1039500023B9CA885AB9ABB1012017E0026802EB5B
:10396000830252F8042C002AF3D1013BF0E70C68E3
:1039700004EB820454F8044C0CB9013AEAE7934290
:10398000EAD80FD3013B5A1C01D1002010BD0268B8
:1039900052F823400A6852F823209442DCD803F1FD
:1039A000FF33F0D24FF0FF30F0E730B5C38823B9D2
:1039B000CA885AB9002B3DD136E0026802EB830277
:1039C00052F8042C002AF3D1013BF0E70C6804EB19
:1039D000820555F8045C4DBB013AEAE7B1F90450A1
:1039E00003D2B1F90400404226E0B0F90420002AD5
:1039F00003DD002D0CDA01201EE0002D08DD3AB1B8
:103A00004FF0FF3018E003F1FF330BD2504213E0C8
:103A1000013B016851F8235054F823108D42F2D92C
:103A2000104609E0591CF4D1002005E0002BD8D045
:103A30009342D3D9B0F9040030BD1FB581EAE173D8
:103A4000A3EBE173C90FC1EBC1314900019301310F
:103A50000123ADF80C10ADF80E3002A901AB0293B2
:103A6000FFF7A3FF05B05DF804FB90422DE9F0419C
:103A700005460F46144602D0884206D12746012348
:103A8000AB80FC883CB9002003E0FFF79FFE0028D4
:103A9000F4D0BDE8F0813B6803EB84034FEA84086F
:103AA00053F8043C0BB9013CECE721462846FFF7EC
:103AB000F4FD0028EDD12E683A68234631463046A1
:103AC00000F00FFF06EB08030746002FDBD0EA8863
:103AD000A24204F1010608D831462846FFF7DDFD71
:103AE0000028D6D12B6803EB84031A68D21943F857
:103AF000042B2CBF012700273446E6E72DE9F041CF
:103B0000D48805460E4690463CB9F188A1420ED2B3
:103B10006FF009073846BDE8F081D8F8003003EBB4
:103B2000840353F8043C002BEFD1013CECE728461A
:103B3000FFF7B3FD07460028ECD1F28894420BD280
:103B4000AE4209D028683168121B920001EB840153
:103B500000EB840001F0EAF9EA88F088824207D994
:103B60002B68121A9200002103EB800001F006FA84
:103B7000D8F8002031682868234600F0C8FE0246C5
:103B800010B90123AB80C5E72968EB8801EB8401FC
:103B90001B1B084601F0EAF80028F2D0B8E72DE92F
:103BA000F843B1F90440B2F804C01CFB04FC6646BB
:103BB000734381460D4617461CD511462846FFF72C
:103BC000C5FEB0F100080DDB3A4629464846FFF72E
:103BD00095FF98B9B8F1000F08BF0124A9F8044077
:103BE00000200BE02A464846FFF788FF30B96442C0
:103BF00024B2F3E7FFF739FF0028EFD0BDE8F883E0
:103C00000123FFF7CCBF4FF0FF33FFF7C8BF1FB54D
:103C100082EAE273A3EBE273D20FC2EBC23252002C
:103C2000019301320123ADF80C20ADF80E3002AA49
:103C300001AB0293FFF7E4FF05B05DF804FB1FB58D
:103C400082EAE273A3EBE273D20FC2EBC2325200FC
:103C5000019301320123ADF80C20ADF80E3002AA19
:103C600001AB0293FFF7CFFF05B05DF804FB2DE930
:103C7000F047012386B0164688424FF00002CDE996
:103C80000223CDE9042307460D4606D102A8FFF71B
:103C90009DFD0446002833D102ADB74206D1394616
:103CA00004A8FFF793FD044650BB04AEB5F80680A8
:103CB000B8F1000F2ED1B6F80690B9F1000F33D14C
:103CC0004FF0010A09EB08013846FFF7E6FC04460D
:103CD000B0B901463846FFF7AEFD044680B9CDF8CD
:103CE0000090336829683868424600F02DFEBAF12A
:103CF000000F22D1AB88B28813FB02F31BB2BB804A
:103D000004A8FFF7BCFC02A8FFF7B9FC204606B0E8
:103D1000BDE8F0872B6803EB880353F8043C002BC5
:103D2000C9D108F1FF38C3E7336803EB890353F8BF
:103D3000043C23B909F1FF39BFE70123DFE7B8FAF3
:103D400088FA4FEA5A1ABDE72DE9F341CF880546B4
:103D5000884616463FB1D8F8003003EB870353F886
:103D6000043C3BB146B90021284602B0BDE8F04111
:103D7000FFF761BD013FEDE7791C2846FFF78DFC99
:103D8000044670B941462846FFF720FD044640B975
:103D9000013E0096D8F80020E98828683B46F1F7F4
:103DA00085FF204602B0BDE8F08170B504460D469F
:103DB000104600211646FFF740FE002824DB2A4665
:103DC000334621460020F1F7AFFD054638B12846BD
:103DD00070BD324621462046FFF712FF90B9002100
:103DE0002046FFF72AFE0028F3DB31462046FFF786
:103DF000DCFD0028EBDB324621462046FFF703FFBF
:103E00000028F2D00546E2E76FF00905DFE72DE96B
:103E1000F04F89B0DDE9125806468B46284600214E
:103E200091460593FFF709FE002805DC6FF00304B7
:103E3000204609B0BDE8F08F2B681B68D907F5D57F
:103E400000214846FFF7F9FD0028EFDB4846FFF761
:103E500031FDB0F5006FE9D82846FFF72BFDB0F52E
:103E6000006FE3D8B9F8061031B90121304609B026
:103E7000BDE8F04FFFF7DFBCE88800F042FF042107
:103E80008246ECF7B7F80746002800F0AA80002227
:103E90000123CDE906234FEA8A0AB8F1000F0DD1BC
:103EA000294606A800F0A2FE044600B35146384653
:103EB000FEF7D7FD06A8FFF7E2FBB9E7D8F8003018
:103EC000002B6ED106AB1846294600F08FFE06ABDC
:103ED000044640B151463846FEF7C3FDD8F80030DD
:103EE000002BA5D1E6E793E8030088E803005946D4
:103EF0003046FFF76BFC0446002867D10123B380EE
:103F000029463046FFF751FD002857DAE988304648
:103F1000FFF7C3FB0446002858D1286800F035FDA0
:103F2000069B0090029701933168EB882A68049001
:103F3000084600F038FF059B0698B9F8062031685E
:103F4000B3F12A3FEB880192CDE90207D9F80020AE
:103F500000922A68084641D100F0F7FE049B0197C1
:103F600000933168EB882A68084600F028FFBBF907
:103F700004B0BBF1FF3F29D1D9F800301B68DB0743
:103F800024D5F188306800F002FF01225946FFF77E
:103F900068FB3246B08029463046FFF731FE0446C2
:103FA00014E0E9884046FFF778FB0446002891D1E9
:103FB00098E8030008AB03E9030098E72A46314676
:103FC0003046FFF7F2FE044600289FD0514638469F
:103FD000FEF747FDB8F1000F80D16BE700F0A5FEBA
:103FE000BCE76FF00F0423E7002AF0B52CD02EDBDE
:103FF000012A0AD0CB882BB1022A0F6807D13B686F
:1040000003F0010303600020F0BD0023FAE707EB93
:104010008306002356F8044D250C45EA0343A4B259
:10402000B3FBF2F502FB153344EA0344B742B4FB99
:10403000F2F302FB1343EDD1B1F904100029E1DAE8
:10404000002BDFD0D31ADDE76FF00B00DCE76FF059
:104050000900D9E713B5049CCDE900340023FFF72C
:10406000D6FE02B010BD13B5049CCDE900344FF06C
:104070002A33FFF7CCFE02B010BD2DE9FF4101232A
:104080000546164668460022CDE90023CDE9022305
:104090008846FFF79BFB0446002855D1314602A80D
:1040A000FFF794FB044600284ED16846FFF7EFFB6C
:1040B000074602A8FFF7EBFB064650B9214602A8C7
:1040C000FFF7D5FB28B941462846FFF77FFB04469A
:1040D0003AE00123ADF80C30ADF804300021684619
:1040E000FFF7ABFC50B9B742394602A828BF3146AA
:1040F000FFF706FC044638BB02A9E5E76846FFF770
:10410000C6FB01466846FFF718FC0446E0B902A862
:10411000FFF7BDFB014602A8FFF70FFC044698B964
:1041200002A96846FFF741FC002817DB02AA69468E
:104130006846FFF7E3FC044630B901216846FFF703
:10414000FCFB04460028C9D06846FFF798FA02A88D
:10415000FFF795FA204604B0BDE8F08102A96A464F
:104160000846FFF7CBFC04460028EDD1012102A848
:10417000E5E7F7B50C4611F0030118BF012101EB8B
:104180009401054616461F46FFF7D4FA38B934B1F4
:104190000097E98828683346224600F041FD03B0C5
:1041A000F0BD2DE9F04F91B0CDE903230546002382
:1041B00001220F46014606A8CDE90632CDE90832B4
:1041C000CDE90A32CDE90C32CDE90E32FFF737FDE9
:1041D0000446002843D106A8FFF759FB06A9064666
:1041E00008A8FFF7F3FA0446002838D1314608A89A
:1041F000FFF7A3FB044690BB80466FF0404AB845EA
:104200002DD04FF020094FF0FF3BE988DDE9032373
:1042100089000CA8FFF7ADFF002840F081800CA8B2
:10422000FFF748FB059006A8FFF744FB059B834278
:1042300010D9BDF836100C9B01EB0A020139A0EB36
:104240004110013853F822100BFA00F021EA000166
:1042500043F82210B9F1010914D16FF00D0406A83A
:10426000FFF70DFA08A8FFF70AFA0AA8FFF707FAFE
:104270000CA8FFF704FA0EA8FFF701FA204611B0C8
:10428000BDE8F08F06A90CA8FFF78FFB0028BCDA69
:1042900001210CA8FFF7D1FB0028B6DD0EAB0CA95D
:1042A000009308AA2B460846FFF7D4FE002837D112
:1042B00006A90CA8FFF779FB10B908F101089EE7E1
:1042C00001210CA8FFF7B9FB0028F6D04FF0010937
:1042D00006A90CA8FFF769FBB14511D2B0B10CAA31
:1042E00011460AA8FFF7C3FCD0B92A460AA90CA8B0
:1042F000FFF75BFDA0B901210CA8FFF79EFB60B999
:1043000006A90CA8FFF751FB0028A6D101210CA893
:10431000FFF793FB0028D0D19FE709F10109D7E708
:1043200004469CE7F7B50E1E044615461F4614DBEF
:104330001046FFF782FB00280FDDE9882046FFF7D3
:10434000F9F940B9089BCDE900733146E3882A6842
:10435000206800F094FC03B0F0BD6FF00300FAE7B2
:104360002DE9F041064692B08846104601211546D7
:10437000FFF763FB002840F34381002301272A460F
:1043800041466846CDE90237CDE90437CDE9063725
:10439000CDE90837CDE90037CDE90A37CDE90C374B
:1043A000CDE90E37CDE91037FFF767FE0446002848
:1043B00040F0978039466846FFF73FFB002840F001
:1043C0001C812A46414602A8FFF7EFFC044600285C
:1043D00040F0878002A904A8FFF7F8F904460028F6
:1043E0007FD129460AA8FFF7F1F90446002878D1C1
:1043F00029460CA8FFF7EAF90446002871D139468E
:1044000006A8FFF718FA044600286AD1014608A852
:10441000FFF711FA0446002863D101460EA8FFF702
:104420000AFA044600285CD1394610A8FFF703FABF
:104430000446002855D1049B1B68D8073CD50C9B2B
:104440001B68DB0740F182800CA904A8FFF7ADFAD6
:104450000028C0F2AB8004A90CAA0846FFF7D3FBE2
:10446000044600283DD106A90EAA0846FFF7CBFB5B
:104470000446002835D110AA08A90846FFF7C3FB57
:10448000044670BB002104A8FFF7D7FA0028D2D158
:1044900000210EA8FFF7D1FA0028C0F29A80294621
:1044A0000EA8FFF782FA002880F29D800EA9304600
:1044B000FFF78CF9044614E0012104A8FFF73DFA48
:1044C000044670B9069B1B68DF0729D4089B1B684C
:1044D000DC0725D4012106A8FFF72FFA044600289F
:1044E0002FD002A8FFF7CBF804A8FFF7C8F806A85A
:1044F000FFF7C5F808A8FFF7C2F86846FFF7BFF84E
:104500000AA8FFF7BCF80CA8FFF7B9F80EA8FFF748
:10451000B6F810A8FFF7B3F8204612B0BDE8F08156
:1045200006A90AAA0846FFF76BFB04460028D8D163
:1045300008A902AA0846FFF766FB04460028C9D06E
:10454000CFE7012108A8FFF7F8F971E701210CA8CE
:10455000FFF7F3F904460028C3D10E9B1B68D90767
:1045600013D4109B1B68DA070FD401210EA8FFF7A4
:10457000E4F904460028B4D1012110A8FFF7DDF9C1
:10458000044600283FF45BAFABE70EA90AAA084631
:10459000FFF736FB04460028A3D110A902AA08465B
:1045A000FFF731FB04460028DFD09AE70CA904AAE4
:1045B0000846FFF728FB0446002892D10EA906AA58
:1045C0000846FFF720FB044600288AD108AA10A954
:1045D00053E70EA92A460846FFF712FB04460028B7
:1045E0003FF456AF7DE70EA92A460846FFF70BFBBE
:1045F000044600283FF453AF73E76FF00D0470E7F3
:104600006FF0030488E7F7B51E46C388ADF806309F
:104610000C46036800930127002168461546ADF853
:104620000470FFF70AFAC8B139466846FFF705FA81
:10463000A0B102216846FFF700FA30B16846F1F7F1
:104640000DFB20B1B84208BF002003B0F0BD3346D7
:104650002A4621466846FFF7A4FDF6E76FF00D00F5
:10466000F3E743421843C017704790EA0103401A2A
:10467000984319400843C01770470139002901DAEF
:104680000020704750F82130002BF6D0B3FA83F0A9
:104690000131C0EB4110704739B101F1804101395E
:1046A00000EB81018142034600D270471B680A6813
:1046B0001BBA12BA40F8042B41F80439F2E770B57E
:1046C0000E4601463068FFF7D0FF0024C1430125A4
:1046D000954202D344EA010070BD56F82500FFF769
:1046E000C0FF01350443F3E72DE9F84300240546F4
:1046F0000E4627462346013A02D23846BDE8F883E3
:1047000056F8229055F8228048464146FFF7ADFF03
:10471000494604434046FFF7A8FF20EA04031F432D
:104720000443E8E78842F0B503D004380025AA42E4
:1047300000D1F0BD50F8047F51F825401E463440AA
:10474000F6433E40264306600135F0E72DE9F0418F
:104750001C4613F0030318BF012303EB94038B42A1
:1047600006460D46904613D879B18F003A4600218F
:1047700000F004FC2CB1381B22464146304400F0C6
:10478000D5FB29463046FFF787FF0020BDE8F081C2
:104790006FF00700FAE7B3EB810F70B504464FEAFC
:1047A0008105104619D95A1B8618002100F0E6FB36
:1047B00030462B46C21800218B4210D1002070BD1C
:1047C00022F0030102F003066158F600F140C9B27D
:1047D00081B90132AA42F3D1ECE71A46FAE721F097
:1047E000030001F003052058ED00E84002F8010D38
:1047F0000131E1E76FF00700E1E7F8B50546500940
:1048000088420C4602F01F0601D80AD136B1A20038
:1048100028460021BDE8F84000F0B0BB1F2A02D8AE
:10482000F8BD1F2A0FD9820005EB8003291F05EB75
:104830008407BB421AD1201A38BF0022002105EBA1
:10484000800000F09BFB002EEAD005EB84040022E0
:10485000C6F12000AC42E3D054F8041C21FA06F360
:10486000134344F8043D01FA00F2F3E753F804CB94
:1048700041F804CFDDE71F2AF8B503460D464FEA9D
:10488000521402F01F0613D96FF0030000FB04302E
:104890000A46944202F1FF3113D3621BAC4288BF37
:1048A00000222A4418469200002100F067FB0346CC
:1048B00036B103EB84030021C6F12007AC4206D3D6
:1048C000F8BD50F8212043F821200A46E1E7186896
:1048D00000FA06F20A4343F8042B013420FA07F1E8
:1048E000ECE7F0B50024844620469C4200D1F0BDA0
:1048F00051F8245052F824702E182CBF01250025A1
:10490000BF194CF8247045F100000134EDE7F0B513
:104910000024064620469C4200D1F0BD51F824C038
:1049200052F82470ACEB0005AF4294BF4FF0000E7C
:104930004FF0010EED1B46F8245084452CBF704605
:104940000EF101000134E6E72DE9F347DDF8289088
:1049500015464A440F46920000210646984600F04C
:104960000DFB002405F1010A4C4502D102B0BDE85F
:10497000F08758F82430009306EB84002B463A4623
:104980005146F1F793F90134EEE70168881C4000C5
:1049900000F008000844032300FB01F2C2F1020208
:1049A000013B02FB00F0F7D1404270472DE9F04F88
:1049B00087B091460493109B0293DDE91183139D08
:1049C00005934FEAC80283468A46043200212846EE
:1049D00000F0D4FA08F102032E4600240393444564
:1049E00015D105EB84012346029A51F8245058460C
:1049F000FFF78DFF6840FFF734FEA6000A4600234C
:104A00005946109607B0BDE8F04F00F049BA5AF881
:104A10002430D9F8002037680399009302FB03770C
:104A2000059A049B574330464A46F1F73FF9304612
:104A3000DDE9022100974346F1F738F904360134E5
:104A4000CDE72DE9F04F8DB01D46189B179F1A9E9C
:104A50000590B3F12A3F8A46069240F0938039468A
:104A60001698FFF70AFE012838BF0120470900F019
:104A70001F047B01B3F5287F80F08680EF2B00F2C6
:104A80008680502B34BF4FF0010B4FF0040B4FF0DA
:104A9000010909FA0BF30B9305FA0BF306EB8303F9
:104AA0000698079303EB85030893FFF76EFF4FEA21
:104AB0008508099042460021304600F05FFA089BC5
:104AC000C6F800900393099B199ACDE90153069B00
:104AD000009331462B46304606EB0809FFF766FF88
:104AE00051464246484600F021FA022349460A93BD
:104AF000DDE90A2393424DD105984246314600F044
:104B000015FA4FF00009CA46089B0393099B059AC2
:104B1000CDE90153069B009311462B461046FFF743
:104B200045FF002C4CD1013F1F24169B53F8273022
:104B30000AF1010AE34003F00103DA4543EA4909B7
:104B400003D0002CE0D1002FDED1189BB3F12A3F17
:104B500038D10798424609FB086100F0E7F9089B45
:104B60000393099B0599079ACDE90153069B00938E
:104B700008462B46FFF71AFF002CC2D1EFB90DB043
:104B8000BDE8F08F002474E74FF0060B7FE74FF08D
:104B9000050B7CE7089B0393099B01EB080ACDE911
:104BA0000153069B00934A462B465046FFF7FEFEF4
:104BB0000A9B01330A9351469AE7A146A246A3E70E
:104BC000013CB2E731464FF0000A50464B46584090
:104BD000FFF747FD2A46C3430798FFF7A3FD0A9B4B
:104BE0000AF1010A53454144EFD1B8E738B50D4603
:104BF00001210446FEF71FFE88B9E9882046890195
:104C0000FEF77EFE58B92A4621462046FFF7CDF82A
:104C100028B9E9882046BDE83840FEF7A6BD38BD72
:104C20002DE9F04712F0030418BF012404EB9204AD
:104C30008C420646884617461D464FEA840AC2EB58
:104C4000840919D84A46002100F098F9A8EB04021B
:104C50009200002106EB0A0000F090F908983A460D
:104C600006EB0901A847054618B921463046FFF76B
:104C700013FD2846BDE8F0876FF00305F9E72DE93D
:104C8000F04F85B01F460646039190464FF0FF3324
:104C9000002339461046FFF7F0FCC41D272C4FEACD
:104CA000D40B24F007048CBF4FF01E0A4FF0FA0A11
:104CB000241A0F9B00935A460E9B39463046FFF745
:104CC000AFFF0546B0B9224639463046FFF795FD9D
:104CD000BAF1010A12D03A4631460398FFF7EFFCC9
:104CE000414681463046FFF7FFFC2A4609EA0003A9
:104CF0009A42DED0284605B0BDE8F08F6FF00D0572
:104D0000F8E74901B1F5287F0BD2EF290BD85029DC
:104D100034BF01220422012393400333584301305E
:104D200070470622F7E70522F5E710B586B00B9C21
:104D300004940A9C039400240294099C0194089C06
:104D40000094FFF77EFE06B010BD10B586B00B9C38
:104D500004940A9C03944FF02A340294099C019411
:104D6000089C0094FFF76DFE06B010BD30B50546F7
:104D7000104600229A4200D130BD51F82240241A38
:104D800045F8224034BF012000200132F2E70346FB
:104D900000EB810100208B4201D1FFF762BC53F888
:104DA000042B1043F7E71FB5089C0394069C009260
:104DB000CDE90134079AFFF7F9FD04B010BD30B515
:104DC00087B01C460B9D03950A9D00920123CDE9F7
:104DD000014505AA0593FFF7E9FD07B030BD10B501
:104DE000044678B14378012B04D1BDE810404068F7
:104DF000EDF7CEB90378012B02D10830FCF7DAFFCA
:104E00000023237010BD6FF02D007047002370B594
:104E10001C461E1DB24205D293420BD3A0B240EAFB
:104E2000144070BDC5182D680B441B686B401C43B3
:104E30003346EEE7C55CCE5C75402C430133EBE7AF
:104E400001F1FF3C2DE9F0470027A1EB020A00EB3E
:104E50000C0E8F4201D1BDE8F0873B46544693EAE1
:104E600004051B1BAB432C402343DB170024A44544
:104E700006D89EF8004023408EF800300137E8E75E
:104E8000065D04EB000901341D4610F8048042461B
:104E90002E40ED4315403543EDB289F80050E6E76A
:104EA000F0B5DDF814C005460024ED43002B08BF23
:104EB0000B4604F1040EF44502D2644508D3F0BD5C
:104EC00016591F5906402F403E430E517446F0E7D5
:104ED000165D1F5D06402F403E430E550134ECE742
:104EE00030B5C04300230D1F1C1D944204D90B4450
:104EF0005C1AA24205D830BD2B5903402B512346E2
:104F0000F2E71C78044003F8014BF1E710B50139D2
:104F10000244904201D1002005E0037811F8014FCE
:104F2000A34201D0181B10BD0130F2E70A449142A0
:104F300000F1FF3300D1704710B511F8014B03F8B1
:104F4000014F9142F9D110BD884210B501EB020426
:104F500002D98442234607D8431EA14208D011F843
:104F6000012B03F8012FF8E7024401468A4200D1E1
:104F700010BD13F8014D02F8014DF7E70244034656
:104F8000934200D1704703F8011BF9E79368013B96
:104F9000002B10B4936007DA9469A34201DB0A295D
:104FA00002D110BCF2F7CABA1368581C106019700D
:104FB000084610BC7047F8B506460F461446D5188B
:104FC000AC4201D1002007E014F8011B3A463046FC
:104FD000FFF7DCFF431CF3D1F8BD2DE9F04F89B09A
:104FE000DDE91598002B1D461446BCBF03F10043B4
:104FF000144628F0200A149AB6BF1D4600232D231C
:10500000BAF1460FDDE9126B137005D0BAF1450F06
:1050100000D10136022300E0032307AA049206AA66
:10502000CDE90292CDE9003622462B46DAF7B8FDEB
:10503000B8F1670F074619D11BF0010F0ED007EB2F
:1050400006080022002320462946D7F7CDFB08B1E9
:10505000CDF81C803022079B434521D3079B179A2C
:10506000DB1B3846136009B0BDE8F08FB8F1470F7D
:10507000E2D0BAF1460F00EB0608E2D10378302BFC
:105080000AD10022002320462946D7F7ADFB18B9E4
:10509000C6F10106C9F80060D9F800309844D0E79D
:1050A000591C07911A70D6E7F7B50029BABF4942D3
:1050B0002D232B2309290270437029DD0DF10703ED
:1050C0001D460A271A46B1FBF7F607FB16143034C3
:1050D00002F8014C0C46632C03F1FF333146F1DC3E
:1050E0003031941E03F8011C411C2346AB420AD305
:1050F0000DF109039B1AAC4288BF0023023303441D
:10510000181A03B0F0BD13F8016B01F8016FEDE759
:10511000302330318370C170031DF1E72DE9F04772
:10512000164698468A680B69DDF820909342B8BF0E
:105130001346336091F8432007460C460AB1013309
:1051400033602368990642BF3368023333602568B1
:1051500015F0060506D104F1190AE36832689B1AB6
:10516000AB4226DC94F843302268003B18BF012391
:1051700092062BD404F1430241463846C847013019
:105180001ED02368226903F00603042B02BFE568E2
:105190003368ED1AA3680CBF25EAE5750025934234
:1051A000C4BF9B1AED1800261A34B5421AD100204C
:1051B00008E00123524641463846C847013003D132
:1051C0004FF0FF30BDE8F0870135C6E7E1185A1C03
:1051D000302081F84300224494F8451082F84310AF
:1051E0000233C7E70123224641463846C84701300B
:1051F000E6D00136D9E710B50C46B1F90E10F3F739
:1052000001FE0028ABBF636DA3891B1823F48053F4
:10521000ACBF6365A38110BD002070472DE9F0414C
:105220001F468B89DB0505460C46164605D5B1F9A8
:105230000E1002230022F2F7EFFDA389B4F90E103D
:1052400023F48053A38132463B462846BDE8F04113
:10525000F2F7C6B910B50C46B1F90E10F2F7DCFD45
:10526000431CA38915BF606523F4805343F4805326
:10527000A38118BFA38110BDB1F90E10F2F74CBA8B
:1052800010B50246147813460132002CFAD1013BC6
:1052900011F8012B03F8012F002AF9D110BDC9B272
:1052A0000346184613F8012B12B18A42F9D1704710
:1052B000002918BF00207047034611F8012B03F89E
:1052C000012B002AF9D1704710B56AB10139841851
:1052D00010F8012B11F8013F9A4203D1A04201D0EE
:1052E000002AF5D1D01A10BD1046FCE710B50139DF
:1052F000034632B111F8014F03F8014B013A002C7B
:10530000F7D11A440021934200D110BD03F8011BCC
:10531000F9E710B5024601448A42134603D01C78CF
:105320000132002CF8D1181A10BD0A7870B56AB98C
:1053300070BD9A4209D10C46054614F8013F002B76
:10534000F6D015F8016F9E42F7D001300378002B9C
:10535000EFD11846ECE72DE9F0410F469046F3F700
:10536000C3F804460D46B8F1000F11D0C7F30A5335
:10537000C3F16B03002B0BDD1B0503F17F550024EC
:1053800005F5401522462B46D6F7C6FF04460D46C6
:1053900020462946BDE8F08110B591FBF2F402FBEE
:1053A00014110460416010BD2DE9F74F03690C69C9
:1053B000A34207467EDB013C01F11408A30000F183
:1053C0001405009305EB8403019358F8243055F835
:1053D000242001339A4208EB8409B2FBF3F62ED362
:1053E0004FF0000AC446AE46D3465CF8043B98B280
:1053F00006FB00A0020C1B0C06FB0323DEF80020BA
:1054000080B292B2121A5A44DEF800004FEA134AF0
:105410009BB2C3EB224303EB104392B242EA034236
:10542000E1454EF8042B4FEA234BDED2009BEB58AC
:105430002BB9019B043B9D421A462FD33C61384651
:1054400000F0A4FA002825DB2946002058F8042B98
:10545000D1F800C01FFA82FE1FFA8CF3A3EB0E03F3
:105460000344120CC2EB234202EB1C429BB243EA00
:105470000243C14541F8043B4FEA2240E6D255F8C9
:10548000242005EB840322B9043B9D421A460BD32A
:105490003C610136304603B0BDE8F08F1268043B32
:1054A000002ACBD1013CC6E71268043B002AEFD1A9
:1054B000013CEAE70020EEE7B1F90C20F8B5170748
:1054C00005460C4656D44B68002B02DC0B6C002BB7
:1054D0003DDDE66A002E3AD0002312F480522F6898
:1054E000216A2B6025D0626DA389580705D56368B2
:1054F000D21A636B0BB1236CD21A216AE66A0023BD
:105500002846B047411C24D00023636023692360F0
:10551000A389DA0400D56065616B2F60B9B104F12D
:105520004403994202D02846F1F70CF80023636344
:105530000DE001232846B047461C0246D4D12B6813
:10554000002BD1D01D2B01D0162B2AD12F6000208B
:105550002EE02A68B4F90C3042B11D2A01D0162A77
:1055600021D10023636023692360D5E7626022694B
:105570002260CEE70F69002FE9D093070E6808BFBD
:105580004B690F6018BF0023F61B8B60002EDEDD19
:10559000216AD4F828C033463A462846E047002816
:1055A00007DCB4F90C3043F04003A3814FF0FF3027
:1055B000F8BD0744361AE9E770B568234D1E5D4310
:1055C0000E4605F17401F1F707F8044640B10021D9
:1055D000C0E900160C30A06005F16802FFF7CEFCB0
:1055E000204670BD2DE9F8430646884600F1480480
:1055F0000027D4E90195B9F1010905D52468002CEB
:10560000F7D13846BDE8F883AB89012B07D9B5F946
:105610000E30013303D029463046C0470743683572
:10562000E9E70369B3EB611F2DE9F0434FEA61122B
:1056300004DC002303610023436130E000F1140423
:1056400011F01F0104EB830604EB82050CD100F17D
:1056500010072946B14230D39B1A9B00EA1E96429E
:1056600038BF0023234415E054F82270C1F120080C
:10567000CF4005F1040EA1467645F44611D89A1A9A
:105680009200043A0135AE4238BF0022A318A75059
:1056900007B104331A1B9210A3420261CBD0BDE8BC
:1056A000F083DCF800C00CFA08FC4CEA070749F864
:1056B000047B5EF8047BCF40DEE751F804CB47F86B
:1056C00004CFC7E7A0F13003092B02D82038C0B2BD
:1056D0007047A0F16103052B01D84738F7E7A0F127
:1056E0004103052B01D82738F1E700207047C2F1AC
:1056F0000802920070B5C2F120064368046803FAFC
:1057000006F52C43D340046040F8043F8842F4D3AC
:1057100070BD30B50368013311F8014B14B9036053
:10572000012030BD13F8012BA2F14105192D98BFBE
:105730002032A242F0D00020F3E72DE9F04F0B68B1
:1057400001685E1102EB860613F01F0387B018BFD5
:1057500004360025371F82469046019346F8045CC4
:10576000B9463C460295AB464A784B1C039342B37C
:10577000104605910492FFF7A5FF002851D1049A25
:105780000599202A18D8029B9B4513DD4C4506D26B
:10579000072D04DC2A4649462046FFF7A8FF44456A
:1057A00052D90023A4F1040944F8043CCDF808B010
:1057B0004C461D460399D7E7292A57D10231CAF82A
:1057C0000010BBF1000F51D04C4506D2072D04DC70
:1057D0002A4649462046FFF78AFF444536D9A8F1B4
:1057E0000402234653F8041B42F8041F9F42F9D2D7
:1057F0003B1B23F0030304330134033EB44288BF50
:1058000004234344002243F8042B9F42FBD23B680D
:105810001BB9474528D101233B60052007B0BDE8EF
:10582000F08F0135082D0BF1010B06DD4445C1D980
:10583000002344F8043C0125043C226800F00F00DA
:1058400040EA02102060B5E70825B3E7019B002B72
:10585000DDD0C3F120034FF0FF32DA4056F8043CAC
:10586000134046F8043CD2E7043FD0E70420D5E7D4
:1058700007B501AAF2F78CFA03B05DF804FB70B526
:105880000C46B1F90E10002996B015461E460DDAE9
:10589000A38913F0800F4FF0000114BF40234FF491
:1058A0008063002031602B6016B070BD6A46F3F74C
:1058B000C7FB0028ECDB019901F47041A1F500530E
:1058C000594259414FF48063EBE782B001B901A915
:1058D00042B14BB113780B601278101E18BF012033
:1058E00002B070471046FBE76FF00100F8E7B0F533
:1058F000803F034636BF030400201020B3F1807FB1
:105900003CBF1B020830B3F1805F3CBF1B01043079
:10591000B3F1804F03D3002B0ADB013070479B00AB
:1059200001D5023070475B0001D50330704720205D
:1059300070470368024613F007000BD0D90721D443
:10594000980749BF5B089B08012013605CBF136088
:105950000220704799B209B91B0C1020D9B209B9BD
:1059600008301B0A190704BF1B090430990704BF3C
:105970009B080230D90703D45B0800F1010003D073
:105980001360704700207047202070470A69034663
:105990000069801A30B50ED11433143103EB820440
:1059A00001EB820154F8045D51F8042D954203D0B7
:1059B00005D24FF0FF3030BDA342F3D3FBE7012007
:1059C000F9E72DE9F04F85B0CDE9001002A9F2F713
:1059D000ABFD8B4606460F46009803A9F2F7A4FDDF
:1059E000019B89460D461969009B1B69C91ADDE9AF
:1059F00002329B1A03EB4113002BCDBF3A46C3EB97
:105A000003332A4602EB035BD8BF02EB035904467B
:105A100022464B4630465946D6F7A8FD05B0BDE8AC
:105A2000F08F013970B549111469013102F1140385
:105A300000EB810103EB8404051FA3420CD3A31ADE
:105A4000113B23F003031132A24288BF0023184404
:105A50000023884205D370BD53F8046B45F8046FEA
:105A6000EBE740F8043BF4E700F1140200694B1146
:105A7000984210B511DB0ADD11F01F0107D052F872
:105A8000234024FA01F000FA01F18C420BD102EB21
:105A90008303934203D8002010BD0346F7E753F871
:105AA000041D0029F5D00120F6E738B502FB01F509
:105AB0002946F0F791FD044618B12A460021FFF768
:105AC0005DFA204638BDF8B5074615460C4621B9A3
:105AD000BDE8F8401146F0F77FBD22B9F0F732FD7E
:105AE00000242046F8BD00F04AF9A842F9D2294620
:105AF0003846F0F771FD06460028F1D021462A46C7
:105B0000FFF714FA21463846F0F71CFD3446E8E763
:105B10002DE9F0478E681F46BE420B6882460C4650
:105B200090462DD8B1F90C2012F4906F26D06569FB
:105B3000096905EB4505A3EB010905EBD5757B1C50
:105B40004B446D109D4238BF1D46530527D529464D
:105B5000F0F742FD064660B321694A46FFF7E6F9D1
:105B6000A38923F4906343F08003A38126616561D8
:105B70004E44A5EB09052660A5603E46BE4200D90D
:105B80003E46206832464146FFF7DEF9A3689B1B7C
:105B9000A3602368334423600020BDE8F0872A46D1
:105BA000FFF791FF06460028E0D121695046F0F743
:105BB000C9FC0C23CAF80030A38943F04003A38139
:105BC0004FF0FF30E9E738B54B1C144603D14FF0D6
:105BD000FF35284638BD938923F02003938153680D
:105BE000526BCDB28AB1A26B9A4208DD23685A1E6D
:105BF000226003F8015C636801336360E9E72146D2
:105C000000F076F80028F1D0E1E72169226841B17F
:105C1000914206D212F8011CA94202D1013A226037
:105C2000EAE7C4E90F2304F1440363630323A36396
:105C3000234603F8465F23600123DEE710B50C46D8
:105C4000496B69B104F14403994201D0F0F77AFC41
:105C5000236C63600020606313B1E36B236010BDAD
:105C60002369236000236360A38943F02003A38199
:105C70004FF0FF30F3E770B50B7804465E2B0BBF97
:105C80004B784A1C8A1C002108BF0121013804F10D
:105C9000FF0500F8011FA842FBD10BB9501E70BDD3
:105CA00081F00101E1541046024612F8015B2D2DEE
:105CB00005D05D2D16D0002DF1D02B46F2E74678A9
:105CC0005D2EFAD0B342F8DC02301A460132964219
:105CD000A154FBDCF21A013A5D1CB342A8BF0022BA
:105CE000AB18E1E71046DAE7F3F7A4B8F3F720B909
:105CF0002DE9F0410C46496B04F1440399421DD152
:105D00004FF48061F0F768FC18B94FF0FF30BDE840
:105D1000F0814FF48063A36394F84630606380F8A9
:105D2000FF3394F8453080F8FE3394F8443080F81F
:105D3000FD3300F2FD3020600020E8E7A66B77001D
:105D40003A46FFF7C0FE05460028DED000EB060805
:105D5000014632464046FFF7E9F8C4E90D57C4F85A
:105D60000080E9E70346084641B1FF2A04D98A22A8
:105D70001A604FF0FF3070470A700120704751F8E9
:105D8000043C181F002BBCBF0B58C0187047000004
:105D9000508AFD7F01000000655B010000000000EB
:105DA0005D5C0100000000007D5C0100000000005F
:105DB0009D5C010000000000B55E010000000000D5
:105DC000B18A0100905E0300A9B10100000000004B
:105DD000CDB101000000000029910100B85E030070
:105DE00029910100A45E03000D5F01000000000086
:105DF00045A2010000000000BBFB02000000000003
:105E0000C5FB02000000000089F60200F45E0300FA
:105E1000EFF60200085F0300458F0100E05E03001B
:105E20008D9501001C5F0300194C0100CC5E03003E
:105E3000318D010000000000F59801000000000015
:105E4000895F0100000000004FF202000000000026
:105E5000C94D010000000000ADA2010000000000DB
:105E6000C9FB02000000000005B6010000000000B0
:105E7000819B0100305F0300797201000000000087
:105E80004DFB02000000000059F00200000000007D
:105E90005E9503009C6A0300AC6A0300C00A002000
:105EA000E08100209C950300E06A0300106B030072
:105EB000C80A002088820020AA950300F86A03001F
:105EC000106B0300CA0A002094820020269303006E
:105ED000000E002074690300BE0A00202801002083
:105EE0006D95030000000000C86A0300C20A00208C
:105EF000348200207D95030000000000D06A03007A
:105F0000C40A0020000000008C950300000000007F
:105F1000D86A0300C60A002000000000C0950300F4
:105F2000346B0300786B0300CC0A0020500700207C
:105F3000F495030000000000BC6B0300CE0A0020B3
:105F4000AC8200203DFD0200EBFB020000000000DF
:105F5000E1F102001C5F030065F90200000000008F
:105F6000E1F1020000000000E1F102000000000089
:105F7000E1F102000DAC0100EBFB020000000000AB
:105F8000E1F1020000000000E1F102000000000069
:105F9000E1F1020000000000E1F102000000000059
:105FA000E1F1020000000000E1F102003482002073
:105FB000B58F010000000000E1F1020000000000C8
:105FC000E1F1020000000000E1F102000000000029
:105FD0008599010000000000E1F1020000000000CE
:105FE000E1F1020000000000E1F102000000000009
:105FF000E1F1020000000000E1F1020000000000F9
:10600000E1F1020000000000E1F1020000000000E8
:106010009DA2010000000000E1F10200000000006C
:10602000E1F1020000000000E1F1020000000000C8
:10603000E1F1020000000000E1F1020000000000B8
:10604000E1F1020000000000E1F1020000000000A8
:10605000E1F1020000000000E1F102000000000098
:10606000E1F1020000000000E1F102000000000088
:10607000E1F1020000000000E1F102007581010081
:10608000EBFB020000000000E1F102000000000054
:10609000E1F1020000000000E1F102000000000058
:1060A000E1F1020000000000E1F102000000000048
:1060B000E1F1020000000000E1F102000000000038
:0460C000E1F1020008
:1060D0004796030000010000CE9F03006A9503006D
:1060E000D19F030000002CA6E0A125262700000078
:1060F0002CA6E0A101010002070000000100000041
:10610000102700001027000001000B0002000A0009
:10611000050009000A000800140007001E00060020
:10612000320005004B0004006400030096000200EA
:10613000FA000100F40100000C0802170D01010231
:1061400009090101060209181803010109090303DD
:1061500005030201230202240910040405050B0BA8
:10616000040B2B1B1B151A1A1C021D1613050149C3
:106170000D15050000002CA6E0A1000001000000A4
:1061800010110040000000000000000000000000AE
:10619000000000000406080A0C0E10121416181C49
:1061A0001E20222426282A2C2E30323436383A3C1F
:1061B0003E40424446484A4C4E021A5000003408C1
:1061C000E80300002CA6E0A1000000002800000069
:1061D0001800000000000000141E00003011000034
:1061E0000000000070170000A00F00000000DC0598
:1061F000E803000000000000141E00003011000041
:1062000000010302D8ECF0F4F8FC000203040506D8
:10621000070800000000000000000000000000006F
:10622000000000000000010101010202020203035C
:106230000303040404040505050506060608090011
:10624000000000000000000000000000000000004E
:106250000000000101010102020202030303030422
:106260000404040505050506060708090A0B0C0DBC
:1062700006080801020600100200FA0000000000F3
:1062800093E700009FE70000A3E70000ABE70000F2
:10629000AFE700000001000812000000000000004D
:1062A00000C2010000000800000000000000000023
:1062B0000338FDD87047000022AE28D7982F8A42B5
:1062C000CD65EF23914437712F3B4DECCFFBC0B52B
:1062D000BCDB8981A5DBB5E938B548F35BC256392B
:1062E00019D005B6F111F1599B4F19AFA4823F9215
:1062F00018816DDAD55E1CAB420203A398AA07D8B9
:10630000BE6F7045015B83128CB2E44EBE853124B2
:10631000E2B4FFD5C37D0C556F897BF2745DBE720C
:10632000B196163BFEB1DE803512C725A706DC9B71
:10633000942669CF74F19BC1D24AF19EC1699BE456
:10634000E3254F388647BEEFB5D58C8BC69DC10F70
:10635000659CAC77CCA10C2475022B596F2CE92DD0
:1063600083E4A66EAA84744AD4FB41BDDCA9B05C68
:10637000B5531183DA88F976ABDF66EE52513E9859
:106380001032B42D6DC631A83F21FB98C82703B049
:10639000E40EEFBEC77F59BFC28FA83DF30BE0C626
:1063A00025A70A934791A7D56F8203E05163CA06D8
:1063B000706E0E0A67292914FC2FD246850AB7276A
:1063C00026C9265C38211B2EED2AC45AFC6D2C4DA3
:1063D000DFB3959D130D3853DE63AF8B54730A659D
:1063E000A8B2773CBB0A6A76E6AEED472EC9C281F9
:1063F0003B358214852C72926403F14CA1E8BFA254
:10640000013042BC4B661AA89197F8D0708B4BC2F2
:1064100030BE5406A3516CC71852EFD619E892D17A
:1064200010A96555240699D62A20715785350EF492
:10643000B8D1BB3270A06A10C8D0D2B816C1A419A6
:1064400053AB4151086C371E99EB8EDF4C774827D0
:10645000A8489BE1B5BCB034635AC9C5B30C1C391C
:10646000CB8A41E34AAAD84E73E363774FCA9C5B59
:10647000A3B8B2D6F36F2E68FCB2EF5DEE828F74D4
:10648000602F17436F63A57872ABF0A11478C884AE
:10649000EC39641A0802C78C281E6323FAFFBE90E9
:1064A000E9BD82DEEB6C50A41579C6B2F7A3F9BE44
:1064B0002B5372E3F27871C69C6126EACE3E27CA5E
:1064C00007C2C021C7B886D11EEBE0CDD67DDAEA7F
:1064D00078D16EEE7F4F7DF5BA6F1772AA67F0061E
:1064E000A698C8A2C57D630AAE0DF9BE04983F11F7
:1064F0001B471C13350B711B847D0423F577DB28A8
:106500009324C7407BABCA32BCBEC9150ABE9E3CB1
:106510004C0D109CC4671D43B6423ECBBED4C54C47
:106520002A7E65FC9C297F59ECFAD63AAB6FCB5F8B
:106530001758474A8C19446CBC89D897B2D29C3CF6
:1065400033A7A8D523F649393DA7F444FD0FA5325A
:106550009D978CCF08BA5B25436FAC642806681101
:106560000080E03779C34143176E05B5B5B893464F
:10657000F5F93FE9034F384D321D30F94877825A1B
:106580003CBF737FDD4F1575000000000000F03F39
:1065900000000000000024400000000000005940FE
:1065A0000000000000408F40000000000088C34051
:1065B00000000000006AF8400000000080842E41C6
:1065C00000000000D01263410000000084D7974112
:1065D0000000000065CDCD41000000205FA0024218
:1065E000000000E876483742000000A2941A6D428D
:1065F000000040E59C30A2420000901EC4BCD64280
:1066000000003426F56B0C430080E03779C341432A
:1066100000A0D8855734764300C84E676DC1AB43A0
:10662000003D9160E458E143408CB5781DAF1544BE
:1066300050EFE2D6E41A4B4492D54D06CFF0804499
:10664000F64AE1C7022DB544B49DD9794378EA44AE
:1066500022AE28D7982F8A42CD65EF239144377117
:106660002F3B4DECCFFBC0B5BCDB8981A5DBB5E989
:1066700038B548F35BC2563919D005B6F111F15956
:106680009B4F19AFA4823F9218816DDAD55E1CAB87
:10669000420203A398AA07D8BE6F7045015B83121C
:1066A0008CB2E44EBE853124E2B4FFD5C37D0C55D7
:1066B0006F897BF2745DBE72B196163BFEB1DE80CF
:1066C0003512C725A706DC9B942669CF74F19BC1C0
:1066D000D24AF19EC1699BE4E3254F388647BEEF5D
:1066E000B5D58C8BC69DC10F659CAC77CCA10C2415
:1066F00075022B596F2CE92D83E4A66EAA84744A87
:10670000D4FB41BDDCA9B05CB5531183DA88F976BE
:10671000ABDF66EE52513E981032B42D6DC631A8F3
:106720003F21FB98C82703B0E40EEFBEC77F59BFD7
:10673000C28FA83DF30BE0C625A70A934791A7D5C2
:106740006F8203E05163CA06706E0E0A672929142E
:10675000FC2FD246850AB72726C9265C38211B2E76
:10676000ED2AC45AFC6D2C4DDFB3959D130D3853A3
:10677000DE63AF8B54730A65A8B2773CBB0A6A76B6
:10678000E6AEED472EC9C2813B358214852C72924C
:106790006403F14CA1E8BFA2013042BC4B661AA8C9
:1067A0009197F8D0708B4BC230BE5406A3516CC782
:1067B0001852EFD619E892D110A96555240699D63A
:1067C0002A20715785350EF4B8D1BB3270A06A10FB
:1067D000C8D0D2B816C1A41953AB4151086C371EAA
:1067E00099EB8EDF4C774827A8489BE1B5BCB034C5
:1067F000635AC9C5B30C1C39CB8A41E34AAAD84EA7
:1068000073E363774FCA9C5BA3B8B2D6F36F2E686D
:10681000FCB2EF5DEE828F74602F17436F63A57833
:1068200072ABF0A11478C884EC39641A0802C78CE2
:10683000281E6323FAFFBE90E9BD82DEEB6C50A4F4
:106840001579C6B2F7A3F9BE2B5372E3F27871C67D
:106850009C6126EACE3E27CA07C2C021C7B886D1AE
:106860001EEBE0CDD67DDAEA78D16EEE7F4F7DF576
:10687000BA6F1772AA67F006A698C8A2C57D630A08
:10688000AE0DF9BE04983F111B471C13350B711B4D
:10689000847D0423F577DB289324C7407BABCA3281
:1068A000BCBEC9150ABE9E3C4C0D109CC4671D435E
:1068B000B6423ECBBED4C54C2A7E65FC9C297F598E
:1068C000ECFAD63AAB6FCB5F1758474A8C19446C39
:1068D000C3900300D6900300E9900300FD900300ED
:1068E0001191030024910300379103007C8D030074
:1068F0007C8D03007C8D03007C8D03007C8D030068
:106900007C8D03007C8D03007C8D03004B91030084
:1069100060910300749103008D910300A79103001F
:10692000BD910300D1910300E5910300FE910300A6
:106930001692030032920300459203007C8D0300FF
:106940007C8D03007C8D0300599203006B92030041
:106950008292030094920300A9920300BC92030068
:10696000CE92030053EB020067EB02000000000030
:1069700057EB0200ABF10200614C01000000000087
:10698000294B010057F10200B54A0100F3F0020063
:10699000FDF00200954A01001BF10200000000001A
:1069A00025F1020000000000000000002DF10200AF
:1069B0004BF102004FF1020000000000BDF10200A7
:1069C0000C07002004070020FC0600200000000047
:1069D000F4060020314F0100254E0100794E0100E0
:1069E000D94E0100000000200000000000000B064E
:1069F00002000000F869030000000000F2930300A9
:106A00002600020700000020FA93030022000B1169
:106A1000395D010000000000AFF20200106A0300BF
:106A2000286A03004700000020A60320106A030024
:106A3000386A03002E00000028AA0320106A030011
:106A4000486A03000201000008AB03200E030000A7
:106A5000796901000F040000B5690100FF01000021
:106A6000FD5F01003E0100001D60010010010000FB
:106A7000D7F3020002010000C16F0100106A030099
:106A8000886A03004700000028AC0320F17301006E
:106A9000398A0100098A010000000000918B010081
:106AA0007D8A010077F602007DF60200098B010065
:106AB000F5F5020057F602000000000091F5020013
:106AC0000000000000000000ED8E0100458E010076
:106AD0008DF6020000000000ABF60200000000008E
:106AE000FFFF000000030050000000000100000054
:106AF0000060004000000000FFFFFFFF00000050AA
:106B000000000000000000000060004000000000E5
:106B1000BD91010005F7020013F702002BF70200F8
:106B200037F7020043F70200299001005DF70200E9
:106B300000000000002000400100000000000000F4
:106B4000546B03000000D60100000000293801202A
:106B50002838012000200040606B03000100000085
:106B6000686B030004000000140000001100000224
:106B700018060001160600030BF80200D994010064
:106B8000FDF70200E7F9020031F8020059F80200AF
:106B90008DF802009DF80200CBF80200D7F8020041
:106BA0009DF80200BBF80200E3F80200F1F80200D1
:106BB000FFF8020035F9020039F90200019B0100DB
:106BC00091FA0200B1FA0200985D0300985D03009B
:106BD000385E0300485E0300905E0300905E030091
:106BE000806C0300506C0300206C0300F06B03000A
:106BF0000400000070970300DD060300EF060300A9
:106C0000630703005D0703000000000000000000B0
:106C1000550703003F0703002D07030045D101007E
:106C20000300000076970300DD060300E30603007F
:106C30000000000000000000000000000000000054
:106C4000550703003F0703002D07030045D101004E
:106C5000020000007C970300DD060300D10603005C
:106C6000630703005D070300000000000000000050
:106C7000550703003F0703002D07030045D101001E
:106C8000010000007F97030027070300C5060300EB
:106C900029D20100E1D101009DD1010059D10100AB
:106CA0001F07030009070300F706030021D10100B5
:106CB000030017000001000083970300000000009C
:106CC000000000000000000028720300010008001E
:106CD0000872030001000800E872030001000100CF
:106CE000E871030001000800C871030001000800FA
:106CF0000000000001000000A8710300010008006E
:106D0000887103000100080000000000010000007D
:106D100068710300010008004871030001000800C9
:106D200000000000010000002871030001000800BD
:106D300008710300010008000000000001000000CD
:106D4000E870030001000800C8700300010008009B
:106D50000000000001000000A8700300010008000E
:106D6000887003000100080000000000010000001E
:106D7000687003000100080048700300010008006B
:106D8000000000000100000028700300010008005E
:106D9000087003000100080000000000010000006E
:106DA000E86F030001000800C86F0300010008003D
:106DB0000000000001000000A86F030001000800AF
:106DC000886F0300010008000000000001000000BF
:106DD000686F030001000800486F0300010008000D
:106DE0000000000001000000286F030001000800FF
:106DF000086F03000100080000000000010000000F
:106E0000E86E030001000800C86E030001000800DE
:106E10000000000001000000A86E0300010008004F
:106E2000886E03000100080000000000010000005F
:106E3000686E030001000800486E030001000800AE
:106E40000000000001000000393770EF1FA1F0DBE7
:106E50006A105BCEC49B6F10501111244F4C7961A6
:106E6000173A72BCFE7258432765695B66A2752E9D
:106E70009C16005AB030251A42FB864280C1C47667
:106E80005B1D838E94015F8224C639165DA31E6D3F
:106E9000BA073726362AFE6051BCF3D0DE50FC9785
:106EA000802E0610154DFAF756B2AAFD8815DF524E
:106EB0004C35273144CDC06853F891A57194842A8C
:106EC00092CBD093E988DAE444918BD8D0D7E7E22B
:106ED0001FF948626FA8935DEA3A9902D50B3DE32A
:106EE0001ED30031E60C9F441D4C64C755023FE39E
:106EF000D80290BBC3EC30409F6F64F4166948A47D
:106F0000FA449C950C7D675EF47FBA585A846F5F93
:106F1000ADA6367EDCF7E167044DAAEE57763AD38C
:106F20004E7E261822239FFF8D45E64B3F4F1E1FA6
:106F300047655E5922CC725FF1931A271E34C55BF8
:106F400063F2A5585C152EC67FE51C4F6024F72A16
:106F5000EDD8E2917F89499297A72E8D6AB3398146
:106F60001389B59AB88D429CDD3830DB702C0AA2AB
:106F70007C5C9DE9D5460B5F830B604B377DB9C9BF
:106F80005E24F33D797F6C1861F99B329641583845
:106F9000F95A2AB8960EB24CC1782CC70899192410
:106FA000B75928E98454E616C9D23AE803C56D5D9D
:106FB000BE35D0AE1D7A9FCA331ED2CBAC882755C2
:106FC000F0B99CE031DD9986A1CAA8B3BF29998E9A
:106FD000D1F205C1CF5D91489F0149DB82DF5F3A65
:106FE000E10690ADE338A4C4C8CFEF3F831A88E828
:106FF0000B29B5B9E0C9A3AE88461E77CD7EB31084
:10700000B621D0D4A31608EE289EB1F16E4CADB3D4
:10701000B7E3C258C0FB3443259CDF350741BD1997
:10702000B66E10EC0EECBBD6F1B3BB5169A2119356
:10703000654F0F8DBD260FE8B9CBEC6B34C33D9D7A
:10704000E45D1E10D544E2545B9B830A814FADACD6
:107050000FFF42416EA9A2A02FA14F1F8982AA3E15
:10706000F3B80F6B8F8CD668995D165F7BBCBBCE77
:1070700061EE4E8AC151CC501F0D4D1B53231DB3E1
:10708000DA2A38665284E195FC952973A1673E029D
:10709000E33054358E0ADD6703D7A197613BF80CC6
:1070A000F2333C58553423A383F6E8F887F7FC6D98
:1070B00090BE7F3F7A2BD713CF32F22D946D42FDD5
:1070C000AD9AE35F42BB84EDD498E7FAA57D8B537C
:1070D0009135D200D11B9F1B3F69089A72F0A9110C
:1070E000B3FE0E14DA7C0ED3EECFB87EF792968DF7
:1070F0003D018C0D23F2E305592EE384527A347658
:10710000E5A1B01590E2533CF2D055DF000AF54AF4
:107110006ABF56812D20EBB511C12852ABE3D14097
:107120002434794557A512032A37B9C0AA59C68B0A
:107130003F58D9ED589965F7887D268C4AF9059F07
:107140009D739AC9E746DC00F085F49E4CDC3989D2
:10715000636DC457D8035D22707F2D526FC9DA4F1B
:107160009D64FAB4FEA4C4D7BF6A5D5235D7BFAEE2
:107170005AA2BE96F4F802C3A4204954EAB382DBB3
:107180002EDBEA02D1751C6296D5DAAD9249F09FEA
:10719000F973439EAFA7D1F3674107DF78953EA10E
:1071A000223DD1E63CA5E2207D7DEF86FFE337DD81
:1071B000DB868B08277CD7F691544C254F9AFE2806
:1071C0005EFDF06D370369D64069F2400BA398CE9F
:1071D000AFA848020D1C12629BAF098380AA58A772
:1071E000C612BE709476E3E470C8BA04B74BD2F707
:1071F000ABC6233AA0093A591D9D4CF95823CCDF60
:1072000002ED7B29870FFA3CF551BF376840B6CBBA
:10721000CE5E316B5733CE2B169E0F7C4AEBE78E3A
:107220009B7F1AFEE242E34F96C298D84539A1F4FB
:10723000A033EB2D817D0377F240A463E5E6BCF833
:1072400047422CE1F2D1176B512563FCC2CAB9F356
:10725000849E17A7ADFAE6BCFFFFFFFFFFFFFFFF0D
:1072600000000000FFFFFFFFF551BF376840B6CBBD
:10727000CE5E316B5733CE2B169E0F7C4AEBE78EDA
:107280009B7F1AFEE242E34F96C298D84539A1F49B
:10729000A033EB2D817D0377F240A463E5E6BCF8D3
:1072A00047422CE1F2D1176B4B60D2273E3CCE3BDC
:1072B000F6B053CCB0061D65BC86987655BDEBB3D1
:1072C000E7933AAAD835C65AFFFFFFFFFFFFFFFF3B
:1072D000FFFFFFFF000000000000000000000000B2
:1072E00001000000FFFFFFFF01000000020000009E
:1072F000BC74030003000000B47403000400000029
:10730000AC74030005000000A47403000600000034
:107310009C74030007000000947403000B0000003D
:107320008C7403000C000000847403000D00000046
:107330007C7403000E000000507403000F00000076
:107340004874030010000000407403002600000091
:1073500014740300270000000C74030028000000D0
:107360000474030029000000FC7303002A000000DD
:10737000F47303002B000000EC7303004C000000CA
:10738000C07303004D000000947303000000000070
:1073900000000000E597030061B44D0C07000000F9
:1073A00000000000000000000000000000000000DD
:1073B000F90A0200F90A0200AD1A03009B1A030041
:1073C000F797030061744C080700000000000000FC
:1073D0000000000000000000310B0200150B02004D
:1073E000150B0200D71A0300C51A0300009803000A
:1073F00070942B051498030070932A0528980300B5
:10740000709229053C980300708428054898030071
:10741000708327055498030070822605020000003F
:10742000000000000000000000000000000000005C
:10743000171B0300171B0300FF1A0300ED1A0300BC
:1074400060980300706410116C98030070630F1152
:107450007898030070620E11020000000000000026
:10746000000000000000000000000000911A03006E
:10747000911A0300791A0300671A03008498030025
:1074800090540D009098030090530C009C980300BA
:1074900090520B00A898030090240700B4980300B2
:1074A00090230600C098030090220500CC980300AA
:1074B00010140400D898030010130300E49803008C
:1074C00010120200020000005B1B0300571B0300A8
:1074D000531B0300000000004F1B03004B1B030065
:1074E000331B0300211B0300FC9803000000000075
:1074F00000000000F9980300F6980300F3980300D9
:10750000F0980300050000020000000000000000E9
:1075100008000002090000020A0000020B0000023D
:10752000FF8FFFFFFF8FFFFFFE8FFFFFFE8FFFFF2D
:10753000FD8FFFFFFC8FFFFFFC8FFFFF6D757465F4
:10754000785F667265652063616C6C65642077693D
:107550007468204E554C4C20706172616D65746585
:107560007200000043616E277420696E697469615E
:107570006C697A65206D757465782C20776173204D
:107580004E554C4C0D0A00004661696C20746F200A
:1075900061637175697265206D757465780A0000A4
:1075A0004661696C20746F20696E637265617365F2
:1075B00020504D20636F756E7465720A00000000E4
:1075C0004661696C20746F206465637265617365E0
:1075D00020504D20636F756E7465720A00000000C4
:1075E0004661696C20746F20756E6C6F636B206DE3
:1075F000757465780A0000004661696C20746F201C
:1076000072656C65617365206D757465780A00003C
:10761000436F756C64206E6F74206C6F636B2070A9
:107620006F7765722073617665206D75746578007B
:107630006374782063616E6E6F74206265204E55AE
:107640004C4C00000A637478206973204E554C4CF2
:107650000A00000067E6096A85AE67BB72F36E3CFC
:107660003AF54FA57F520E518C68059BABD9831F0D
:1076700019CDE05BD89E05C107D57C3617DD70308B
:1076800039590EF7310BC0FF11155868A78FF964EF
:10769000A44FFABE0123456789ABCDEFFEDCBA9853
:1076A00076543210F0E1D2C3CA99030008000000FA
:1076B00005000000D3990300080000000800000046
:1076C000DC9903000800000009000000E5990300B0
:1076D000080000000A000000EE9903000800000006
:1076E0000B0000000000000000000000000000008F
:1076F000F79903000500000005000000FD99030054
:107700000900000008000000079A030009000000BB
:1077100009000000119A0300090000000A0000009F
:107720001B9A0300090000000B000000000000008D
:107730000000000000000000259A03000500000082
:10774000210000002B9A0300080000002500000023
:10775000349A030009000000050000003E9A03006F
:107760000900000006000000489A0300090000001C
:107770000700000000000000000000000000000002
:10778000529A0300080000000300000000000000FF
:1077900000000000000000005B9A030009000000E8
:1077A00001000000659A03000700000002000000CD
:1077B0006D9A0300050000000300000000000000B7
:1077C00000000000000000009C08002000000000F5
:1077D0001F0000003B0000005A000000780000007D
:1077E00097000000B5000000D4000000F300000086
:1077F00011010000300100004E0100001F000000D8
:107800001C0000001F0000001E0000001F00000000
:107810001E0000001F0000001F0000001E000000EE
:107820001F0000001E0000001F00000034000000C8
:10783000CEFBFFFFCB0300000100000000000000B2
:1078400035000000CEFBFFFFCB030000010000006D
:107850000000000000000000000000000000000028
:107860000000000000000000000000000000000018
:107870000000000000000000000000000000000008
:1078800000000000000000000000000000000000F8
:1078900000000000000000000000000000000000E8
:1078A00000000000000000000000000000000000D8
:1078B00000000000AF9B0300649A0300BC0A002094
:1078C0001F0000001C0000001F0000001E00000040
:1078D0001F0000001E0000001F0000001F0000002D
:1078E0001E0000001F0000001E0000001F0000001E
:1078F0001F0000001D0000001F0000001E0000000F
:107900001F0000001E0000001F0000001F000000FC
:107910001E0000001F0000001E0000001F000000ED
:1079200005000000190000007D00000003000000B9
:107930000000000000000000000000000000000047
:107940000000000000000000030000000000000034
:107950000000000000000000000000000000000027
:107960000000000000000000030000000000000014
:107970000000000000000000000000000000000007
:1079800000000000000000000000000000000000F7
:107990000000000000000000C3D5A3A3BAD622EC6B
:1079A000C10F471F5DE9000000000000000000005B
:1079B000000000003D2A5C5C4529DD133EF0B8E084
:1079C000A216FFFFFFFFFFFFFFFFFFFFFFFFFFFF0D
:1079D000FE9BDFEE85FD2F01216C1ADF5205194356
:1079E000FFFFFFFFFEFFFFFFFFFFFFFF00000000A4
:1079F000512563FCC2CAB9F3849E17A7ADFAE6BC51
:107A0000FFFFFFFFFFFFFFFF00000000FFFFFFFF82
:107A10008DD63A3395E6131385584FB74DF2E5A747
:107A200020D2C80B7EB29C387329C5CC6A19ECEC05
:107A30007AA7B048B20D1A58DF2D37F4814D63C7CD
:107A4000FFFFFFFFFFFFFFFFFFFFFFFFFFFFFFFF46
:107A5000FFFFFFFFFFFFFFFF982F8A42914437711E
:107A6000CFFBC0B5A5DBB5E95BC25639F111F159C1
:107A7000A4823F92D55E1CAB98AA07D8015B831203
:107A8000BE853124C37D0C55745DBE72FEB1DE80AF
:107A9000A706DC9B74F19BC1C1699BE48647BEEFDE
:107AA000C69DC10FCCA10C246F2CE92DAA84744A69
:107AB000DCA9B05CDA88F97652513E986DC631A8DF
:107AC000C82703B0C77F59BFF30BE0C64791A7D5BE
:107AD0005163CA0667292914850AB72738211B2E46
:107AE000FC6D2C4D130D385354730A65BB0A6A762E
:107AF0002EC9C281852C7292A1E8BFA24B661AA83A
:107B0000708B4BC2A3516CC719E892D1240699D649
:107B100085350EF470A06A1016C1A419086C371EC2
:107B20004C774827B5BCB034B30C1C394AAAD84EA0
:107B30004FCA9C5BF36F2E68EE828F746F63A578DB
:107B40001478C8840802C78CFAFFBE90EB6C50A46E
:107B5000F7A3F9BEF27871C63E2A5C5C4529DD13B5
:107B60003EF0B8E0A216FFFFFFFFFFFFFFFFFFFFA1
:107B7000FFFFFFFF3D2A5C5C4529DD133EF0B8E0C6
:107B8000A216FFFFFFFFFFFFFFFFFFFFFFFFFFFF4B
:107B9000211D5C11D68032342211C256D3C1034A52
:107BA000B99013327FBFB46BBD0C0EB7347E008525
:107BB0009981D5446447075AA07543CDE6DF224C2E
:107BC000FB23F7B5886337BDB4FF552343390B2733
:107BD000BAD8BFD7B7B04450563241F5ABB3040C56
:107BE000850A05B4FEFFFFFFFFFFFFFFFFFFFFFF5A
:107BF000FEFFFFFFFFFFFFFFFFFFFFFFFFFFFFFF96
:107C0000AAAAAAAAAAAAAAAAAAAAAAAA5555555528
:107C10005555555555555555000000005555555568
:107C2000522563FCC2CAB9F3849E17A7ADFAE6BC1D
:107C3000FFFFFFFFFFFFFFFF00000000FFFFFFFF50
:107C4000512563FCC2CAB9F3849E17A7ADFAE6BCFE
:107C5000FFFFFFFFFFFFFFFF00000000FFFFFFFF30
:107C600096C298D84539A1F4A033EB2D817D0377D6
:107C7000F240A463E5E6BCF847422CE1F2D1176B71
:107C8000F551BF376840B6CBCE5E316B5733CE2B44
:107C9000169E0F7C4AEBE78E9B7F1AFEE242E34F73
:107CA0004B60D2273E3CCE3BF6B053CCB0061D65B0
:107CB000BC86987655BDEBB3E7933AAAD835C65A39
:107CC000FCFFFFFFFFFFFFFFFFFFFFFF00000000C3
:107CD000000000000000000001000000FFFFFFFFA7
:107CE0007429C5CC6A19ECEC7AA7B048B20D1A58C1
:107CF000DF2D37F4814D63C7FFFFFFFFFFFFFFFF5D
:107D0000FFFFFFFFFFFFFFFFFFFFFFFFFFFFFFFF83
:107D10007329C5CC6A19ECEC7AA7B048B20D1A5891
:107D2000DF2D37F4814D63C7FFFFFFFFFFFFFFFF2C
:107D3000FFFFFFFFFFFFFFFFFFFFFFFFFFFFFFFF53
:107D4000B70A7672385E543A6C2955BF5DF2025517
:107D5000382A5482E041F759989BA78B623B1D6EED
:107D600074AD20F31EC7B18E37058BBE22CA87AA19
:107D70005F0EEA907C1D437A9D817E1DCEB1600A24
:107D8000C0B8F0B51331DAE97C149A28BD1DF4F8B7
:107D900029DC9292BF989E5D6F2C26964ADE17369C
:107DA000EF2AECD3EDC8852A9DD12E8A8D3956C68F
:107DB0005A8713508F081403124181FE6E9C1D18C0
:107DC000192DF8E36B058E98E4E73EE2A72F31B357
:107DD000FCFFFFFF0000000000000000FFFFFFFFAE
:107DE000FEFFFFFFFFFFFFFFFFFFFFFFFFFFFFFFA4
:107DF000FFFFFFFFFFFFFFFFFFFFFFFFFFFFFFFF93
:107E0000000000007AFF809F79FF009F73FF809E33
:107E1000000000007AFF80AF79FF00AF73FF80AEF3
:107E20000000201C403860248070A06CC048E054E2
:107E300000E120FD40D960C58091A08DC0A9E0B5CA
:107E4000253032583A253032583A253032583A25C2
:107E50003032583A253032583A253032580046618F
:107E6000696C656420746F20717565204A534F4EAC
:107E700020646174610A00426C7565746F6F746888
:107E800020696E6974206661696C6564202865727A
:107E900072202564290A0053746F7070696E672020
:107EA000626C7565746F6F7468207363616E0A002D
:107EB0004C6F6F6B696E6720666F72202573206947
:107EC0006E206C6973743A0A0041646465643A20F8
:107ED00025730A0A007075626C69630072616E64D2
:107EE0006F6D007075626C69632D69640072616EFC
:107EF000646F6D2D6964003078253032780025304C
:107F000032583A253032583A253032583A253032F4
:107F1000583A253032583A253032582028257329CE
:107F20000041443A206D65737361676520746F6F1B
:107F30002073686F72740A0041443A206E6F2046C5
:107F40006C616773207374727563747572650A006F
:107F500041443A206E6F20466C61677320747970DB
:107F6000650A0041443A206E6F206D616E7566614E
:107F700063747572657220646174612074797065D0
:107F80000A0041443A206E6F205275757669206967
:107F900064656E7469666965720A00527575766902
:107FA0003A206461746120746F6F2073686F72741B
:107FB000202D202564202D2025640A005275757619
:107FC000693A205241577632206461746120746F9F
:107FD0006F2073686F72740A0044443A38333A333E
:107FE000443A41343A43453A43360044443A343201
:107FF0003A46413A31323A32413A43440044423AF5
:1080000043333A35383A44393A30333A3730004519
:10801000323A37303A44373A39363A34353A3138E9
:108020000045453A44463A39463A42413A38443A9C
:1080300034390053656E736F72206E6F7420666FF3
:10804000756E640A00496E206C6F6F700A00476F8E
:10805000743A2025730A00222573223A7B00227489
:10806000656D7065726174757265223A5B00252ECC
:1080700032662573002C2268756D696469747922F3
:108080003A5B002C227072657373757265223A5BDD
:10809000004D6F64656D20696E697469616C697A01
:1080A0006174696F6E206661696C65643A2025733E
:1080B00020282564290A00547279696E6720746F3C
:1080C00020696E697469616C697A65204D6F6465B9
:1080D0006D20616761696E2E2E2E0A0053756363F1
:1080E0006573730A004661696C65640A004D6F64CC
:1080F000656D204750494F20646576696365206E41
:108100006F742072656164790A004661696C656408
:1081100020746F20636F6E666967757265206D6F7E
:1081200064656D204750494F3A2025640A00537416
:10813000617274696E67206D6F64656D0A004552E7
:10814000524F523A204661696C656420746F20700A
:1081500075626C69736820646174610A00496E69B4
:1081600074696C697A6174696F6E20737563636595
:10817000737366756C6C210A005541525420736507
:10818000747570206572726F72210A004D6F64659C
:108190006D207365747570206572726F720A00428B
:1081A0006C7565746F6F7468207365747570206585
:1081B00072726F72210A00525443207365742074E6
:1081C000696D65206572726F72210A004D4F4445DA
:1081D0004D204750494F2050494E206572726F72B2
:1081E000210A00436865636B696E67204750494FF9
:1081F0002073657475700A00547279696E67207413
:108200006F20696E697469616C697A6520554152A5
:108210005420616761696E2E2E2E0A0054727969AE
:108220006E6720746F2073796E632074696D6520AA
:10823000616761696E0A00547279696E6720746FB4
:1082400020696E697469616C697A6520426C756534
:10825000746F6F746820616761696E2E2E2E0A003C
:108260002532642F2532642F2532642C2532643A5E
:108270002532643A25326400496E76616C69642067
:1082800074696D65207374727563740A0046616960
:108290006C656420746F20736574207379737465E2
:1082A0006D2074696D650A0073797374656D20744F
:1082B000696D652073657420737563636573736698
:1082C000756C6C790A0045706F63683A20256C6C98
:1082D000640A004E6F773A20253034642D25303201
:1082E000642D2530326420253032643A25303264E2
:1082F0003A253032640A004552524F523A20636C9C
:108300006F636B5F67657474696D652829206661AA
:10831000696C65640A00484F55523A2025642C2048
:1083200053454E44494E4720484F55523A20256404
:108330000A004E6F742074696D6520746F20736538
:108340006E640A004661696C656420746F20736511
:108350006E640A006E756C6C0066616C7365007407
:1083600072756500252E326600EFBBBF0045727244
:108370006F72206C6F6F700A004552524F523A2054
:10838000426C7565746F6F74682054696D656F75A4
:10839000740A00476F696E6720746F20736C65659F
:1083A000700A007B22616C67223A225253323536C2
:1083B000222C226B6964223A2230313661373537FC
:1083C0006464613862623336616361616664393561
:1083D0003238666235646165383733396133373531
:1083E00036222C22747970223A224A5754227D0078
:1083F0007B226772616E745F74797065223A202205
:1084000075726E3A696574663A706172616D733A3D
:108410006F617574683A6772616E742D74797065F6
:108420003A6A77742D626561726572222C2022612E
:108430007373657274696F6E223A20222573227DF0
:1084400000782D7777772D666F726D2D75726C655C
:108450006E636F6465640068747470733A2F2F6F75
:1084600061757468322E676F6F676C6561706973D0
:108470002E636F6D2F746F6B656E007B226D65735D
:108480007361676573223A5B7B2264617461223A8F
:10849000222573227D5D7D00504F5354202F76316D
:1084A0002F70726F6A656374732F70726A2D6D74AA
:1084B000702D6A61616B2D6C6568742D75666C2F0B
:1084C000746F706963732F796D7061726973746F03
:1084D0006D6F6475756C693A7075626C697368204C
:1084E000485454502F312E310D0A486F73743A207E
:1084F0007075627375622E676F6F676C6561706906
:10850000732E636F6D0D0A436F6E74656E742D5418
:108510007970653A206170706C69636174696F6E1F
:108520002F6A736F6E0D0A436F6E74656E742D4CF7
:10853000656E6774683A2025750D0A417574686F19
:1085400072697A6174696F6E3A2042656172657210
:108550002025730D0A0D0A25730D0A004572726FEE
:10856000723A204E554C4C20706F696E74657220C3
:1085700070617373656420746F206A77745F696ECD
:1085800069740A0068747470733A2F2F7777772EA6
:10859000676F6F676C65617069732E636F6D2F61B4
:1085A0007574682F707562737562007075622D73D3
:1085B00075624070726A2D6D74702D6A61616B2DE9
:1085C0006C6568742D75666C2E69616D2E677365B8
:1085D00072766963656163636F756E742E636F6D28
:1085E000004572726F723A206A7774207061796CFC
:1085F0006F6164204E554C4C0A007B2269737322D4
:108600003A222573222C22737562223A2225732284
:108610002C2273636F7065223A222573222C22610B
:108620007564223A222573222C22696174223A252C
:108630006C642C22657870223A256C647D0045724A
:10864000726F723A206661696C656420746F206194
:108650006C6C6F63617465206D656D6F7279002D50
:108660002D2D2D2D424547494E20505249564154FB
:1086700045204B45592D2D2D2D2D0A4D4949457627
:108680004149424144414E42676B71686B694739C9
:108690007730424151454641415343424B597767F8
:1086A00067536941674541416F49424151434E54C7
:1086B00067385843656A654F736B2B0A42366A6A9E
:1086C0004A545954503878334B784D6B6D37566453
:1086D0006C466A71356C33614C5A3677776E676ACF
:1086E000793364353070592B4772386A74794E4C3F
:1086F00073655853502B586841504E680A624E3388
:1087000075444C384667745333684C6F62697476AD
:108710002F69415470546B304F506E797279326EBC
:10872000674550522B79595938623045425A377152
:10873000476C76764D6B6F483671326D310A536DEA
:10874000787168572F556D522B6979686E58383596
:108750004D5A4855706E426F6B3250543848482F0E
:108760004E565772466771344249416B4A424D75C5
:10877000546D69456B423375754E6E5144330A49E9
:108780005466626D6C4F435A444E6D42316D6D3884
:1087900071554F437453317A485A4A6B6166757804
:1087A00062772F427766564F35762B716F32395389
:1087B00073646D3879693879446B3348514C740A65
:1087C0006B354A4549504F336155455162582F54D6
:1087D0002F746469493074706B6B354657786A380A
:1087E000585A457734396855594B35324843517496
:1087F00076517762555777324B3164446D4E395517
:108800000A76534C33744B426A41674D42414145AD
:1088100043676745414756457042766D786A5539DA
:108820002F4375775961456F63664370734764588A
:1088300050346A6B377233364B7839747161564CE9
:10884000500A496542563469507354686C61376404
:108850006D67385763346E62464C2B665755334606
:108860004674536346567166634371707763504A2A
:1088700030394D763459474A706F4E747A656C586A
:1088800054410A7059385763787A576B586A4E3496
:108890006A6F5572596E474D364D4E6A6B4F5A6F1F
:1088A000693367444B6B2B3733376B3448526D3524
:1088B0004B584E4A35487567777471627A634F6BCF
:1088C0006E62320A68782F45457178486C72677518
:1088D0004A76584A625837754B7377704834533725
:1088E000545666495A6855654B4E4B546456394246
:1088F000626F7065556772343348433270377A5609
:10890000726758760A343264465A6264576D4E393B
:10891000504C4B71534B4B32545066676C5432730E
:108920004A2F4E303341366F754D326F61385732B2
:1089300048706554453866385841706B424147630A
:1089400055446C67720A61366F69676E4D692F6AAC
:10895000354A67774864347346435A6C4A444E65D7
:108960004448376E6B6E317A767964464167775149
:108970004B42675144464D39542F677777346E65C3
:10898000724864706D780A61714E3870467A7A5513
:10899000554D526F4179666D4B444E3762332B47CC
:1089A0006B364E35397043572B366A444F6558370E
:1089B000636D65714A4E73545962694972666157B5
:1089C000686E7947394C6F0A37496C4163644A478E
:1089D000512B6D50554D435932364A6F4E4966649E
:1089E00063354B47756F7642337354715036334C51
:1089F000744F786D32656B6A4A44326B4D36555808
:108A000078566A51663154380A763535432F4F4BC4
:108A1000744E75576A41484E502B77364F3868551B
:108A20004A55514B4267514333623661674F516536
:108A30003964596A75352B6A584F787144435A42E4
:108A400065426E66796562704B0A495932314D5004
:108A50004F52696241544B576E38757168674D3893
:108A600056323848796B4D32795930346F595A6AD9
:108A7000377A4F4B4D666B774936496569366F32A9
:108A80003134495A4550724938730A46754D4B473F
:108A9000364247472B4D57687669536776426A518D
:108AA00039774658595A306C44584B72674E474A8A
:108AB0006146616334672B4E7263576C64792B5A3D
:108AC00073486F7A33743434384B2F0A4145784EEB
:108AD0004861346863774B42674564454341476565
:108AE000316C66506D66306A657A2B476A6A614AF6
:108AF0004835342F433848653254454438336A3456
:108B00004A6555696C4B6A723152434F0A4D4A743B
:108B100030476D33705853656450456D7A617239D2
:108B20006D564A4C775A4E66392F695A32394E4C37
:108B30003554306864577061555645587065624FBA
:108B40003236444B37685952792F66612B0A447587
:108B50004F6F7836494B624452764937577A62797B
:108B60004E6346706D556C42676C4C413137496AB3
:108B70004B4C4F552F6E75753142534772724338C7
:108B8000505538493142416F4741513854480A39AC
:108B90006D4762626D39427936463538436F787673
:108BA000542B48536E567855752B4E3131315745FD
:108BB00052366F6E5A6755714C2B6748484B4A5373
:108BC000694657546E3743545A6543413251440AFB
:108BD0006E4D674A63616E322B653942333241769E
:108BE00072755135795376396636447374416B77B3
:108BF0006A38647443766D366839514E65584E4F05
:108C00006842334A3532474B44762F4362384B69CA
:108C10000A437752542F4371367075466E2B727724
:108C20006139577A5A4C7232596A437A3541622B0C
:108C300047634F634B4D656B4367594274516E31C7
:108C4000396E694B724658644D474C6A743572539D
:108C5000690A6D7336746767382F3348305A612B51
:108C60002B6D4255376E4761534B6D694B79586296
:108C70007364313077796A4A41364D434D476442D7
:108C80004C676B7062447072414238733337366E92
:108C90005A4F0A6A6D695848374F486D41697736AF
:108CA0006A476C2F5A726A687A4C576E4C656C78BA
:108CB000794C624155776F7569575A4D6B38352B32
:108CC000716865684C376A424B3654354A55327381
:108CD0004D62340A66506C63576861524E5045517C
:108CE000357544554236514D48513D3D0A2D2D2D87
:108CF0002D2D454E442050524956415445204B4558
:108D0000592D2D2D2D2D0A004552524F523A202516
:108D1000640A004552524F523A20506172736564A2
:108D2000206B6579206973206E6F74207265636FA4
:108D3000676E697A656420617320525341210A008D
:108D40004552524F523A206D626564746C735F7085
:108D50006B5F7369676E204641494C4544207769D3
:108D6000746820636F646520256420283078257836
:108D7000290A0025732E25732E257300554E4B4E60
:108D80004F574E5F4552524F52004F4B00415400D7
:108D90002B4350494E3A2053494D2050494E0041F3
:108DA000542B4350494E3F0041542B4350494E3DB4
:108DB0002231323334220041542B48545450494E0E
:108DC00049540041542B485454505445524D00418D
:108DD000542B48545450524541443F004552524F41
:108DE000523A204D6F64656D207265706F727465C4
:108DF00064204552524F520A002B48545450524559
:108E000041443A002B48545450524541443A204C76
:108E1000454E2C25640041542B4854545052454132
:108E2000443D302C2564006163636573735F746F28
:108E30006B656E0041542B48545450504152413D93
:108E40002255524C222C2025730041542B48545457
:108E500050504152413D22434F4E54454E54222CD6
:108E60002025730041542B48545450504152413DE9
:108E7000225553455244415441222C2573004154FC
:108E80002B48545450444154413D25752C203130D9
:108E900030303000444F574E4C4F41440032303058
:108EA0000041542B48545450414354494F4E3D3196
:108EB0000041542B43434C4B3F002B43434C4B3A14
:108EC00020004552524F523A2045787472616374C3
:108ED00065642074696D6520737472696E672074AF
:108EE0006F6F206C6F6E6720666F722070726F7686
:108EF0006964656420627566666572202825752040
:108F00003E3D202575290A004552524F523A2046CF
:108F10006F756E64206F70656E696E672071756F16
:108F2000746520696E202B43434C4B20627574207E
:108F30006E6F20636C6F73696E672071756F7465F7
:108F40002E0A004552524F523A20466F756E6420E9
:108F50002B43434C4B20627574206E6F206F7065FD
:108F60006E696E672071756F74652E0A00455252E6
:108F70004F523A205265636569766564204F4B20F5
:108F8000627574206661696C656420746F20657811
:108F900074726163742074696D652E0A00455252C3
:108FA0004F523A206B5F6D7367715F676574207411
:108FB000696D6564206F7574206F72206661696CDD
:108FC000656420282564290A0041542B43504F46EC
:108FD000002B4E45544F50454E3A20310041542B02
:108FE0004E45544F50454E3F0041542B4E45544F33
:108FF00050454E0041542B4353534C4346473D226A
:1090000073736C76657273696F6E222C20302C330B
:109010000041542B4353534C4346473D22617574E2
:10902000686D6F6465222C302C300041542B434313
:10903000485345543D310041542B43434853544118
:1090400052540041542B43434853534C4346473DED
:10905000302C300041542B4343484F50454E3D3057
:109060002C227075627375622E676F6F676C656115
:109070007069732E636F6D222C3434332C320041AF
:10908000542B4343484F50454E3F0041542B4343DC
:1090900048434C4F53453D300041542B43434853C4
:1090A000544F500041542B4E4554434C4F534500B0
:1090B00041542B43434853454E443D302C202575A5
:1090C000003E004D4F44454D5F4552525F53534C57
:1090D0005F53544F50004D4F44454D5F4552525FD2
:1090E0005044505F53544F50004D4F44454D5F45E1
:1090F00052525F53534C5F5354415254004D4F44AE
:10910000454D5F4552525F5044505F535441525455
:10911000004D4F44454D5F4552525F5443505F539D
:10912000454E44004D4F44454D5F4552525F5443B8
:10913000505F53544F50004D4F44454D5F45525280
:109140005F5443505F5354415254004D4F44454D7A
:109150005F4552525F4845414445525F5345540074
:109160004D4F44454D5F4552525F485454505F54F3
:1091700045524D004D4F44454D5F4552525F485456
:1091800054505F53454E445F4641494C004D4F4457
:10919000454D5F4552525F485454505F53454E44CD
:1091A0005F5354415254004D4F44454D5F45525218
:1091B0005F53534C5F434F4E4E454354004D4F4415
:1091C000454D5F4552525F485454505F52454144AB
:1091D000004D4F44454D5F4552525F485454505FD7
:1091E000504F5354004D4F44454D5F4552525F48D8
:1091F0005454505F444154415F53454E44004D4FD9
:1092000044454D5F4552525F485454505F44415469
:10921000415F4C454E004D4F44454D5F4552525FB6
:10922000485454505F434F4E54454E545F54595028
:1092300045004D4F44454D5F4552525F4854545090
:109240005F55524C004D4F44454D5F4552525F486B
:109250005454505F494E4954004D4F44454D5F456D
:1092600052525F53494D5F50494E004D4F44454D5A
:109270005F4552525F5044505F41435449564154F8
:1092800045004D4F44454D5F4552525F41504E5F42
:10929000534554004D4F44454D5F4552525F435234
:1092A00045475F434845434B004D4F44454D5F455F
:1092B00052525F435245475F534554004D4F44451A
:1092C0004D5F4552525F41545F434F4D4D004D4FEE
:1092D00044454D5F53554343455353005541525404
:1092E0002064657669636520646F6573206E6F74B2
:1092F00020737570706F727420696E746572727508
:1093000070742D64726976656E204150490A002898
:109310006E696C2900303132333435363738394193
:109320004243444546006364635F61636D5F7561FA
:10933000727400757362776F726B71002A2A2A202B
:10934000426F6F74696E67206E524620436F6E6E77
:109350006563742053444B2076322E392E302D37DE
:109360003738376232363439383430202A2A2A0ADC
:10937000002A2A2A205573696E67205A6570687919
:1093800072204F532076332E372E39392D316638DF
:10939000663364633239313432202A2A2A0A006D56
:1093A000757465785F696E69742063616C6C65645F
:1093B0002077697468204E554C4C20706172616D45
:1093C0006574657200436F756C64206E6F74206104
:1093D0006C6C6F63617465206D757465782062656F
:1093E000666F726520696E697469616C697A696E0D
:1093F0006700464C4153485F30005352414D5F3047
:1094000000657869740A0061626F727428290A0025
:1094100000000100000000000000000000FFFFFF4E
:10942000FFFFFF000000000000574553545F544FFA
:10943000504449522F7A65706879722F7375627340
:1094400079732F626C7565746F6F74682F686F73B2
:10945000742F6863695F636F72652E630062745F67
:109460006863695F6576745F6765745F666C616782
:1094700073286864722D3E65767429202620283171
:10948000554C203C3C20283129290041535345525A
:1094900054494F4E204641494C205B25735D204086
:1094A0002025733A25640A006576745F666C6167EF
:1094B000732026202831554C203C3C202830292977
:1094C0000062756600737563636573730009636F8B
:1094D0006D6D616E64206F70636F646520307825F8
:1094E0003034782074696D656F75740A0065727226
:1094F000203D3D20300009436F6E74726F6C6C65C7
:109500007220756E726573706F6E736976652C204C
:10951000636F6D6D616E64206F70636F6465203082
:1095200078253034782074696D656F75742077699B
:109530007468206572722025640A004254205258D3
:1095400020575100030502000A757362645F776F4C
:10955000726B710001000203000101010101636CE3
:109560006F636B4034303030303030300072616EB9
:10957000646F6D40343030306430303000656E746C
:10958000726F70795F62745F68636900637279708B
:10959000746F403530303261303030006770696F41
:1095A000403530303030333030006770696F4035CF
:1095B000303030303030300000010203040506073F
:1095C0007561727440343030303230303000536F57
:1095D000667444657669636520436F6E74726F6C60
:1095E0006C6572204153534552543A2025732C2008
:1095F00025640A0062745F6863695F736463004D89
:1096000050534C204153534552543A2025732C203B
:1096100025640A004D50534C20576F726B000000B8
:109620000000000101000000000000203030303058
:109630003030303030303030303000010000010048
:1096400000006D61696E00737973776F726B7100E2
:109650002A8648CE3D0101002A864886F70D01057D
:109660000D002D2D2D2D2D454E44205253412050BF
:10967000524956415445204B45592D2D2D2D2D0035
:109680002D2D2D2D2D424547494E2052534120501E
:10969000524956415445204B45592D2D2D2D2D0015
:1096A0002D2D2D2D2D454E442045432050524956F9
:1096B000415445204B45592D2D2D2D2D002D2D2D5F
:1096C0002D2D424547494E20454320505249564191
:1096D0005445204B45592D2D2D2D2D002D2D2D2D53
:1096E0002D454E442050524956415445204B455932
:1096F0002D2D2D2D2D002D2D2D2D2D424547494E43
:109700002050524956415445204B45592D2D2D2D61
:109710002D002D2D2D2D2D454E4420454E435259C3
:10972000505445442050524956415445204B4559C8
:109730002D2D2D2D2D002D2D2D2D2D424547494E02
:1097400020454E43525950544544205052495641A9
:109750005445204B45592D2D2D2D2D007273612E12
:109760004E007273612E450065636B65792E510062
:1097700045434453410045435F444800454300523C
:109780005341007365637032353672310002030550
:10979000070B0D1113171D1F25292B2F353B3D439B
:1097A00047494F53596165676B6D717F83898B950D
:1097B000979DA3A7ADB3B5BFC1C5C7D3DFE3E5E9A7
:1097C000EFF1FB0050726F632D547970653A2034CD
:1097D0002C454E43525950544544002A864886F73A
:1097E0000D01050C0043484143484132302D504F94
:1097F0004C59313330350043484143484132300001
:109800004145532D3235362D43434D2A2D4E4F2D94
:10981000544147004145532D3139322D43434D2AA0
:109820002D4E4F2D544147004145532D3132382D97
:1098300043434D2A2D4E4F2D544147004145532D52
:109840003235362D43434D004145532D3139322DAC
:1098500043434D004145532D3132382D43434D0094
:109860004145532D3235362D47434D004145532D4B
:109870003139322D47434D004145532D3132382D7A
:1098800047434D004145532D3235362D4354520048
:109890004145532D3139322D435452004145532D0A
:1098A0003132382D435452004145532D3235362D37
:1098B000434243004145532D3139322D4342430049
:1098C0004145532D3132382D434243004145532DFC
:1098D0003235362D454342004145532D3139322D25
:1098E000454342004145532D3132382D4543420016
:1098F0000B40800A3080092040081C4005144014A9
:109900001400001C2030401C2000001C20304000AF
:109910004006092A864886F70D010101050002026A
:1099200004020402040602060402040606020604F7
:10993000020604060804020402040E0406020A02D7
:109940000606040606020A0204020C0C04020406BF
:10995000020A060606020604020A0E0402040E06A5
:109960000A02040608060604060804080A020A0297
:10997000060406080402040C08040804060C02127B
:10998000060A060602060A060602060604020C0A73
:1099900002040606020C0406080A080A0806060461
:1099A00008060408040E0A0C020A0204020A0E0445
:1099B00002040E0402041404080A080406060E0435
:1099C000060608060001000002032A864886F70DF5
:1099D0000207002A864886F70D0208002A86488674
:1099E000F70D0209002A864886F70D020A002A862A
:1099F0004886F70D020B002B0E03021A0060864802
:109A00000165030402040060864801650304020145
:109A10000060864801650304020200608648016513
:109A200003040203002B0E030207002A864886F770
:109A30000D0307006086480165030401020060868B
:109A400048016503040116006086480165030401AE
:109A50002A002A8648CE3D030107002A864886F759
:109A60000D010101002A8648CE3D0201002B810430
:109A7000010C002A864886F70D010105002A864858
:109A800086F70D01010E002A864886F70D01010BAD
:109A9000002A864886F70D01010C002A864886F7C1
:109AA0000D01010D002B0E03021D002A8648CE3D3C
:109AB0000401002A8648CE3D040301002A8648CED0
:109AC0003D040302002A8648CE3D040303002A8693
:109AD00048CE3D040304002A864886F70D01010A9A
:109AE00000551D1300551D0F00551D2500551D1156
:109AF000006086480186F842010100551D2000558E
:109B00001D0E00551D230055040300434E0055044F
:109B10000600550407005504080055040A004F00CC
:109B200055040B004F55002A864886F70D010901A0
:109B300000656D61696C41646472657373005504FE
:109B4000050073657269616C4E756D6265720055D2
:109B5000041000706F7374616C4164647265737398
:109B60000055041100706F7374616C436F6465007D
:109B700055040400534E0055042A00474E00550476
:109B80002B00696E697469616C730055042C006761
:109B9000656E65726174696F6E5175616C69666935
:109BA00065720055040C007469746C650055042ED0
:109BB00000646E5175616C69666965720055044197
:109BC0000070736575646F6E796D000992268993D4
:109BD000F22C64010100756964000992268993F2F0
:109BE0002C6401190044430055042D00756E697101
:109BF00075654964656E7469666965720000202048
:109C0000202020202020202828282828202020202C
:109C100020202020202020202020202020208810EC
:109C2000101010101010101010101010101004044C
:109C30000404040404040404101010101010104153
:109C400041414141410101010101010101010101C4
:109C50000101010101010101011010101010104259
:109C60004242424242020202020202020202020294
:109C70000202020202020202021010101020000072
:109C800000000000000000000000000000000000D4
:109C900000000000000000000000000000000000C4
:109CA00000000000000000000000000000000000B4
:109CB00000000000000000000000000000000000A4
:109CC0000000000000000000000000000000000094
:109CD0000000000000000000000000000000000084
:109CE0000000000000000000000000000000000074
:109CF00000000000000000000000000000005245CD
:109D0000454E54206D616C6C6F63207375636365A1
:109D100065646564002F5F5F772F5F74656D702FDA
:109D2000776F726B73706163652F6275696C642FF6
:109D30002E6275696C642F484F53542D7838365F06
:109D400036342D7736342D6D696E677733322F6157
:109D5000726D2D7A65706879722D656162692F73F5
:109D600072632F6E65776C69622D6E616E6F2F6EF8
:109D700065776C69622F6C6962632F74696D652FFA
:109D8000676D74696D652E6300232D302B2000688C
:109D90006C4C0065666745464700494E4600696E53
:109DA00066004E414E006E616E0030313233343504
:109DB0003637383961626364656600545A00474D2E
:109DC00054002531305B5E302D392C2B2D5D256EF6
:109DD000004D256875256E2E256875256E2E256823
:109DE00075256E002F256875256E3A256875256ED8
:109DF0003A256875256E002C2066756E6374696F50
:109E00006E3A2000617373657274696F6E2022254B
:109E10007322206661696C65643A2066696C65200E
:109E2000222573222C206C696E65202564257325FC
:109E3000730A00496E66696E697479004E614E005E
:109E40002F5F5F772F5F74656D702F776F726B7305
:109E5000706163652F6275696C642F2E6275696C21
:109E6000642F484F53542D7838365F36342D77366B
:109E7000342D6D696E677733322F61726D2D7A657F
:109E8000706879722D656162692F7372632F6E65D8
:109E9000776C69622D6E616E6F2F6E65776C69628B
:109EA0002F6C6962632F7374646C69622F64746FC2
:109EB000612E630042616C6C6F6320737563636530
:109EC00065646564002F5F5F772F5F74656D702F29
:109ED000776F726B73706163652F6275696C642F45
:109EE0002E6275696C642F484F53542D7838365F55
:109EF00036342D7736342D6D696E677733322F61A6
:109F0000726D2D7A65706879722D656162692F7343
:109F100072632F6E65776C69622D6E616E6F2F6E46
:109F200065776C69622F6C6962632F7374646C6906
:109F3000622F6764746F612D6765746865782E633E
:109F400000504F534958002F5F5F772F5F74656D46
:109F5000702F776F726B73706163652F6275696CB8
:109F6000642F2E6275696C642F484F53542D7838D6
:109F7000365F36342D7736342D6D696E6777333220
:109F80002F61726D2D7A65706879722D65616269D5
:109F90002F7372632F6E65776C69622D6E616E6FC1
:109FA0002F6E65776C69622F6C6962632F737464BE
:109FB0006C69622F6D707265632E6300412D46617E
:109FC0002D66383930313233343536375D002B2D3C
:109FD000007858002D79A1C86A40B73CF674F90B97
:109FE00022D3C480747282BA00FFFFFFFF1F006497
:109FF0007261676F6F6E2F6C6962732F7363686530
:10A0000064756C696E672F7372632F72656D5F681C
:10A01000616C5F6576656E745F74696D65722E63E1
:10A0200000000000FFFFFFFFFF1F00001F000000F7
:10A03000000000007F00000000000000DD40000084
:10A0400000000000FFFFFFFF1FFF0000BAABBABA1D
:10A050001010101000000000008000400000000000
:10A06000000000000C0000000000000000FF7F0066
:10A0700000000000C55400000D570000F3D600009A
:10A0800081570000F3D60000F3D60000F3D600009D
:10A09000F3D60000F3D60000B55A0000F3D6000056
:10A0A000F3D60000F3D60000F554000051D70000AD
:10A0B0003FD7000079D700006BD70000E95A0000B5
:10A0C0001D56000051580000840000208800002028
:10A0D000500000209800002090000020AD560000A5
:10A0E000395500003157000067D7000061E30000D8
:10A0F000000000004BE30000000000000000000032
:10A10000E00000201DE6000023E6000025E6000038
:10A110004FE6000029E6000059E600002FE60000A7
:10A1200065E6000035E600006BE6000037E600005B
:10A1300045E6000049E600003BE6000041E600007D
:10A1400055E600005FE6000000000000000000008F
:10A1500000000000000000000000000000000000FF
:10A1600000000000000000000000000000000000EF
:10A1700000000000000000000000000000000000DF
:10A1800000000000000000000000000000000000CF
:10A1900000000000000000000000000000000000BF
:10A1A00000000000000000000000000000000000AF
:10A1B000000000000000000000000000000000009F
:10A1C000000000000000000000000000000000008F
:10A1D0000000000000000000A4060020840600200B
:10A1E00000C20100000008000000000000000000A4
:10A1F000000000000000000000000000000000005F
:10A20000000000000000000000000000000000004E
:10A21000000000000000000000000000000000003E
:10A22000000000000000000000000000000000002E
:10A23000000000000000000000000000000000001E
:10A24000000000000000000000000000000000000E
:10A2500000000000000000000000000000000000FE
:10A2600000000000000000000000000000000000EE
:10A2700000000000000000000000000000000000DE
:10A2800000000000000000000000000000000000CE
:10A2900000000000000000000000000000000000BE
:10A2A00000000000000000000000000000000000AE
:10A2B000000000000000000000000000000000009E
:10A2C00000000000FD680100000000000000000028
:10A2D000000000000000000000000000000000007E
:10A2E000000000000000000000000000000000006E
:10A2F000000000000000000000000000000000005E
:10A30000000000000000000000000000000000004D
:10A31000000000000000000000000000000000003D
:10A320000000000000000000305F0300010000009A
:10A33000000000004A0000000000000000000000D3
:10A34000000000000000000000000000000000000D
:10A350000000000000000000000000004A000000B3
:10A3600000000000000000000000000000000000ED
:10A3700000000000000000000000000000000000DD
:10A3800000000000D97F0300EB7F0300FD7F030086
:10A390000F80030021800300456002005560020029
:10A3A000AD6F0200E3EA02000000000064690300F0
:10A3B0000100000090030020900300200000000036
:10A3C000000000000E000000A4030020A4030020F1
:10A3D00000000000000000000000000064690300AD
:10A3E00001000000C0030020C003002000000000A6
:10A3F000000000000E000000D4030020D403002061
:10A40000000000000000000000000000646903007C
:10A4100001000000F0030020F00300200000000015
:10A42000000000000E0000000404002004040020CE
:10A43000000000000000000000000000000000001C
:10A44000000000000000000000000000000000000C
:10A4500000000000000000000000000000000000FC
:10A4600000000000000000000000000000000000EC
:10A4700000000000000000000000000000000000DC
:10A4800000000000000000000000000000000000CC
:10A4900000000000000000000000000000000000BC
:10A4A00000000000000000000000000000000000AC
:10A4B000000000000000000000000000000000009C
:10A4C000000000000000000000000000000000008C
:10A4D000000000000000000000000000000000007C
:10A4E000000000000000000000000000000000006C
:10A4F000000000000000000000000000000000005C
:10A50000000000000000000000000000000000004B
:10A51000000000000000000000000000000000003B
:10A52000000000000000000000000000000000002B
:10A53000000000000000000000000000000000001B
:10A54000000000000000000000000000000000000B
:10A5500000000000000000000000000000000000FB
:10A5600000000000000000000000000000000000EB
:10A5700000000000000000000000000000000000DB
:10A5800000000000000000000000000000000000CB
:10A5900000000000000000000000000000000000BB
:10A5A00000000000000000000000000000000000AB
:10A5B000000000000000000000000000000000009B
:10A5C000000000000000000000000000000000008B
:10A5D000000000000000000000000000000000007B
:10A5E000000000000000000000000000000000006B
:10A5F000000000000000000000000000000000005B
:10A60000000000000000000000000000000000004A
:10A61000000000000000000000000000000000003A
:10A62000000000000000000000000000000000002A
:10A63000000000000000000000000000000000001A
:10A64000000000000000000000000000000000000A
:10A6500000000000000000000000000000000000FA
:10A6600000000000000000000000000000000000EA
:10A6700000000000000000000000000000000000DA
:10A6800000000000000000000000000000000000CA
:10A6900000000000000000000000000000000000BA
:10A6A000000000000000000070AF03200000000068
:10A6B000000000000000000000000000000000009A
:10A6C000000000000004000070B303200000000040
:10A6D000000000000000000000000000000000007A
:10A6E00000000000000400007D4A0100800000001E
:10A6F00025480100000000002548010080000000FE
:10A70000B40B00203A000000A00B00203A0000002B
:10A71000640B00203A0000008C0B00203A0000007F
:10A72000C80B00203A000000500B00203A00000047
:10A73000DC0B00203A00000053F202001807002052
:10A7400018070020200700202007002028070020ED
:10A75000280700200000000025F40200000000008F
:10A7600000000000000000003D600100000000004B
:10A770000000000060070020000000000000000052
:10A780000000000000000000000000002A38012046
:10A790002000000000000000000000000000000099
:10A7A00000000000000000000000000000000000A9
:10A7B0000000000000000000000000000000000099
:10A7C0000000000000000000000000000000000089
:10A7D0000000000000000000000000000000000079
:10A7E0000000000000000000000000000000000069
:10A7F0000000000000000000000000000000000059
:10A80000000000000000000008000000FF00000041
:10A81000000000000300000000000000FFFF010036
:10A82000FC070020FC0700207B18030077180300BA
:10A83000C47403001C740300C87303009C730300FA
:10A84000587403007D4F0300712F0200652F020032
:10A85000592F02004D2F020000000000C12F0200FE
:10A860007808002070080020680800200000000020
:10A870006008002081310200CD3002000131020069
:10A88000493102009C8A00203A00003AA08A002048
:10A890003A00003AA48A00203A00003AA88A002030
:10A8A0003A00003A3C9200208C0800204C0800201E
:10A8B00044080020400800203C0800209C0800209C
:10A8C00000000000947803007478030054780300BB
:10A8D0000000000000000000000000000000000078
:10A8E0000000000000000000000000000000000068
:10A8F0000000000000000000000000000000000058
:10A900000000000000000000000000000000000047
:10A910000000000000000000000000000000000037
:10A92000BE9D0300BE9D0300430000000000000028
:10A930000000000000000000000000000000000017
:10A9400000000000000000004300000000000000C4
:10A9500000000000000000000000000000000000F7
:10A9600000000000000000004300000000000000A4
:10A9700000000000000000000000000000000000D7
:10A980000000000000000000430000000000000084
:10A9900000000000000000000000000000000000B7
:10A9A0000000000000000000430000000000000064
:10A9B0000000000000000000000000000000000097
:10A9C0000000000000000000430000000000000044
:10A9D0000000000000000000000000000000000077
:10A9E0000000000000000000430000000000000024
:10A9F0000000000000000000000000000000000057
:10AA00000000000000000000655D0300CB5803005B
:10AA100000000000FD9B0300AF9B0300649A03004D
:10AA2000649A0300649A0300649A0300649A030022
:10AA3000649A0300649A0300649A0300649A030012
:10AA4000FFFFFFFFFFFFFFFFFFFFFFFFFFFF000014
:10AA5000010041534349490000000000000000008C
:10AA600000000000000000000000000000000000E6
:10AA7000000041534349490000000000000000006D
:10AA800000000000000000000000000000000000C6
:10AA90000000000000016000300000000000000025
:10AAA0004142434445464748494A4B4C4D4E4F501E
:10AAB0005152535455565758595A616263646566EA
:10AAC0006768696A6B6C6D6E6F707172737475769E
:10AAD0007778797A303132333435363738392D5FFB
:10AAE000FF00000000000000000000000000000067
:10AAF00000000000D00A0020D00A0020F0AC0320A3
:10AB00000000000020000000140000000000000011
:10AB10000000000040EC0120009001000000000057
:10AB200000000000000B0020000B002000000000CF
:10AB3000000000000E000000140B0020140B002089
:10AB400000000000000000000E000000280B0020A4
:10AB5000280B002000000000000000000E00000094
:10AB60003C0B00203C0B0020000000000000000017
:10AB70000E000000500B0020500B002000000000D1
:10AB8000000000000E000000640B0020640B002099
:10AB900000000000000000000E000000780B002004
:10ABA000780B002000000000000000000E000000F4
:10ABB0008C0B00208C0B0020000000000000000027
:10ABC0000E000000A00B0020A00B002000000000E1
:10ABD000000000000E000000B40B0020B40B0020A9
:10ABE00000000000000000000E000000C80B002064
:10ABF000C80B002000000000000000000E00000054
:10AC0000DC0B0020DC0B0020000000000000000036
:10AC10000E000000F00B0020F00B002000000000F0
:10AC2000000000000E000000040C0020040C0020B6
:10AC3000300000000A000000407C0320207E03203A
:10AC4000407C0320407C032000000000280C0020F2
:10AC5000280C002000000000340C0020340C0020E0
:10AC6000000400000A000000207E032020A603202C
:10AC7000207E0320207E032000000000580C0020CE
:10AC8000580C002000000000640C0020640C002020
:10AC90000100000001000000740C0020740C002072
:10ACA0007C0C00207C0C0020010000000100000052
:10ACB0008C0C00208C0C0020000000000000000024
:10ACC0009C0C00209C0C0020A40C0020A40C002054
:10ACD0000000000000000000B40C0020B40C0020B4
:10ACE000BC0C0020BC0C002003000300010000008D
:10ACF000000000002C6A0300B4AA0320000000003A
:10AD000000000000E00C0020E00C0020E80C002017
:10AD1000E80C00200200020001000000000000001A
:10AD20007C6A0300B8AC03200000000000000000B3
:10AD30000C0D00200C0D0020140D0020140D00201F
:10AD40000A000A0006000000000000001C6A030060
:10AD5000E8A803200000000000000000380D0020DB
:10AD6000380D0020400D0020400D002001000100A2
:10AD700001000000000000003C6A03000CAC03204E
:10AD800012010002EF020140E32F0001070301025C
:10AD9000030109020000000100C032080B0002029A
:10ADA0000200000904000001020200000524001056
:10ADB0000105240102010424020205240600010702
:10ADC00005800310000A09040100020A00000007C0
:10ADD000058002400000070500024000000403094E
:10ADE000040E035A4550485952000000000000105C
:10ADF000035553422D444556000000000000002238
:10AE000003303132333435363738394142434445E3
:10AE100046000000000000000000000000000000EC
:03AE20000000002F
:10AE2400000000007F0D0020D5F00200454D010018
:10AE3400194A0100000000000000000003000000A7
:08AE4400C406002015E015E032
:00000001FF
