ISO-10303-21;
HEADER;
/* Generated by software containing ST-Developer
 * from STEP Tools, Inc. (www.steptools.com) 
 */

FILE_DESCRIPTION(
/* description */ (''),
/* implementation_level */ '2;1');

FILE_NAME(
/* name */ 'CASE FINAL FINAL FINAL.step',
/* time_stamp */ '2025-06-03T11:43:04+03:00',
/* author */ (''),
/* organization */ (''),
/* preprocessor_version */ 'ST-DEVELOPER v20.1',
/* originating_system */ 'Autodesk Translation Framework v14.10.0.0',
/* authorisation */ '');

FILE_SCHEMA (('AUTOMOTIVE_DESIGN { 1 0 10303 214 3 1 1 }'));
ENDSEC;

DATA;
#10=MECHANICAL_DESIGN_GEOMETRIC_PRESENTATION_REPRESENTATION('',(#27,#28,
#29),#3112);
#11=ITEM_DEFINED_TRANSFORMATION($,$,#1832,#2027);
#12=ITEM_DEFINED_TRANSFORMATION($,$,#1849,#2028);
#13=(
REPRESENTATION_RELATIONSHIP($,$,#3126,#3125)
REPRESENTATION_RELATIONSHIP_WITH_TRANSFORMATION(#11)
SHAPE_REPRESENTATION_RELATIONSHIP()
);
#14=(
REPRESENTATION_RELATIONSHIP($,$,#3127,#3125)
REPRESENTATION_RELATIONSHIP_WITH_TRANSFORMATION(#12)
SHAPE_REPRESENTATION_RELATIONSHIP()
);
#15=CONTEXT_DEPENDENT_SHAPE_REPRESENTATION(#13,#3123);
#16=CONTEXT_DEPENDENT_SHAPE_REPRESENTATION(#14,#3124);
#17=NEXT_ASSEMBLY_USAGE_OCCURRENCE('Battery Mount Holder:1',
'Battery Mount Holder:1','Battery Mount Holder:1',#3129,#3130,
'Battery Mount Holder:1');
#18=NEXT_ASSEMBLY_USAGE_OCCURRENCE('box:1','box:1','box:1',#3129,#3131,
'box:1');
#19=TOROIDAL_SURFACE('',#1868,9.00000000000002,3.);
#20=TOROIDAL_SURFACE('',#1874,9.00000000000001,3.);
#21=TOROIDAL_SURFACE('',#1880,8.99999999999998,3.);
#22=TOROIDAL_SURFACE('',#1886,9.00000000000002,3.);
#23=SHAPE_REPRESENTATION_RELATIONSHIP('SRR','None',#3126,#25);
#24=SHAPE_REPRESENTATION_RELATIONSHIP('SRR','None',#3127,#26);
#25=ADVANCED_BREP_SHAPE_REPRESENTATION('',(#30,#31),#3110);
#26=ADVANCED_BREP_SHAPE_REPRESENTATION('',(#32),#3111);
#27=STYLED_ITEM('',(#3144),#30);
#28=STYLED_ITEM('',(#3144),#31);
#29=STYLED_ITEM('',(#3144),#32);
#30=MANIFOLD_SOLID_BREP('Body2',#1805);
#31=MANIFOLD_SOLID_BREP('Body3',#1806);
#32=MANIFOLD_SOLID_BREP('Body2',#1807);
#33=FACE_BOUND('',#224,.T.);
#34=FACE_BOUND('',#226,.T.);
#35=FACE_BOUND('',#230,.T.);
#36=FACE_BOUND('',#232,.T.);
#37=FACE_BOUND('',#272,.T.);
#38=FACE_BOUND('',#276,.T.);
#39=FACE_BOUND('',#287,.T.);
#40=FACE_BOUND('',#290,.T.);
#41=FACE_BOUND('',#293,.T.);
#42=FACE_BOUND('',#296,.T.);
#43=FACE_BOUND('',#298,.T.);
#44=FACE_BOUND('',#299,.T.);
#45=FACE_BOUND('',#300,.T.);
#46=FACE_BOUND('',#301,.T.);
#47=FACE_BOUND('',#302,.T.);
#48=FACE_BOUND('',#311,.T.);
#49=FACE_BOUND('',#312,.T.);
#50=FACE_BOUND('',#336,.T.);
#51=FACE_BOUND('',#337,.T.);
#52=FACE_BOUND('',#338,.T.);
#53=FACE_BOUND('',#344,.T.);
#54=PLANE('',#1839);
#55=PLANE('',#1840);
#56=PLANE('',#1847);
#57=PLANE('',#1848);
#58=PLANE('',#1850);
#59=PLANE('',#1851);
#60=PLANE('',#1852);
#61=PLANE('',#1853);
#62=PLANE('',#1854);
#63=PLANE('',#1855);
#64=PLANE('',#1859);
#65=PLANE('',#1863);
#66=PLANE('',#1864);
#67=PLANE('',#1891);
#68=PLANE('',#1894);
#69=PLANE('',#1895);
#70=PLANE('',#1899);
#71=PLANE('',#1903);
#72=PLANE('',#1907);
#73=PLANE('',#1911);
#74=PLANE('',#1918);
#75=PLANE('',#1922);
#76=PLANE('',#1923);
#77=PLANE('',#1924);
#78=PLANE('',#1928);
#79=PLANE('',#1929);
#80=PLANE('',#1937);
#81=PLANE('',#1941);
#82=PLANE('',#1945);
#83=PLANE('',#1949);
#84=PLANE('',#1953);
#85=PLANE('',#1957);
#86=PLANE('',#1961);
#87=PLANE('',#1965);
#88=PLANE('',#1966);
#89=PLANE('',#1970);
#90=PLANE('',#1972);
#91=PLANE('',#1973);
#92=PLANE('',#1974);
#93=PLANE('',#1975);
#94=PLANE('',#1976);
#95=PLANE('',#1981);
#96=PLANE('',#1991);
#97=PLANE('',#1994);
#98=PLANE('',#1997);
#99=PLANE('',#1998);
#100=PLANE('',#1999);
#101=PLANE('',#2000);
#102=PLANE('',#2001);
#103=PLANE('',#2002);
#104=PLANE('',#2003);
#105=PLANE('',#2004);
#106=PLANE('',#2005);
#107=PLANE('',#2006);
#108=PLANE('',#2009);
#109=PLANE('',#2012);
#110=PLANE('',#2015);
#111=PLANE('',#2018);
#112=PLANE('',#2020);
#113=PLANE('',#2023);
#114=PLANE('',#2025);
#115=FACE_OUTER_BOUND('',#221,.T.);
#116=FACE_OUTER_BOUND('',#222,.T.);
#117=FACE_OUTER_BOUND('',#223,.T.);
#118=FACE_OUTER_BOUND('',#225,.T.);
#119=FACE_OUTER_BOUND('',#227,.T.);
#120=FACE_OUTER_BOUND('',#228,.T.);
#121=FACE_OUTER_BOUND('',#229,.T.);
#122=FACE_OUTER_BOUND('',#231,.T.);
#123=FACE_OUTER_BOUND('',#233,.T.);
#124=FACE_OUTER_BOUND('',#234,.T.);
#125=FACE_OUTER_BOUND('',#235,.T.);
#126=FACE_OUTER_BOUND('',#236,.T.);
#127=FACE_OUTER_BOUND('',#237,.T.);
#128=FACE_OUTER_BOUND('',#238,.T.);
#129=FACE_OUTER_BOUND('',#239,.T.);
#130=FACE_OUTER_BOUND('',#240,.T.);
#131=FACE_OUTER_BOUND('',#241,.T.);
#132=FACE_OUTER_BOUND('',#242,.T.);
#133=FACE_OUTER_BOUND('',#243,.T.);
#134=FACE_OUTER_BOUND('',#244,.T.);
#135=FACE_OUTER_BOUND('',#245,.T.);
#136=FACE_OUTER_BOUND('',#246,.T.);
#137=FACE_OUTER_BOUND('',#247,.T.);
#138=FACE_OUTER_BOUND('',#248,.T.);
#139=FACE_OUTER_BOUND('',#249,.T.);
#140=FACE_OUTER_BOUND('',#250,.T.);
#141=FACE_OUTER_BOUND('',#251,.T.);
#142=FACE_OUTER_BOUND('',#252,.T.);
#143=FACE_OUTER_BOUND('',#253,.T.);
#144=FACE_OUTER_BOUND('',#254,.T.);
#145=FACE_OUTER_BOUND('',#255,.T.);
#146=FACE_OUTER_BOUND('',#256,.T.);
#147=FACE_OUTER_BOUND('',#257,.T.);
#148=FACE_OUTER_BOUND('',#258,.T.);
#149=FACE_OUTER_BOUND('',#259,.T.);
#150=FACE_OUTER_BOUND('',#260,.T.);
#151=FACE_OUTER_BOUND('',#261,.T.);
#152=FACE_OUTER_BOUND('',#262,.T.);
#153=FACE_OUTER_BOUND('',#263,.T.);
#154=FACE_OUTER_BOUND('',#264,.T.);
#155=FACE_OUTER_BOUND('',#265,.T.);
#156=FACE_OUTER_BOUND('',#266,.T.);
#157=FACE_OUTER_BOUND('',#267,.T.);
#158=FACE_OUTER_BOUND('',#268,.T.);
#159=FACE_OUTER_BOUND('',#269,.T.);
#160=FACE_OUTER_BOUND('',#270,.T.);
#161=FACE_OUTER_BOUND('',#271,.T.);
#162=FACE_OUTER_BOUND('',#273,.T.);
#163=FACE_OUTER_BOUND('',#274,.T.);
#164=FACE_OUTER_BOUND('',#275,.T.);
#165=FACE_OUTER_BOUND('',#277,.T.);
#166=FACE_OUTER_BOUND('',#278,.T.);
#167=FACE_OUTER_BOUND('',#279,.T.);
#168=FACE_OUTER_BOUND('',#280,.T.);
#169=FACE_OUTER_BOUND('',#281,.T.);
#170=FACE_OUTER_BOUND('',#282,.T.);
#171=FACE_OUTER_BOUND('',#283,.T.);
#172=FACE_OUTER_BOUND('',#284,.T.);
#173=FACE_OUTER_BOUND('',#285,.T.);
#174=FACE_OUTER_BOUND('',#286,.T.);
#175=FACE_OUTER_BOUND('',#288,.T.);
#176=FACE_OUTER_BOUND('',#289,.T.);
#177=FACE_OUTER_BOUND('',#291,.T.);
#178=FACE_OUTER_BOUND('',#292,.T.);
#179=FACE_OUTER_BOUND('',#294,.T.);
#180=FACE_OUTER_BOUND('',#295,.T.);
#181=FACE_OUTER_BOUND('',#297,.T.);
#182=FACE_OUTER_BOUND('',#303,.T.);
#183=FACE_OUTER_BOUND('',#304,.T.);
#184=FACE_OUTER_BOUND('',#305,.T.);
#185=FACE_OUTER_BOUND('',#306,.T.);
#186=FACE_OUTER_BOUND('',#307,.T.);
#187=FACE_OUTER_BOUND('',#308,.T.);
#188=FACE_OUTER_BOUND('',#309,.T.);
#189=FACE_OUTER_BOUND('',#310,.T.);
#190=FACE_OUTER_BOUND('',#313,.T.);
#191=FACE_OUTER_BOUND('',#314,.T.);
#192=FACE_OUTER_BOUND('',#315,.T.);
#193=FACE_OUTER_BOUND('',#316,.T.);
#194=FACE_OUTER_BOUND('',#317,.T.);
#195=FACE_OUTER_BOUND('',#318,.T.);
#196=FACE_OUTER_BOUND('',#319,.T.);
#197=FACE_OUTER_BOUND('',#320,.T.);
#198=FACE_OUTER_BOUND('',#321,.T.);
#199=FACE_OUTER_BOUND('',#322,.T.);
#200=FACE_OUTER_BOUND('',#323,.T.);
#201=FACE_OUTER_BOUND('',#324,.T.);
#202=FACE_OUTER_BOUND('',#325,.T.);
#203=FACE_OUTER_BOUND('',#326,.T.);
#204=FACE_OUTER_BOUND('',#327,.T.);
#205=FACE_OUTER_BOUND('',#328,.T.);
#206=FACE_OUTER_BOUND('',#329,.T.);
#207=FACE_OUTER_BOUND('',#330,.T.);
#208=FACE_OUTER_BOUND('',#331,.T.);
#209=FACE_OUTER_BOUND('',#332,.T.);
#210=FACE_OUTER_BOUND('',#333,.T.);
#211=FACE_OUTER_BOUND('',#334,.T.);
#212=FACE_OUTER_BOUND('',#335,.T.);
#213=FACE_OUTER_BOUND('',#339,.T.);
#214=FACE_OUTER_BOUND('',#340,.T.);
#215=FACE_OUTER_BOUND('',#341,.T.);
#216=FACE_OUTER_BOUND('',#342,.T.);
#217=FACE_OUTER_BOUND('',#343,.T.);
#218=FACE_OUTER_BOUND('',#345,.T.);
#219=FACE_OUTER_BOUND('',#346,.T.);
#220=FACE_OUTER_BOUND('',#347,.T.);
#221=EDGE_LOOP('',(#1164,#1165,#1166,#1167));
#222=EDGE_LOOP('',(#1168,#1169,#1170,#1171));
#223=EDGE_LOOP('',(#1172));
#224=EDGE_LOOP('',(#1173));
#225=EDGE_LOOP('',(#1174));
#226=EDGE_LOOP('',(#1175));
#227=EDGE_LOOP('',(#1176,#1177,#1178,#1179));
#228=EDGE_LOOP('',(#1180,#1181,#1182,#1183));
#229=EDGE_LOOP('',(#1184));
#230=EDGE_LOOP('',(#1185));
#231=EDGE_LOOP('',(#1186));
#232=EDGE_LOOP('',(#1187));
#233=EDGE_LOOP('',(#1188,#1189,#1190,#1191,#1192,#1193));
#234=EDGE_LOOP('',(#1194,#1195,#1196,#1197));
#235=EDGE_LOOP('',(#1198,#1199,#1200,#1201));
#236=EDGE_LOOP('',(#1202,#1203,#1204,#1205));
#237=EDGE_LOOP('',(#1206,#1207,#1208,#1209,#1210,#1211));
#238=EDGE_LOOP('',(#1212,#1213,#1214,#1215,#1216,#1217,#1218,#1219,#1220,
#1221));
#239=EDGE_LOOP('',(#1222,#1223,#1224,#1225));
#240=EDGE_LOOP('',(#1226));
#241=EDGE_LOOP('',(#1227,#1228,#1229,#1230));
#242=EDGE_LOOP('',(#1231));
#243=EDGE_LOOP('',(#1232,#1233,#1234,#1235));
#244=EDGE_LOOP('',(#1236,#1237,#1238,#1239));
#245=EDGE_LOOP('',(#1240,#1241,#1242,#1243));
#246=EDGE_LOOP('',(#1244,#1245,#1246,#1247));
#247=EDGE_LOOP('',(#1248,#1249,#1250,#1251));
#248=EDGE_LOOP('',(#1252,#1253,#1254,#1255));
#249=EDGE_LOOP('',(#1256,#1257,#1258,#1259));
#250=EDGE_LOOP('',(#1260,#1261,#1262,#1263));
#251=EDGE_LOOP('',(#1264,#1265,#1266,#1267));
#252=EDGE_LOOP('',(#1268,#1269,#1270,#1271));
#253=EDGE_LOOP('',(#1272,#1273,#1274,#1275));
#254=EDGE_LOOP('',(#1276,#1277,#1278,#1279));
#255=EDGE_LOOP('',(#1280,#1281,#1282,#1283));
#256=EDGE_LOOP('',(#1284,#1285,#1286,#1287,#1288,#1289,#1290,#1291));
#257=EDGE_LOOP('',(#1292,#1293,#1294,#1295));
#258=EDGE_LOOP('',(#1296,#1297,#1298,#1299));
#259=EDGE_LOOP('',(#1300,#1301,#1302,#1303));
#260=EDGE_LOOP('',(#1304,#1305,#1306,#1307));
#261=EDGE_LOOP('',(#1308,#1309,#1310,#1311));
#262=EDGE_LOOP('',(#1312,#1313,#1314,#1315));
#263=EDGE_LOOP('',(#1316,#1317,#1318,#1319));
#264=EDGE_LOOP('',(#1320,#1321,#1322,#1323));
#265=EDGE_LOOP('',(#1324,#1325,#1326,#1327));
#266=EDGE_LOOP('',(#1328,#1329,#1330,#1331));
#267=EDGE_LOOP('',(#1332,#1333,#1334,#1335));
#268=EDGE_LOOP('',(#1336,#1337,#1338,#1339));
#269=EDGE_LOOP('',(#1340,#1341,#1342,#1343));
#270=EDGE_LOOP('',(#1344,#1345,#1346,#1347));
#271=EDGE_LOOP('',(#1348,#1349,#1350,#1351,#1352,#1353,#1354,#1355));
#272=EDGE_LOOP('',(#1356,#1357,#1358,#1359,#1360,#1361,#1362,#1363));
#273=EDGE_LOOP('',(#1364,#1365,#1366,#1367));
#274=EDGE_LOOP('',(#1368,#1369,#1370,#1371));
#275=EDGE_LOOP('',(#1372,#1373,#1374,#1375,#1376,#1377,#1378,#1379));
#276=EDGE_LOOP('',(#1380,#1381,#1382,#1383,#1384,#1385,#1386,#1387));
#277=EDGE_LOOP('',(#1388,#1389,#1390,#1391));
#278=EDGE_LOOP('',(#1392));
#279=EDGE_LOOP('',(#1393,#1394,#1395,#1396));
#280=EDGE_LOOP('',(#1397));
#281=EDGE_LOOP('',(#1398,#1399,#1400,#1401));
#282=EDGE_LOOP('',(#1402));
#283=EDGE_LOOP('',(#1403,#1404,#1405,#1406));
#284=EDGE_LOOP('',(#1407));
#285=EDGE_LOOP('',(#1408,#1409,#1410,#1411));
#286=EDGE_LOOP('',(#1412));
#287=EDGE_LOOP('',(#1413));
#288=EDGE_LOOP('',(#1414,#1415,#1416,#1417));
#289=EDGE_LOOP('',(#1418));
#290=EDGE_LOOP('',(#1419));
#291=EDGE_LOOP('',(#1420,#1421,#1422,#1423));
#292=EDGE_LOOP('',(#1424));
#293=EDGE_LOOP('',(#1425));
#294=EDGE_LOOP('',(#1426,#1427,#1428,#1429));
#295=EDGE_LOOP('',(#1430));
#296=EDGE_LOOP('',(#1431));
#297=EDGE_LOOP('',(#1432,#1433,#1434,#1435,#1436,#1437,#1438,#1439));
#298=EDGE_LOOP('',(#1440,#1441,#1442,#1443,#1444,#1445,#1446,#1447));
#299=EDGE_LOOP('',(#1448));
#300=EDGE_LOOP('',(#1449));
#301=EDGE_LOOP('',(#1450));
#302=EDGE_LOOP('',(#1451));
#303=EDGE_LOOP('',(#1452,#1453,#1454,#1455));
#304=EDGE_LOOP('',(#1456,#1457,#1458,#1459));
#305=EDGE_LOOP('',(#1460,#1461,#1462,#1463));
#306=EDGE_LOOP('',(#1464,#1465,#1466,#1467));
#307=EDGE_LOOP('',(#1468,#1469,#1470,#1471));
#308=EDGE_LOOP('',(#1472,#1473,#1474,#1475,#1476,#1477));
#309=EDGE_LOOP('',(#1478,#1479,#1480,#1481));
#310=EDGE_LOOP('',(#1482,#1483,#1484,#1485,#1486,#1487,#1488,#1489,#1490,
#1491));
#311=EDGE_LOOP('',(#1492));
#312=EDGE_LOOP('',(#1493));
#313=EDGE_LOOP('',(#1494,#1495,#1496,#1497,#1498,#1499,#1500,#1501,#1502,
#1503,#1504,#1505,#1506,#1507,#1508,#1509,#1510,#1511,#1512,#1513,#1514,
#1515,#1516,#1517));
#314=EDGE_LOOP('',(#1518,#1519,#1520,#1521,#1522,#1523));
#315=EDGE_LOOP('',(#1524,#1525,#1526,#1527));
#316=EDGE_LOOP('',(#1528));
#317=EDGE_LOOP('',(#1529,#1530,#1531,#1532));
#318=EDGE_LOOP('',(#1533));
#319=EDGE_LOOP('',(#1534,#1535,#1536,#1537));
#320=EDGE_LOOP('',(#1538,#1539,#1540,#1541));
#321=EDGE_LOOP('',(#1542,#1543,#1544,#1545,#1546,#1547,#1548,#1549));
#322=EDGE_LOOP('',(#1550,#1551,#1552,#1553));
#323=EDGE_LOOP('',(#1554,#1555,#1556,#1557,#1558,#1559,#1560,#1561));
#324=EDGE_LOOP('',(#1562,#1563,#1564,#1565));
#325=EDGE_LOOP('',(#1566,#1567,#1568,#1569));
#326=EDGE_LOOP('',(#1570,#1571,#1572,#1573));
#327=EDGE_LOOP('',(#1574,#1575,#1576,#1577));
#328=EDGE_LOOP('',(#1578,#1579,#1580,#1581));
#329=EDGE_LOOP('',(#1582,#1583,#1584,#1585));
#330=EDGE_LOOP('',(#1586,#1587,#1588,#1589));
#331=EDGE_LOOP('',(#1590,#1591,#1592,#1593));
#332=EDGE_LOOP('',(#1594,#1595,#1596,#1597));
#333=EDGE_LOOP('',(#1598,#1599,#1600,#1601));
#334=EDGE_LOOP('',(#1602,#1603,#1604,#1605));
#335=EDGE_LOOP('',(#1606,#1607,#1608,#1609,#1610,#1611,#1612,#1613));
#336=EDGE_LOOP('',(#1614));
#337=EDGE_LOOP('',(#1615));
#338=EDGE_LOOP('',(#1616,#1617,#1618,#1619));
#339=EDGE_LOOP('',(#1620,#1621,#1622,#1623));
#340=EDGE_LOOP('',(#1624,#1625,#1626,#1627));
#341=EDGE_LOOP('',(#1628,#1629,#1630,#1631,#1632,#1633));
#342=EDGE_LOOP('',(#1634,#1635,#1636,#1637));
#343=EDGE_LOOP('',(#1638,#1639,#1640,#1641));
#344=EDGE_LOOP('',(#1642,#1643,#1644,#1645));
#345=EDGE_LOOP('',(#1646,#1647,#1648,#1649));
#346=EDGE_LOOP('',(#1650,#1651,#1652,#1653));
#347=EDGE_LOOP('',(#1654,#1655,#1656,#1657));
#348=LINE('',#2591,#508);
#349=LINE('',#2597,#509);
#350=LINE('',#2605,#510);
#351=LINE('',#2611,#511);
#352=LINE('',#2619,#512);
#353=LINE('',#2621,#513);
#354=LINE('',#2623,#514);
#355=LINE('',#2625,#515);
#356=LINE('',#2627,#516);
#357=LINE('',#2628,#517);
#358=LINE('',#2631,#518);
#359=LINE('',#2633,#519);
#360=LINE('',#2634,#520);
#361=LINE('',#2637,#521);
#362=LINE('',#2639,#522);
#363=LINE('',#2640,#523);
#364=LINE('',#2643,#524);
#365=LINE('',#2644,#525);
#366=LINE('',#2647,#526);
#367=LINE('',#2648,#527);
#368=LINE('',#2649,#528);
#369=LINE('',#2652,#529);
#370=LINE('',#2654,#530);
#371=LINE('',#2656,#531);
#372=LINE('',#2658,#532);
#373=LINE('',#2660,#533);
#374=LINE('',#2662,#534);
#375=LINE('',#2663,#535);
#376=LINE('',#2668,#536);
#377=LINE('',#2675,#537);
#378=LINE('',#2681,#538);
#379=LINE('',#2683,#539);
#380=LINE('',#2685,#540);
#381=LINE('',#2686,#541);
#382=LINE('',#2692,#542);
#383=LINE('',#2695,#543);
#384=LINE('',#2706,#544);
#385=LINE('',#2707,#545);
#386=LINE('',#2718,#546);
#387=LINE('',#2719,#547);
#388=LINE('',#2730,#548);
#389=LINE('',#2731,#549);
#390=LINE('',#2737,#550);
#391=LINE('',#2740,#551);
#392=LINE('',#2743,#552);
#393=LINE('',#2744,#553);
#394=LINE('',#2747,#554);
#395=LINE('',#2751,#555);
#396=LINE('',#2752,#556);
#397=LINE('',#2759,#557);
#398=LINE('',#2762,#558);
#399=LINE('',#2765,#559);
#400=LINE('',#2767,#560);
#401=LINE('',#2768,#561);
#402=LINE('',#2774,#562);
#403=LINE('',#2777,#563);
#404=LINE('',#2779,#564);
#405=LINE('',#2780,#565);
#406=LINE('',#2786,#566);
#407=LINE('',#2789,#567);
#408=LINE('',#2792,#568);
#409=LINE('',#2794,#569);
#410=LINE('',#2795,#570);
#411=LINE('',#2801,#571);
#412=LINE('',#2804,#572);
#413=LINE('',#2806,#573);
#414=LINE('',#2807,#574);
#415=LINE('',#2813,#575);
#416=LINE('',#2819,#576);
#417=LINE('',#2822,#577);
#418=LINE('',#2824,#578);
#419=LINE('',#2825,#579);
#420=LINE('',#2831,#580);
#421=LINE('',#2833,#581);
#422=LINE('',#2834,#582);
#423=LINE('',#2837,#583);
#424=LINE('',#2839,#584);
#425=LINE('',#2840,#585);
#426=LINE('',#2844,#586);
#427=LINE('',#2848,#587);
#428=LINE('',#2850,#588);
#429=LINE('',#2856,#589);
#430=LINE('',#2860,#590);
#431=LINE('',#2864,#591);
#432=LINE('',#2867,#592);
#433=LINE('',#2872,#593);
#434=LINE('',#2879,#594);
#435=LINE('',#2886,#595);
#436=LINE('',#2893,#596);
#437=LINE('',#2900,#597);
#438=LINE('',#2907,#598);
#439=LINE('',#2914,#599);
#440=LINE('',#2921,#600);
#441=LINE('',#2928,#601);
#442=LINE('',#2931,#602);
#443=LINE('',#2933,#603);
#444=LINE('',#2935,#604);
#445=LINE('',#2937,#605);
#446=LINE('',#2942,#606);
#447=LINE('',#2944,#607);
#448=LINE('',#2946,#608);
#449=LINE('',#2947,#609);
#450=LINE('',#2950,#610);
#451=LINE('',#2952,#611);
#452=LINE('',#2953,#612);
#453=LINE('',#2954,#613);
#454=LINE('',#2958,#614);
#455=LINE('',#2960,#615);
#456=LINE('',#2962,#616);
#457=LINE('',#2963,#617);
#458=LINE('',#2966,#618);
#459=LINE('',#2967,#619);
#460=LINE('',#2972,#620);
#461=LINE('',#2973,#621);
#462=LINE('',#2980,#622);
#463=LINE('',#2981,#623);
#464=LINE('',#2983,#624);
#465=LINE('',#2984,#625);
#466=LINE('',#2990,#626);
#467=LINE('',#2994,#627);
#468=LINE('',#2998,#628);
#469=LINE('',#3002,#629);
#470=LINE('',#3006,#630);
#471=LINE('',#3010,#631);
#472=LINE('',#3014,#632);
#473=LINE('',#3018,#633);
#474=LINE('',#3020,#634);
#475=LINE('',#3021,#635);
#476=LINE('',#3024,#636);
#477=LINE('',#3029,#637);
#478=LINE('',#3033,#638);
#479=LINE('',#3035,#639);
#480=LINE('',#3036,#640);
#481=LINE('',#3041,#641);
#482=LINE('',#3043,#642);
#483=LINE('',#3044,#643);
#484=LINE('',#3045,#644);
#485=LINE('',#3046,#645);
#486=LINE('',#3049,#646);
#487=LINE('',#3051,#647);
#488=LINE('',#3052,#648);
#489=LINE('',#3055,#649);
#490=LINE('',#3057,#650);
#491=LINE('',#3058,#651);
#492=LINE('',#3060,#652);
#493=LINE('',#3061,#653);
#494=LINE('',#3065,#654);
#495=LINE('',#3069,#655);
#496=LINE('',#3070,#656);
#497=LINE('',#3074,#657);
#498=LINE('',#3077,#658);
#499=LINE('',#3078,#659);
#500=LINE('',#3082,#660);
#501=LINE('',#3085,#661);
#502=LINE('',#3086,#662);
#503=LINE('',#3091,#663);
#504=LINE('',#3094,#664);
#505=LINE('',#3097,#665);
#506=LINE('',#3099,#666);
#507=LINE('',#3101,#667);
#508=VECTOR('',#2037,1.58750000000001);
#509=VECTOR('',#2044,4.58750000000001);
#510=VECTOR('',#2055,1.58750000000001);
#511=VECTOR('',#2062,4.58750000000001);
#512=VECTOR('',#2073,10.);
#513=VECTOR('',#2074,10.);
#514=VECTOR('',#2075,10.);
#515=VECTOR('',#2076,10.);
#516=VECTOR('',#2077,10.);
#517=VECTOR('',#2078,10.);
#518=VECTOR('',#2081,10.);
#519=VECTOR('',#2082,10.);
#520=VECTOR('',#2083,10.);
#521=VECTOR('',#2086,10.);
#522=VECTOR('',#2087,10.);
#523=VECTOR('',#2088,10.);
#524=VECTOR('',#2091,10.);
#525=VECTOR('',#2092,10.);
#526=VECTOR('',#2095,10.);
#527=VECTOR('',#2096,10.);
#528=VECTOR('',#2097,10.);
#529=VECTOR('',#2100,10.);
#530=VECTOR('',#2101,10.);
#531=VECTOR('',#2102,10.);
#532=VECTOR('',#2103,10.);
#533=VECTOR('',#2104,10.);
#534=VECTOR('',#2105,10.);
#535=VECTOR('',#2106,10.);
#536=VECTOR('',#2111,1.666);
#537=VECTOR('',#2120,1.666);
#538=VECTOR('',#2127,10.);
#539=VECTOR('',#2128,10.);
#540=VECTOR('',#2129,10.);
#541=VECTOR('',#2130,10.);
#542=VECTOR('',#2135,10.);
#543=VECTOR('',#2138,10.);
#544=VECTOR('',#2151,10.);
#545=VECTOR('',#2152,10.);
#546=VECTOR('',#2165,10.);
#547=VECTOR('',#2166,10.);
#548=VECTOR('',#2179,10.);
#549=VECTOR('',#2180,10.);
#550=VECTOR('',#2189,10.);
#551=VECTOR('',#2192,10.);
#552=VECTOR('',#2195,10.);
#553=VECTOR('',#2196,10.);
#554=VECTOR('',#2199,10.);
#555=VECTOR('',#2204,10.);
#556=VECTOR('',#2205,10.);
#557=VECTOR('',#2212,10.);
#558=VECTOR('',#2215,10.);
#559=VECTOR('',#2218,10.);
#560=VECTOR('',#2219,10.);
#561=VECTOR('',#2220,10.);
#562=VECTOR('',#2227,10.);
#563=VECTOR('',#2230,10.);
#564=VECTOR('',#2231,10.);
#565=VECTOR('',#2232,10.);
#566=VECTOR('',#2237,10.);
#567=VECTOR('',#2240,10.);
#568=VECTOR('',#2243,10.);
#569=VECTOR('',#2244,10.);
#570=VECTOR('',#2245,10.);
#571=VECTOR('',#2252,10.);
#572=VECTOR('',#2255,10.);
#573=VECTOR('',#2256,10.);
#574=VECTOR('',#2257,10.);
#575=VECTOR('',#2264,10.);
#576=VECTOR('',#2271,10.);
#577=VECTOR('',#2274,10.);
#578=VECTOR('',#2275,10.);
#579=VECTOR('',#2276,10.);
#580=VECTOR('',#2283,10.);
#581=VECTOR('',#2286,10.);
#582=VECTOR('',#2287,10.);
#583=VECTOR('',#2290,10.);
#584=VECTOR('',#2291,10.);
#585=VECTOR('',#2292,10.);
#586=VECTOR('',#2297,10.);
#587=VECTOR('',#2302,10.);
#588=VECTOR('',#2305,10.);
#589=VECTOR('',#2310,10.);
#590=VECTOR('',#2313,10.);
#591=VECTOR('',#2316,10.);
#592=VECTOR('',#2319,10.);
#593=VECTOR('',#2324,1.5);
#594=VECTOR('',#2333,1.5);
#595=VECTOR('',#2342,1.5);
#596=VECTOR('',#2351,1.5);
#597=VECTOR('',#2360,2.);
#598=VECTOR('',#2369,2.);
#599=VECTOR('',#2378,2.);
#600=VECTOR('',#2387,2.);
#601=VECTOR('',#2396,10.);
#602=VECTOR('',#2399,10.);
#603=VECTOR('',#2402,10.);
#604=VECTOR('',#2405,10.);
#605=VECTOR('',#2408,10.);
#606=VECTOR('',#2413,10.);
#607=VECTOR('',#2414,10.);
#608=VECTOR('',#2415,10.);
#609=VECTOR('',#2416,10.);
#610=VECTOR('',#2419,10.);
#611=VECTOR('',#2420,10.);
#612=VECTOR('',#2421,10.);
#613=VECTOR('',#2422,10.);
#614=VECTOR('',#2425,10.);
#615=VECTOR('',#2426,10.);
#616=VECTOR('',#2427,10.);
#617=VECTOR('',#2428,10.);
#618=VECTOR('',#2431,10.);
#619=VECTOR('',#2432,10.);
#620=VECTOR('',#2437,10.);
#621=VECTOR('',#2438,10.);
#622=VECTOR('',#2445,10.);
#623=VECTOR('',#2446,10.);
#624=VECTOR('',#2447,10.);
#625=VECTOR('',#2448,10.);
#626=VECTOR('',#2453,10.);
#627=VECTOR('',#2456,10.);
#628=VECTOR('',#2459,10.);
#629=VECTOR('',#2462,10.);
#630=VECTOR('',#2465,10.);
#631=VECTOR('',#2468,10.);
#632=VECTOR('',#2471,10.);
#633=VECTOR('',#2476,10.);
#634=VECTOR('',#2477,10.);
#635=VECTOR('',#2478,10.);
#636=VECTOR('',#2481,1.55);
#637=VECTOR('',#2488,1.54999999999999);
#638=VECTOR('',#2495,10.);
#639=VECTOR('',#2498,10.);
#640=VECTOR('',#2499,10.);
#641=VECTOR('',#2506,10.);
#642=VECTOR('',#2507,10.);
#643=VECTOR('',#2508,10.);
#644=VECTOR('',#2509,10.);
#645=VECTOR('',#2510,10.);
#646=VECTOR('',#2513,10.);
#647=VECTOR('',#2514,10.);
#648=VECTOR('',#2515,10.);
#649=VECTOR('',#2518,10.);
#650=VECTOR('',#2519,10.);
#651=VECTOR('',#2520,10.);
#652=VECTOR('',#2523,10.);
#653=VECTOR('',#2524,10.);
#654=VECTOR('',#2529,10.);
#655=VECTOR('',#2534,10.);
#656=VECTOR('',#2535,10.);
#657=VECTOR('',#2540,10.);
#658=VECTOR('',#2543,10.);
#659=VECTOR('',#2544,10.);
#660=VECTOR('',#2549,10.);
#661=VECTOR('',#2552,10.);
#662=VECTOR('',#2553,10.);
#663=VECTOR('',#2562,10.);
#664=VECTOR('',#2567,10.);
#665=VECTOR('',#2572,10.);
#666=VECTOR('',#2575,10.);
#667=VECTOR('',#2578,10.);
#668=CIRCLE('',#1834,1.58750000000001);
#669=CIRCLE('',#1835,1.58750000000001);
#670=CIRCLE('',#1837,4.58750000000001);
#671=CIRCLE('',#1838,4.58750000000001);
#672=CIRCLE('',#1842,1.58750000000001);
#673=CIRCLE('',#1843,1.58750000000001);
#674=CIRCLE('',#1845,4.58750000000001);
#675=CIRCLE('',#1846,4.58750000000001);
#676=CIRCLE('',#1857,1.666);
#677=CIRCLE('',#1858,1.666);
#678=CIRCLE('',#1861,1.666);
#679=CIRCLE('',#1862,1.666);
#680=CIRCLE('',#1866,3.);
#681=CIRCLE('',#1867,3.);
#682=CIRCLE('',#1869,3.);
#683=CIRCLE('',#1870,9.00000000000002);
#684=CIRCLE('',#1871,12.);
#685=CIRCLE('',#1873,3.);
#686=CIRCLE('',#1875,3.);
#687=CIRCLE('',#1876,9.00000000000001);
#688=CIRCLE('',#1877,12.);
#689=CIRCLE('',#1879,3.);
#690=CIRCLE('',#1881,3.00000000000001);
#691=CIRCLE('',#1882,8.99999999999998);
#692=CIRCLE('',#1883,12.);
#693=CIRCLE('',#1885,3.00000000000001);
#694=CIRCLE('',#1887,9.00000000000002);
#695=CIRCLE('',#1888,12.);
#696=CIRCLE('',#1890,12.);
#697=CIRCLE('',#1893,12.);
#698=CIRCLE('',#1897,5.20000098347662);
#699=CIRCLE('',#1898,5.2000009834766);
#700=CIRCLE('',#1901,5.20000098347663);
#701=CIRCLE('',#1902,5.20000098347663);
#702=CIRCLE('',#1905,4.80000098347663);
#703=CIRCLE('',#1906,4.80000098347663);
#704=CIRCLE('',#1909,4.80000098347666);
#705=CIRCLE('',#1910,4.80000098347662);
#706=CIRCLE('',#1913,5.20000098347662);
#707=CIRCLE('',#1914,5.20000098347662);
#708=CIRCLE('',#1916,4.80000098347663);
#709=CIRCLE('',#1917,4.80000098347662);
#710=CIRCLE('',#1920,4.80000098347664);
#711=CIRCLE('',#1921,4.80000098347664);
#712=CIRCLE('',#1925,5.20000098347662);
#713=CIRCLE('',#1927,5.20000098347665);
#714=CIRCLE('',#1930,2.00000000000001);
#715=CIRCLE('',#1931,1.99999999999999);
#716=CIRCLE('',#1932,2.);
#717=CIRCLE('',#1933,2.);
#718=CIRCLE('',#1935,1.5);
#719=CIRCLE('',#1936,1.5);
#720=CIRCLE('',#1939,1.5);
#721=CIRCLE('',#1940,1.5);
#722=CIRCLE('',#1943,1.5);
#723=CIRCLE('',#1944,1.5);
#724=CIRCLE('',#1947,1.5);
#725=CIRCLE('',#1948,1.5);
#726=CIRCLE('',#1951,2.);
#727=CIRCLE('',#1952,2.);
#728=CIRCLE('',#1955,2.);
#729=CIRCLE('',#1956,2.);
#730=CIRCLE('',#1959,2.);
#731=CIRCLE('',#1960,2.);
#732=CIRCLE('',#1963,2.);
#733=CIRCLE('',#1964,2.);
#734=CIRCLE('',#1967,12.);
#735=CIRCLE('',#1968,12.);
#736=CIRCLE('',#1977,2.);
#737=CIRCLE('',#1978,2.00000000000001);
#738=CIRCLE('',#1979,1.54999999999999);
#739=CIRCLE('',#1980,1.55);
#740=CIRCLE('',#1982,2.00000000000001);
#741=CIRCLE('',#1983,2.);
#742=CIRCLE('',#1984,1.99999999999999);
#743=CIRCLE('',#1985,2.00000000000001);
#744=CIRCLE('',#1986,2.00000362717425);
#745=CIRCLE('',#1987,2.00000362717501);
#746=CIRCLE('',#1988,2.00000362717501);
#747=CIRCLE('',#1989,1.99999929111708);
#748=CIRCLE('',#1990,2.);
#749=CIRCLE('',#1993,1.55);
#750=CIRCLE('',#1996,1.54999999999999);
#751=CIRCLE('',#2008,1.99999929111708);
#752=CIRCLE('',#2011,2.00000362717425);
#753=CIRCLE('',#2014,2.00000362717501);
#754=CIRCLE('',#2017,2.00000362717501);
#755=VERTEX_POINT('',#2588);
#756=VERTEX_POINT('',#2590);
#757=VERTEX_POINT('',#2594);
#758=VERTEX_POINT('',#2596);
#759=VERTEX_POINT('',#2602);
#760=VERTEX_POINT('',#2604);
#761=VERTEX_POINT('',#2608);
#762=VERTEX_POINT('',#2610);
#763=VERTEX_POINT('',#2617);
#764=VERTEX_POINT('',#2618);
#765=VERTEX_POINT('',#2620);
#766=VERTEX_POINT('',#2622);
#767=VERTEX_POINT('',#2624);
#768=VERTEX_POINT('',#2626);
#769=VERTEX_POINT('',#2630);
#770=VERTEX_POINT('',#2632);
#771=VERTEX_POINT('',#2636);
#772=VERTEX_POINT('',#2638);
#773=VERTEX_POINT('',#2642);
#774=VERTEX_POINT('',#2646);
#775=VERTEX_POINT('',#2651);
#776=VERTEX_POINT('',#2653);
#777=VERTEX_POINT('',#2655);
#778=VERTEX_POINT('',#2657);
#779=VERTEX_POINT('',#2659);
#780=VERTEX_POINT('',#2661);
#781=VERTEX_POINT('',#2665);
#782=VERTEX_POINT('',#2667);
#783=VERTEX_POINT('',#2672);
#784=VERTEX_POINT('',#2674);
#785=VERTEX_POINT('',#2679);
#786=VERTEX_POINT('',#2680);
#787=VERTEX_POINT('',#2682);
#788=VERTEX_POINT('',#2684);
#789=VERTEX_POINT('',#2688);
#790=VERTEX_POINT('',#2689);
#791=VERTEX_POINT('',#2691);
#792=VERTEX_POINT('',#2693);
#793=VERTEX_POINT('',#2697);
#794=VERTEX_POINT('',#2698);
#795=VERTEX_POINT('',#2703);
#796=VERTEX_POINT('',#2704);
#797=VERTEX_POINT('',#2709);
#798=VERTEX_POINT('',#2710);
#799=VERTEX_POINT('',#2715);
#800=VERTEX_POINT('',#2716);
#801=VERTEX_POINT('',#2721);
#802=VERTEX_POINT('',#2722);
#803=VERTEX_POINT('',#2727);
#804=VERTEX_POINT('',#2728);
#805=VERTEX_POINT('',#2736);
#806=VERTEX_POINT('',#2738);
#807=VERTEX_POINT('',#2742);
#808=VERTEX_POINT('',#2746);
#809=VERTEX_POINT('',#2750);
#810=VERTEX_POINT('',#2755);
#811=VERTEX_POINT('',#2756);
#812=VERTEX_POINT('',#2758);
#813=VERTEX_POINT('',#2760);
#814=VERTEX_POINT('',#2764);
#815=VERTEX_POINT('',#2766);
#816=VERTEX_POINT('',#2770);
#817=VERTEX_POINT('',#2772);
#818=VERTEX_POINT('',#2776);
#819=VERTEX_POINT('',#2778);
#820=VERTEX_POINT('',#2782);
#821=VERTEX_POINT('',#2783);
#822=VERTEX_POINT('',#2785);
#823=VERTEX_POINT('',#2787);
#824=VERTEX_POINT('',#2791);
#825=VERTEX_POINT('',#2793);
#826=VERTEX_POINT('',#2797);
#827=VERTEX_POINT('',#2799);
#828=VERTEX_POINT('',#2803);
#829=VERTEX_POINT('',#2805);
#830=VERTEX_POINT('',#2809);
#831=VERTEX_POINT('',#2811);
#832=VERTEX_POINT('',#2815);
#833=VERTEX_POINT('',#2817);
#834=VERTEX_POINT('',#2821);
#835=VERTEX_POINT('',#2823);
#836=VERTEX_POINT('',#2827);
#837=VERTEX_POINT('',#2829);
#838=VERTEX_POINT('',#2836);
#839=VERTEX_POINT('',#2838);
#840=VERTEX_POINT('',#2842);
#841=VERTEX_POINT('',#2846);
#842=VERTEX_POINT('',#2852);
#843=VERTEX_POINT('',#2853);
#844=VERTEX_POINT('',#2855);
#845=VERTEX_POINT('',#2857);
#846=VERTEX_POINT('',#2859);
#847=VERTEX_POINT('',#2861);
#848=VERTEX_POINT('',#2863);
#849=VERTEX_POINT('',#2865);
#850=VERTEX_POINT('',#2869);
#851=VERTEX_POINT('',#2871);
#852=VERTEX_POINT('',#2876);
#853=VERTEX_POINT('',#2878);
#854=VERTEX_POINT('',#2883);
#855=VERTEX_POINT('',#2885);
#856=VERTEX_POINT('',#2890);
#857=VERTEX_POINT('',#2892);
#858=VERTEX_POINT('',#2897);
#859=VERTEX_POINT('',#2899);
#860=VERTEX_POINT('',#2904);
#861=VERTEX_POINT('',#2906);
#862=VERTEX_POINT('',#2911);
#863=VERTEX_POINT('',#2913);
#864=VERTEX_POINT('',#2918);
#865=VERTEX_POINT('',#2920);
#866=VERTEX_POINT('',#2925);
#867=VERTEX_POINT('',#2927);
#868=VERTEX_POINT('',#2929);
#869=VERTEX_POINT('',#2940);
#870=VERTEX_POINT('',#2941);
#871=VERTEX_POINT('',#2943);
#872=VERTEX_POINT('',#2945);
#873=VERTEX_POINT('',#2949);
#874=VERTEX_POINT('',#2951);
#875=VERTEX_POINT('',#2956);
#876=VERTEX_POINT('',#2957);
#877=VERTEX_POINT('',#2959);
#878=VERTEX_POINT('',#2961);
#879=VERTEX_POINT('',#2965);
#880=VERTEX_POINT('',#2968);
#881=VERTEX_POINT('',#2971);
#882=VERTEX_POINT('',#2974);
#883=VERTEX_POINT('',#2976);
#884=VERTEX_POINT('',#2979);
#885=VERTEX_POINT('',#2982);
#886=VERTEX_POINT('',#2985);
#887=VERTEX_POINT('',#2987);
#888=VERTEX_POINT('',#2989);
#889=VERTEX_POINT('',#2991);
#890=VERTEX_POINT('',#2993);
#891=VERTEX_POINT('',#2995);
#892=VERTEX_POINT('',#2997);
#893=VERTEX_POINT('',#2999);
#894=VERTEX_POINT('',#3001);
#895=VERTEX_POINT('',#3003);
#896=VERTEX_POINT('',#3005);
#897=VERTEX_POINT('',#3007);
#898=VERTEX_POINT('',#3009);
#899=VERTEX_POINT('',#3011);
#900=VERTEX_POINT('',#3013);
#901=VERTEX_POINT('',#3017);
#902=VERTEX_POINT('',#3019);
#903=VERTEX_POINT('',#3023);
#904=VERTEX_POINT('',#3028);
#905=VERTEX_POINT('',#3040);
#906=VERTEX_POINT('',#3042);
#907=VERTEX_POINT('',#3048);
#908=VERTEX_POINT('',#3050);
#909=VERTEX_POINT('',#3054);
#910=VERTEX_POINT('',#3056);
#911=VERTEX_POINT('',#3064);
#912=VERTEX_POINT('',#3068);
#913=VERTEX_POINT('',#3072);
#914=VERTEX_POINT('',#3076);
#915=VERTEX_POINT('',#3080);
#916=VERTEX_POINT('',#3084);
#917=EDGE_CURVE('',#755,#755,#668,.T.);
#918=EDGE_CURVE('',#755,#756,#348,.T.);
#919=EDGE_CURVE('',#756,#756,#669,.T.);
#920=EDGE_CURVE('',#757,#757,#670,.T.);
#921=EDGE_CURVE('',#757,#758,#349,.T.);
#922=EDGE_CURVE('',#758,#758,#671,.T.);
#923=EDGE_CURVE('',#759,#759,#672,.T.);
#924=EDGE_CURVE('',#759,#760,#350,.T.);
#925=EDGE_CURVE('',#760,#760,#673,.T.);
#926=EDGE_CURVE('',#761,#761,#674,.T.);
#927=EDGE_CURVE('',#761,#762,#351,.T.);
#928=EDGE_CURVE('',#762,#762,#675,.T.);
#929=EDGE_CURVE('',#763,#764,#352,.T.);
#930=EDGE_CURVE('',#765,#763,#353,.T.);
#931=EDGE_CURVE('',#766,#765,#354,.T.);
#932=EDGE_CURVE('',#767,#766,#355,.T.);
#933=EDGE_CURVE('',#768,#767,#356,.T.);
#934=EDGE_CURVE('',#768,#764,#357,.T.);
#935=EDGE_CURVE('',#769,#765,#358,.T.);
#936=EDGE_CURVE('',#769,#770,#359,.T.);
#937=EDGE_CURVE('',#770,#766,#360,.T.);
#938=EDGE_CURVE('',#764,#771,#361,.T.);
#939=EDGE_CURVE('',#772,#768,#362,.T.);
#940=EDGE_CURVE('',#772,#771,#363,.T.);
#941=EDGE_CURVE('',#767,#773,#364,.T.);
#942=EDGE_CURVE('',#773,#770,#365,.T.);
#943=EDGE_CURVE('',#771,#774,#366,.T.);
#944=EDGE_CURVE('',#773,#772,#367,.T.);
#945=EDGE_CURVE('',#774,#769,#368,.T.);
#946=EDGE_CURVE('',#774,#775,#369,.T.);
#947=EDGE_CURVE('',#776,#775,#370,.T.);
#948=EDGE_CURVE('',#777,#776,#371,.T.);
#949=EDGE_CURVE('',#778,#777,#372,.T.);
#950=EDGE_CURVE('',#779,#778,#373,.T.);
#951=EDGE_CURVE('',#780,#779,#374,.T.);
#952=EDGE_CURVE('',#780,#763,#375,.T.);
#953=EDGE_CURVE('',#781,#781,#676,.T.);
#954=EDGE_CURVE('',#781,#782,#376,.T.);
#955=EDGE_CURVE('',#782,#782,#677,.T.);
#956=EDGE_CURVE('',#783,#783,#678,.T.);
#957=EDGE_CURVE('',#783,#784,#377,.T.);
#958=EDGE_CURVE('',#784,#784,#679,.T.);
#959=EDGE_CURVE('',#785,#786,#378,.T.);
#960=EDGE_CURVE('',#787,#786,#379,.T.);
#961=EDGE_CURVE('',#788,#787,#380,.T.);
#962=EDGE_CURVE('',#785,#788,#381,.T.);
#963=EDGE_CURVE('',#789,#790,#680,.T.);
#964=EDGE_CURVE('',#790,#791,#382,.T.);
#965=EDGE_CURVE('',#791,#792,#681,.T.);
#966=EDGE_CURVE('',#792,#789,#383,.T.);
#967=EDGE_CURVE('',#793,#794,#682,.T.);
#968=EDGE_CURVE('',#794,#792,#683,.T.);
#969=EDGE_CURVE('',#791,#793,#684,.T.);
#970=EDGE_CURVE('',#795,#796,#685,.T.);
#971=EDGE_CURVE('',#796,#794,#384,.T.);
#972=EDGE_CURVE('',#793,#795,#385,.T.);
#973=EDGE_CURVE('',#797,#798,#686,.T.);
#974=EDGE_CURVE('',#798,#796,#687,.T.);
#975=EDGE_CURVE('',#795,#797,#688,.T.);
#976=EDGE_CURVE('',#799,#800,#689,.T.);
#977=EDGE_CURVE('',#800,#798,#386,.T.);
#978=EDGE_CURVE('',#797,#799,#387,.T.);
#979=EDGE_CURVE('',#801,#802,#690,.T.);
#980=EDGE_CURVE('',#802,#800,#691,.T.);
#981=EDGE_CURVE('',#799,#801,#692,.T.);
#982=EDGE_CURVE('',#803,#804,#693,.T.);
#983=EDGE_CURVE('',#804,#802,#388,.T.);
#984=EDGE_CURVE('',#801,#803,#389,.T.);
#985=EDGE_CURVE('',#789,#804,#694,.T.);
#986=EDGE_CURVE('',#803,#790,#695,.T.);
#987=EDGE_CURVE('',#805,#795,#390,.T.);
#988=EDGE_CURVE('',#806,#805,#696,.T.);
#989=EDGE_CURVE('',#806,#797,#391,.T.);
#990=EDGE_CURVE('',#807,#793,#392,.T.);
#991=EDGE_CURVE('',#805,#807,#393,.T.);
#992=EDGE_CURVE('',#808,#791,#394,.T.);
#993=EDGE_CURVE('',#807,#808,#697,.T.);
#994=EDGE_CURVE('',#809,#790,#395,.T.);
#995=EDGE_CURVE('',#808,#809,#396,.T.);
#996=EDGE_CURVE('',#810,#811,#698,.T.);
#997=EDGE_CURVE('',#812,#810,#397,.T.);
#998=EDGE_CURVE('',#812,#813,#699,.T.);
#999=EDGE_CURVE('',#813,#811,#398,.T.);
#1000=EDGE_CURVE('',#811,#814,#399,.T.);
#1001=EDGE_CURVE('',#813,#815,#400,.T.);
#1002=EDGE_CURVE('',#815,#814,#401,.T.);
#1003=EDGE_CURVE('',#814,#816,#700,.T.);
#1004=EDGE_CURVE('',#815,#817,#701,.T.);
#1005=EDGE_CURVE('',#817,#816,#402,.T.);
#1006=EDGE_CURVE('',#816,#818,#403,.T.);
#1007=EDGE_CURVE('',#817,#819,#404,.T.);
#1008=EDGE_CURVE('',#819,#818,#405,.T.);
#1009=EDGE_CURVE('',#820,#821,#702,.T.);
#1010=EDGE_CURVE('',#820,#822,#406,.T.);
#1011=EDGE_CURVE('',#823,#822,#703,.T.);
#1012=EDGE_CURVE('',#821,#823,#407,.T.);
#1013=EDGE_CURVE('',#821,#824,#408,.T.);
#1014=EDGE_CURVE('',#825,#823,#409,.T.);
#1015=EDGE_CURVE('',#824,#825,#410,.T.);
#1016=EDGE_CURVE('',#824,#826,#704,.T.);
#1017=EDGE_CURVE('',#827,#825,#705,.T.);
#1018=EDGE_CURVE('',#826,#827,#411,.T.);
#1019=EDGE_CURVE('',#826,#828,#412,.T.);
#1020=EDGE_CURVE('',#829,#827,#413,.T.);
#1021=EDGE_CURVE('',#828,#829,#414,.T.);
#1022=EDGE_CURVE('',#818,#830,#706,.T.);
#1023=EDGE_CURVE('',#819,#831,#707,.T.);
#1024=EDGE_CURVE('',#831,#830,#415,.T.);
#1025=EDGE_CURVE('',#828,#832,#708,.T.);
#1026=EDGE_CURVE('',#833,#829,#709,.T.);
#1027=EDGE_CURVE('',#832,#833,#416,.T.);
#1028=EDGE_CURVE('',#832,#834,#417,.T.);
#1029=EDGE_CURVE('',#835,#833,#418,.T.);
#1030=EDGE_CURVE('',#834,#835,#419,.T.);
#1031=EDGE_CURVE('',#834,#836,#710,.T.);
#1032=EDGE_CURVE('',#837,#835,#711,.T.);
#1033=EDGE_CURVE('',#836,#837,#420,.T.);
#1034=EDGE_CURVE('',#836,#820,#421,.T.);
#1035=EDGE_CURVE('',#822,#837,#422,.T.);
#1036=EDGE_CURVE('',#838,#810,#423,.T.);
#1037=EDGE_CURVE('',#839,#838,#424,.T.);
#1038=EDGE_CURVE('',#839,#812,#425,.T.);
#1039=EDGE_CURVE('',#840,#839,#712,.T.);
#1040=EDGE_CURVE('',#831,#840,#426,.T.);
#1041=EDGE_CURVE('',#841,#838,#713,.T.);
#1042=EDGE_CURVE('',#840,#841,#427,.T.);
#1043=EDGE_CURVE('',#830,#841,#428,.T.);
#1044=EDGE_CURVE('',#842,#843,#714,.T.);
#1045=EDGE_CURVE('',#843,#844,#429,.T.);
#1046=EDGE_CURVE('',#844,#845,#715,.T.);
#1047=EDGE_CURVE('',#845,#846,#430,.T.);
#1048=EDGE_CURVE('',#846,#847,#716,.T.);
#1049=EDGE_CURVE('',#847,#848,#431,.T.);
#1050=EDGE_CURVE('',#848,#849,#717,.T.);
#1051=EDGE_CURVE('',#849,#842,#432,.T.);
#1052=EDGE_CURVE('',#850,#850,#718,.T.);
#1053=EDGE_CURVE('',#850,#851,#433,.T.);
#1054=EDGE_CURVE('',#851,#851,#719,.T.);
#1055=EDGE_CURVE('',#852,#852,#720,.T.);
#1056=EDGE_CURVE('',#852,#853,#434,.T.);
#1057=EDGE_CURVE('',#853,#853,#721,.T.);
#1058=EDGE_CURVE('',#854,#854,#722,.T.);
#1059=EDGE_CURVE('',#854,#855,#435,.T.);
#1060=EDGE_CURVE('',#855,#855,#723,.T.);
#1061=EDGE_CURVE('',#856,#856,#724,.T.);
#1062=EDGE_CURVE('',#856,#857,#436,.T.);
#1063=EDGE_CURVE('',#857,#857,#725,.T.);
#1064=EDGE_CURVE('',#858,#858,#726,.T.);
#1065=EDGE_CURVE('',#858,#859,#437,.T.);
#1066=EDGE_CURVE('',#859,#859,#727,.T.);
#1067=EDGE_CURVE('',#860,#860,#728,.T.);
#1068=EDGE_CURVE('',#860,#861,#438,.T.);
#1069=EDGE_CURVE('',#861,#861,#729,.T.);
#1070=EDGE_CURVE('',#862,#862,#730,.T.);
#1071=EDGE_CURVE('',#862,#863,#439,.T.);
#1072=EDGE_CURVE('',#863,#863,#731,.T.);
#1073=EDGE_CURVE('',#864,#864,#732,.T.);
#1074=EDGE_CURVE('',#864,#865,#440,.T.);
#1075=EDGE_CURVE('',#865,#865,#733,.T.);
#1076=EDGE_CURVE('',#809,#866,#734,.T.);
#1077=EDGE_CURVE('',#866,#867,#441,.T.);
#1078=EDGE_CURVE('',#867,#868,#735,.T.);
#1079=EDGE_CURVE('',#868,#806,#442,.T.);
#1080=EDGE_CURVE('',#866,#803,#443,.T.);
#1081=EDGE_CURVE('',#867,#801,#444,.T.);
#1082=EDGE_CURVE('',#868,#799,#445,.T.);
#1083=EDGE_CURVE('',#869,#870,#446,.T.);
#1084=EDGE_CURVE('',#870,#871,#447,.T.);
#1085=EDGE_CURVE('',#872,#871,#448,.T.);
#1086=EDGE_CURVE('',#869,#872,#449,.T.);
#1087=EDGE_CURVE('',#873,#869,#450,.T.);
#1088=EDGE_CURVE('',#872,#874,#451,.T.);
#1089=EDGE_CURVE('',#874,#848,#452,.T.);
#1090=EDGE_CURVE('',#873,#847,#453,.T.);
#1091=EDGE_CURVE('',#875,#876,#454,.T.);
#1092=EDGE_CURVE('',#877,#875,#455,.T.);
#1093=EDGE_CURVE('',#878,#877,#456,.T.);
#1094=EDGE_CURVE('',#876,#878,#457,.T.);
#1095=EDGE_CURVE('',#876,#879,#458,.T.);
#1096=EDGE_CURVE('',#870,#879,#459,.T.);
#1097=EDGE_CURVE('',#880,#873,#736,.T.);
#1098=EDGE_CURVE('',#880,#776,#737,.T.);
#1099=EDGE_CURVE('',#881,#775,#460,.T.);
#1100=EDGE_CURVE('',#881,#875,#461,.T.);
#1101=EDGE_CURVE('',#882,#882,#738,.T.);
#1102=EDGE_CURVE('',#883,#883,#739,.T.);
#1103=EDGE_CURVE('',#871,#884,#462,.T.);
#1104=EDGE_CURVE('',#884,#878,#463,.T.);
#1105=EDGE_CURVE('',#877,#885,#464,.T.);
#1106=EDGE_CURVE('',#885,#778,#465,.T.);
#1107=EDGE_CURVE('',#777,#886,#740,.T.);
#1108=EDGE_CURVE('',#887,#886,#741,.T.);
#1109=EDGE_CURVE('',#888,#887,#466,.T.);
#1110=EDGE_CURVE('',#889,#888,#742,.T.);
#1111=EDGE_CURVE('',#890,#889,#467,.T.);
#1112=EDGE_CURVE('',#891,#890,#743,.T.);
#1113=EDGE_CURVE('',#892,#891,#468,.T.);
#1114=EDGE_CURVE('',#892,#893,#744,.T.);
#1115=EDGE_CURVE('',#893,#894,#469,.T.);
#1116=EDGE_CURVE('',#894,#895,#745,.T.);
#1117=EDGE_CURVE('',#895,#896,#470,.T.);
#1118=EDGE_CURVE('',#896,#897,#746,.T.);
#1119=EDGE_CURVE('',#897,#898,#471,.T.);
#1120=EDGE_CURVE('',#898,#899,#747,.T.);
#1121=EDGE_CURVE('',#900,#899,#472,.T.);
#1122=EDGE_CURVE('',#874,#900,#748,.T.);
#1123=EDGE_CURVE('',#881,#901,#473,.T.);
#1124=EDGE_CURVE('',#901,#902,#474,.T.);
#1125=EDGE_CURVE('',#902,#885,#475,.T.);
#1126=EDGE_CURVE('',#883,#903,#476,.T.);
#1127=EDGE_CURVE('',#903,#903,#749,.T.);
#1128=EDGE_CURVE('',#882,#904,#477,.T.);
#1129=EDGE_CURVE('',#904,#904,#750,.T.);
#1130=EDGE_CURVE('',#884,#879,#478,.T.);
#1131=EDGE_CURVE('',#901,#780,#479,.T.);
#1132=EDGE_CURVE('',#779,#902,#480,.T.);
#1133=EDGE_CURVE('',#899,#905,#481,.T.);
#1134=EDGE_CURVE('',#905,#906,#482,.T.);
#1135=EDGE_CURVE('',#906,#892,#483,.T.);
#1136=EDGE_CURVE('',#891,#842,#484,.T.);
#1137=EDGE_CURVE('',#900,#849,#485,.T.);
#1138=EDGE_CURVE('',#907,#786,#486,.T.);
#1139=EDGE_CURVE('',#907,#908,#487,.T.);
#1140=EDGE_CURVE('',#908,#787,#488,.T.);
#1141=EDGE_CURVE('',#909,#907,#489,.T.);
#1142=EDGE_CURVE('',#909,#910,#490,.T.);
#1143=EDGE_CURVE('',#910,#908,#491,.T.);
#1144=EDGE_CURVE('',#788,#910,#492,.T.);
#1145=EDGE_CURVE('',#785,#909,#493,.T.);
#1146=EDGE_CURVE('',#898,#911,#494,.T.);
#1147=EDGE_CURVE('',#905,#911,#751,.T.);
#1148=EDGE_CURVE('',#897,#912,#495,.T.);
#1149=EDGE_CURVE('',#911,#912,#496,.T.);
#1150=EDGE_CURVE('',#913,#906,#752,.T.);
#1151=EDGE_CURVE('',#893,#913,#497,.T.);
#1152=EDGE_CURVE('',#914,#913,#498,.T.);
#1153=EDGE_CURVE('',#894,#914,#499,.T.);
#1154=EDGE_CURVE('',#915,#914,#753,.T.);
#1155=EDGE_CURVE('',#895,#915,#500,.T.);
#1156=EDGE_CURVE('',#916,#915,#501,.T.);
#1157=EDGE_CURVE('',#896,#916,#502,.T.);
#1158=EDGE_CURVE('',#912,#916,#754,.T.);
#1159=EDGE_CURVE('',#886,#880,#503,.T.);
#1160=EDGE_CURVE('',#887,#846,#504,.T.);
#1161=EDGE_CURVE('',#888,#845,#505,.T.);
#1162=EDGE_CURVE('',#889,#844,#506,.T.);
#1163=EDGE_CURVE('',#890,#843,#507,.T.);
#1164=ORIENTED_EDGE('',*,*,#917,.F.);
#1165=ORIENTED_EDGE('',*,*,#918,.T.);
#1166=ORIENTED_EDGE('',*,*,#919,.T.);
#1167=ORIENTED_EDGE('',*,*,#918,.F.);
#1168=ORIENTED_EDGE('',*,*,#920,.F.);
#1169=ORIENTED_EDGE('',*,*,#921,.T.);
#1170=ORIENTED_EDGE('',*,*,#922,.T.);
#1171=ORIENTED_EDGE('',*,*,#921,.F.);
#1172=ORIENTED_EDGE('',*,*,#920,.T.);
#1173=ORIENTED_EDGE('',*,*,#917,.T.);
#1174=ORIENTED_EDGE('',*,*,#922,.F.);
#1175=ORIENTED_EDGE('',*,*,#919,.F.);
#1176=ORIENTED_EDGE('',*,*,#923,.F.);
#1177=ORIENTED_EDGE('',*,*,#924,.T.);
#1178=ORIENTED_EDGE('',*,*,#925,.T.);
#1179=ORIENTED_EDGE('',*,*,#924,.F.);
#1180=ORIENTED_EDGE('',*,*,#926,.F.);
#1181=ORIENTED_EDGE('',*,*,#927,.T.);
#1182=ORIENTED_EDGE('',*,*,#928,.T.);
#1183=ORIENTED_EDGE('',*,*,#927,.F.);
#1184=ORIENTED_EDGE('',*,*,#926,.T.);
#1185=ORIENTED_EDGE('',*,*,#923,.T.);
#1186=ORIENTED_EDGE('',*,*,#928,.F.);
#1187=ORIENTED_EDGE('',*,*,#925,.F.);
#1188=ORIENTED_EDGE('',*,*,#929,.F.);
#1189=ORIENTED_EDGE('',*,*,#930,.F.);
#1190=ORIENTED_EDGE('',*,*,#931,.F.);
#1191=ORIENTED_EDGE('',*,*,#932,.F.);
#1192=ORIENTED_EDGE('',*,*,#933,.F.);
#1193=ORIENTED_EDGE('',*,*,#934,.T.);
#1194=ORIENTED_EDGE('',*,*,#935,.F.);
#1195=ORIENTED_EDGE('',*,*,#936,.T.);
#1196=ORIENTED_EDGE('',*,*,#937,.T.);
#1197=ORIENTED_EDGE('',*,*,#931,.T.);
#1198=ORIENTED_EDGE('',*,*,#938,.F.);
#1199=ORIENTED_EDGE('',*,*,#934,.F.);
#1200=ORIENTED_EDGE('',*,*,#939,.F.);
#1201=ORIENTED_EDGE('',*,*,#940,.T.);
#1202=ORIENTED_EDGE('',*,*,#941,.F.);
#1203=ORIENTED_EDGE('',*,*,#932,.T.);
#1204=ORIENTED_EDGE('',*,*,#937,.F.);
#1205=ORIENTED_EDGE('',*,*,#942,.F.);
#1206=ORIENTED_EDGE('',*,*,#943,.F.);
#1207=ORIENTED_EDGE('',*,*,#940,.F.);
#1208=ORIENTED_EDGE('',*,*,#944,.F.);
#1209=ORIENTED_EDGE('',*,*,#942,.T.);
#1210=ORIENTED_EDGE('',*,*,#936,.F.);
#1211=ORIENTED_EDGE('',*,*,#945,.F.);
#1212=ORIENTED_EDGE('',*,*,#929,.T.);
#1213=ORIENTED_EDGE('',*,*,#938,.T.);
#1214=ORIENTED_EDGE('',*,*,#943,.T.);
#1215=ORIENTED_EDGE('',*,*,#946,.T.);
#1216=ORIENTED_EDGE('',*,*,#947,.F.);
#1217=ORIENTED_EDGE('',*,*,#948,.F.);
#1218=ORIENTED_EDGE('',*,*,#949,.F.);
#1219=ORIENTED_EDGE('',*,*,#950,.F.);
#1220=ORIENTED_EDGE('',*,*,#951,.F.);
#1221=ORIENTED_EDGE('',*,*,#952,.T.);
#1222=ORIENTED_EDGE('',*,*,#953,.F.);
#1223=ORIENTED_EDGE('',*,*,#954,.T.);
#1224=ORIENTED_EDGE('',*,*,#955,.T.);
#1225=ORIENTED_EDGE('',*,*,#954,.F.);
#1226=ORIENTED_EDGE('',*,*,#955,.F.);
#1227=ORIENTED_EDGE('',*,*,#956,.F.);
#1228=ORIENTED_EDGE('',*,*,#957,.T.);
#1229=ORIENTED_EDGE('',*,*,#958,.T.);
#1230=ORIENTED_EDGE('',*,*,#957,.F.);
#1231=ORIENTED_EDGE('',*,*,#958,.F.);
#1232=ORIENTED_EDGE('',*,*,#959,.T.);
#1233=ORIENTED_EDGE('',*,*,#960,.F.);
#1234=ORIENTED_EDGE('',*,*,#961,.F.);
#1235=ORIENTED_EDGE('',*,*,#962,.F.);
#1236=ORIENTED_EDGE('',*,*,#963,.T.);
#1237=ORIENTED_EDGE('',*,*,#964,.T.);
#1238=ORIENTED_EDGE('',*,*,#965,.T.);
#1239=ORIENTED_EDGE('',*,*,#966,.T.);
#1240=ORIENTED_EDGE('',*,*,#967,.T.);
#1241=ORIENTED_EDGE('',*,*,#968,.T.);
#1242=ORIENTED_EDGE('',*,*,#965,.F.);
#1243=ORIENTED_EDGE('',*,*,#969,.T.);
#1244=ORIENTED_EDGE('',*,*,#970,.T.);
#1245=ORIENTED_EDGE('',*,*,#971,.T.);
#1246=ORIENTED_EDGE('',*,*,#967,.F.);
#1247=ORIENTED_EDGE('',*,*,#972,.T.);
#1248=ORIENTED_EDGE('',*,*,#973,.T.);
#1249=ORIENTED_EDGE('',*,*,#974,.T.);
#1250=ORIENTED_EDGE('',*,*,#970,.F.);
#1251=ORIENTED_EDGE('',*,*,#975,.T.);
#1252=ORIENTED_EDGE('',*,*,#976,.T.);
#1253=ORIENTED_EDGE('',*,*,#977,.T.);
#1254=ORIENTED_EDGE('',*,*,#973,.F.);
#1255=ORIENTED_EDGE('',*,*,#978,.T.);
#1256=ORIENTED_EDGE('',*,*,#979,.T.);
#1257=ORIENTED_EDGE('',*,*,#980,.T.);
#1258=ORIENTED_EDGE('',*,*,#976,.F.);
#1259=ORIENTED_EDGE('',*,*,#981,.T.);
#1260=ORIENTED_EDGE('',*,*,#982,.T.);
#1261=ORIENTED_EDGE('',*,*,#983,.T.);
#1262=ORIENTED_EDGE('',*,*,#979,.F.);
#1263=ORIENTED_EDGE('',*,*,#984,.T.);
#1264=ORIENTED_EDGE('',*,*,#963,.F.);
#1265=ORIENTED_EDGE('',*,*,#985,.T.);
#1266=ORIENTED_EDGE('',*,*,#982,.F.);
#1267=ORIENTED_EDGE('',*,*,#986,.T.);
#1268=ORIENTED_EDGE('',*,*,#975,.F.);
#1269=ORIENTED_EDGE('',*,*,#987,.F.);
#1270=ORIENTED_EDGE('',*,*,#988,.F.);
#1271=ORIENTED_EDGE('',*,*,#989,.T.);
#1272=ORIENTED_EDGE('',*,*,#972,.F.);
#1273=ORIENTED_EDGE('',*,*,#990,.F.);
#1274=ORIENTED_EDGE('',*,*,#991,.F.);
#1275=ORIENTED_EDGE('',*,*,#987,.T.);
#1276=ORIENTED_EDGE('',*,*,#969,.F.);
#1277=ORIENTED_EDGE('',*,*,#992,.F.);
#1278=ORIENTED_EDGE('',*,*,#993,.F.);
#1279=ORIENTED_EDGE('',*,*,#990,.T.);
#1280=ORIENTED_EDGE('',*,*,#964,.F.);
#1281=ORIENTED_EDGE('',*,*,#994,.F.);
#1282=ORIENTED_EDGE('',*,*,#995,.F.);
#1283=ORIENTED_EDGE('',*,*,#992,.T.);
#1284=ORIENTED_EDGE('',*,*,#966,.F.);
#1285=ORIENTED_EDGE('',*,*,#968,.F.);
#1286=ORIENTED_EDGE('',*,*,#971,.F.);
#1287=ORIENTED_EDGE('',*,*,#974,.F.);
#1288=ORIENTED_EDGE('',*,*,#977,.F.);
#1289=ORIENTED_EDGE('',*,*,#980,.F.);
#1290=ORIENTED_EDGE('',*,*,#983,.F.);
#1291=ORIENTED_EDGE('',*,*,#985,.F.);
#1292=ORIENTED_EDGE('',*,*,#996,.F.);
#1293=ORIENTED_EDGE('',*,*,#997,.F.);
#1294=ORIENTED_EDGE('',*,*,#998,.T.);
#1295=ORIENTED_EDGE('',*,*,#999,.T.);
#1296=ORIENTED_EDGE('',*,*,#1000,.F.);
#1297=ORIENTED_EDGE('',*,*,#999,.F.);
#1298=ORIENTED_EDGE('',*,*,#1001,.T.);
#1299=ORIENTED_EDGE('',*,*,#1002,.T.);
#1300=ORIENTED_EDGE('',*,*,#1003,.F.);
#1301=ORIENTED_EDGE('',*,*,#1002,.F.);
#1302=ORIENTED_EDGE('',*,*,#1004,.T.);
#1303=ORIENTED_EDGE('',*,*,#1005,.T.);
#1304=ORIENTED_EDGE('',*,*,#1006,.F.);
#1305=ORIENTED_EDGE('',*,*,#1005,.F.);
#1306=ORIENTED_EDGE('',*,*,#1007,.T.);
#1307=ORIENTED_EDGE('',*,*,#1008,.T.);
#1308=ORIENTED_EDGE('',*,*,#1009,.F.);
#1309=ORIENTED_EDGE('',*,*,#1010,.T.);
#1310=ORIENTED_EDGE('',*,*,#1011,.F.);
#1311=ORIENTED_EDGE('',*,*,#1012,.F.);
#1312=ORIENTED_EDGE('',*,*,#1013,.F.);
#1313=ORIENTED_EDGE('',*,*,#1012,.T.);
#1314=ORIENTED_EDGE('',*,*,#1014,.F.);
#1315=ORIENTED_EDGE('',*,*,#1015,.F.);
#1316=ORIENTED_EDGE('',*,*,#1016,.F.);
#1317=ORIENTED_EDGE('',*,*,#1015,.T.);
#1318=ORIENTED_EDGE('',*,*,#1017,.F.);
#1319=ORIENTED_EDGE('',*,*,#1018,.F.);
#1320=ORIENTED_EDGE('',*,*,#1019,.F.);
#1321=ORIENTED_EDGE('',*,*,#1018,.T.);
#1322=ORIENTED_EDGE('',*,*,#1020,.F.);
#1323=ORIENTED_EDGE('',*,*,#1021,.F.);
#1324=ORIENTED_EDGE('',*,*,#1022,.F.);
#1325=ORIENTED_EDGE('',*,*,#1008,.F.);
#1326=ORIENTED_EDGE('',*,*,#1023,.T.);
#1327=ORIENTED_EDGE('',*,*,#1024,.T.);
#1328=ORIENTED_EDGE('',*,*,#1025,.F.);
#1329=ORIENTED_EDGE('',*,*,#1021,.T.);
#1330=ORIENTED_EDGE('',*,*,#1026,.F.);
#1331=ORIENTED_EDGE('',*,*,#1027,.F.);
#1332=ORIENTED_EDGE('',*,*,#1028,.F.);
#1333=ORIENTED_EDGE('',*,*,#1027,.T.);
#1334=ORIENTED_EDGE('',*,*,#1029,.F.);
#1335=ORIENTED_EDGE('',*,*,#1030,.F.);
#1336=ORIENTED_EDGE('',*,*,#1031,.F.);
#1337=ORIENTED_EDGE('',*,*,#1030,.T.);
#1338=ORIENTED_EDGE('',*,*,#1032,.F.);
#1339=ORIENTED_EDGE('',*,*,#1033,.F.);
#1340=ORIENTED_EDGE('',*,*,#1034,.F.);
#1341=ORIENTED_EDGE('',*,*,#1033,.T.);
#1342=ORIENTED_EDGE('',*,*,#1035,.F.);
#1343=ORIENTED_EDGE('',*,*,#1010,.F.);
#1344=ORIENTED_EDGE('',*,*,#1036,.F.);
#1345=ORIENTED_EDGE('',*,*,#1037,.F.);
#1346=ORIENTED_EDGE('',*,*,#1038,.T.);
#1347=ORIENTED_EDGE('',*,*,#997,.T.);
#1348=ORIENTED_EDGE('',*,*,#1038,.F.);
#1349=ORIENTED_EDGE('',*,*,#1039,.F.);
#1350=ORIENTED_EDGE('',*,*,#1040,.F.);
#1351=ORIENTED_EDGE('',*,*,#1023,.F.);
#1352=ORIENTED_EDGE('',*,*,#1007,.F.);
#1353=ORIENTED_EDGE('',*,*,#1004,.F.);
#1354=ORIENTED_EDGE('',*,*,#1001,.F.);
#1355=ORIENTED_EDGE('',*,*,#998,.F.);
#1356=ORIENTED_EDGE('',*,*,#1017,.T.);
#1357=ORIENTED_EDGE('',*,*,#1014,.T.);
#1358=ORIENTED_EDGE('',*,*,#1011,.T.);
#1359=ORIENTED_EDGE('',*,*,#1035,.T.);
#1360=ORIENTED_EDGE('',*,*,#1032,.T.);
#1361=ORIENTED_EDGE('',*,*,#1029,.T.);
#1362=ORIENTED_EDGE('',*,*,#1026,.T.);
#1363=ORIENTED_EDGE('',*,*,#1020,.T.);
#1364=ORIENTED_EDGE('',*,*,#1041,.F.);
#1365=ORIENTED_EDGE('',*,*,#1042,.F.);
#1366=ORIENTED_EDGE('',*,*,#1039,.T.);
#1367=ORIENTED_EDGE('',*,*,#1037,.T.);
#1368=ORIENTED_EDGE('',*,*,#1043,.F.);
#1369=ORIENTED_EDGE('',*,*,#1024,.F.);
#1370=ORIENTED_EDGE('',*,*,#1040,.T.);
#1371=ORIENTED_EDGE('',*,*,#1042,.T.);
#1372=ORIENTED_EDGE('',*,*,#1025,.T.);
#1373=ORIENTED_EDGE('',*,*,#1028,.T.);
#1374=ORIENTED_EDGE('',*,*,#1031,.T.);
#1375=ORIENTED_EDGE('',*,*,#1034,.T.);
#1376=ORIENTED_EDGE('',*,*,#1009,.T.);
#1377=ORIENTED_EDGE('',*,*,#1013,.T.);
#1378=ORIENTED_EDGE('',*,*,#1016,.T.);
#1379=ORIENTED_EDGE('',*,*,#1019,.T.);
#1380=ORIENTED_EDGE('',*,*,#1044,.T.);
#1381=ORIENTED_EDGE('',*,*,#1045,.T.);
#1382=ORIENTED_EDGE('',*,*,#1046,.T.);
#1383=ORIENTED_EDGE('',*,*,#1047,.T.);
#1384=ORIENTED_EDGE('',*,*,#1048,.T.);
#1385=ORIENTED_EDGE('',*,*,#1049,.T.);
#1386=ORIENTED_EDGE('',*,*,#1050,.T.);
#1387=ORIENTED_EDGE('',*,*,#1051,.T.);
#1388=ORIENTED_EDGE('',*,*,#1052,.F.);
#1389=ORIENTED_EDGE('',*,*,#1053,.T.);
#1390=ORIENTED_EDGE('',*,*,#1054,.T.);
#1391=ORIENTED_EDGE('',*,*,#1053,.F.);
#1392=ORIENTED_EDGE('',*,*,#1054,.F.);
#1393=ORIENTED_EDGE('',*,*,#1055,.F.);
#1394=ORIENTED_EDGE('',*,*,#1056,.T.);
#1395=ORIENTED_EDGE('',*,*,#1057,.T.);
#1396=ORIENTED_EDGE('',*,*,#1056,.F.);
#1397=ORIENTED_EDGE('',*,*,#1057,.F.);
#1398=ORIENTED_EDGE('',*,*,#1058,.F.);
#1399=ORIENTED_EDGE('',*,*,#1059,.T.);
#1400=ORIENTED_EDGE('',*,*,#1060,.T.);
#1401=ORIENTED_EDGE('',*,*,#1059,.F.);
#1402=ORIENTED_EDGE('',*,*,#1060,.F.);
#1403=ORIENTED_EDGE('',*,*,#1061,.F.);
#1404=ORIENTED_EDGE('',*,*,#1062,.T.);
#1405=ORIENTED_EDGE('',*,*,#1063,.T.);
#1406=ORIENTED_EDGE('',*,*,#1062,.F.);
#1407=ORIENTED_EDGE('',*,*,#1063,.F.);
#1408=ORIENTED_EDGE('',*,*,#1064,.F.);
#1409=ORIENTED_EDGE('',*,*,#1065,.T.);
#1410=ORIENTED_EDGE('',*,*,#1066,.T.);
#1411=ORIENTED_EDGE('',*,*,#1065,.F.);
#1412=ORIENTED_EDGE('',*,*,#1066,.F.);
#1413=ORIENTED_EDGE('',*,*,#1055,.T.);
#1414=ORIENTED_EDGE('',*,*,#1067,.F.);
#1415=ORIENTED_EDGE('',*,*,#1068,.T.);
#1416=ORIENTED_EDGE('',*,*,#1069,.T.);
#1417=ORIENTED_EDGE('',*,*,#1068,.F.);
#1418=ORIENTED_EDGE('',*,*,#1069,.F.);
#1419=ORIENTED_EDGE('',*,*,#1061,.T.);
#1420=ORIENTED_EDGE('',*,*,#1070,.F.);
#1421=ORIENTED_EDGE('',*,*,#1071,.T.);
#1422=ORIENTED_EDGE('',*,*,#1072,.T.);
#1423=ORIENTED_EDGE('',*,*,#1071,.F.);
#1424=ORIENTED_EDGE('',*,*,#1072,.F.);
#1425=ORIENTED_EDGE('',*,*,#1058,.T.);
#1426=ORIENTED_EDGE('',*,*,#1073,.F.);
#1427=ORIENTED_EDGE('',*,*,#1074,.T.);
#1428=ORIENTED_EDGE('',*,*,#1075,.T.);
#1429=ORIENTED_EDGE('',*,*,#1074,.F.);
#1430=ORIENTED_EDGE('',*,*,#1075,.F.);
#1431=ORIENTED_EDGE('',*,*,#1052,.T.);
#1432=ORIENTED_EDGE('',*,*,#988,.T.);
#1433=ORIENTED_EDGE('',*,*,#991,.T.);
#1434=ORIENTED_EDGE('',*,*,#993,.T.);
#1435=ORIENTED_EDGE('',*,*,#995,.T.);
#1436=ORIENTED_EDGE('',*,*,#1076,.T.);
#1437=ORIENTED_EDGE('',*,*,#1077,.T.);
#1438=ORIENTED_EDGE('',*,*,#1078,.T.);
#1439=ORIENTED_EDGE('',*,*,#1079,.T.);
#1440=ORIENTED_EDGE('',*,*,#1022,.T.);
#1441=ORIENTED_EDGE('',*,*,#1043,.T.);
#1442=ORIENTED_EDGE('',*,*,#1041,.T.);
#1443=ORIENTED_EDGE('',*,*,#1036,.T.);
#1444=ORIENTED_EDGE('',*,*,#996,.T.);
#1445=ORIENTED_EDGE('',*,*,#1000,.T.);
#1446=ORIENTED_EDGE('',*,*,#1003,.T.);
#1447=ORIENTED_EDGE('',*,*,#1006,.T.);
#1448=ORIENTED_EDGE('',*,*,#1064,.T.);
#1449=ORIENTED_EDGE('',*,*,#1067,.T.);
#1450=ORIENTED_EDGE('',*,*,#1070,.T.);
#1451=ORIENTED_EDGE('',*,*,#1073,.T.);
#1452=ORIENTED_EDGE('',*,*,#986,.F.);
#1453=ORIENTED_EDGE('',*,*,#1080,.F.);
#1454=ORIENTED_EDGE('',*,*,#1076,.F.);
#1455=ORIENTED_EDGE('',*,*,#994,.T.);
#1456=ORIENTED_EDGE('',*,*,#984,.F.);
#1457=ORIENTED_EDGE('',*,*,#1081,.F.);
#1458=ORIENTED_EDGE('',*,*,#1077,.F.);
#1459=ORIENTED_EDGE('',*,*,#1080,.T.);
#1460=ORIENTED_EDGE('',*,*,#981,.F.);
#1461=ORIENTED_EDGE('',*,*,#1082,.F.);
#1462=ORIENTED_EDGE('',*,*,#1078,.F.);
#1463=ORIENTED_EDGE('',*,*,#1081,.T.);
#1464=ORIENTED_EDGE('',*,*,#978,.F.);
#1465=ORIENTED_EDGE('',*,*,#989,.F.);
#1466=ORIENTED_EDGE('',*,*,#1079,.F.);
#1467=ORIENTED_EDGE('',*,*,#1082,.T.);
#1468=ORIENTED_EDGE('',*,*,#1083,.T.);
#1469=ORIENTED_EDGE('',*,*,#1084,.T.);
#1470=ORIENTED_EDGE('',*,*,#1085,.F.);
#1471=ORIENTED_EDGE('',*,*,#1086,.F.);
#1472=ORIENTED_EDGE('',*,*,#1087,.T.);
#1473=ORIENTED_EDGE('',*,*,#1086,.T.);
#1474=ORIENTED_EDGE('',*,*,#1088,.T.);
#1475=ORIENTED_EDGE('',*,*,#1089,.T.);
#1476=ORIENTED_EDGE('',*,*,#1049,.F.);
#1477=ORIENTED_EDGE('',*,*,#1090,.F.);
#1478=ORIENTED_EDGE('',*,*,#1091,.F.);
#1479=ORIENTED_EDGE('',*,*,#1092,.F.);
#1480=ORIENTED_EDGE('',*,*,#1093,.F.);
#1481=ORIENTED_EDGE('',*,*,#1094,.F.);
#1482=ORIENTED_EDGE('',*,*,#1091,.T.);
#1483=ORIENTED_EDGE('',*,*,#1095,.T.);
#1484=ORIENTED_EDGE('',*,*,#1096,.F.);
#1485=ORIENTED_EDGE('',*,*,#1083,.F.);
#1486=ORIENTED_EDGE('',*,*,#1087,.F.);
#1487=ORIENTED_EDGE('',*,*,#1097,.F.);
#1488=ORIENTED_EDGE('',*,*,#1098,.T.);
#1489=ORIENTED_EDGE('',*,*,#947,.T.);
#1490=ORIENTED_EDGE('',*,*,#1099,.F.);
#1491=ORIENTED_EDGE('',*,*,#1100,.T.);
#1492=ORIENTED_EDGE('',*,*,#1101,.T.);
#1493=ORIENTED_EDGE('',*,*,#1102,.T.);
#1494=ORIENTED_EDGE('',*,*,#1103,.T.);
#1495=ORIENTED_EDGE('',*,*,#1104,.T.);
#1496=ORIENTED_EDGE('',*,*,#1093,.T.);
#1497=ORIENTED_EDGE('',*,*,#1105,.T.);
#1498=ORIENTED_EDGE('',*,*,#1106,.T.);
#1499=ORIENTED_EDGE('',*,*,#949,.T.);
#1500=ORIENTED_EDGE('',*,*,#1107,.T.);
#1501=ORIENTED_EDGE('',*,*,#1108,.F.);
#1502=ORIENTED_EDGE('',*,*,#1109,.F.);
#1503=ORIENTED_EDGE('',*,*,#1110,.F.);
#1504=ORIENTED_EDGE('',*,*,#1111,.F.);
#1505=ORIENTED_EDGE('',*,*,#1112,.F.);
#1506=ORIENTED_EDGE('',*,*,#1113,.F.);
#1507=ORIENTED_EDGE('',*,*,#1114,.T.);
#1508=ORIENTED_EDGE('',*,*,#1115,.T.);
#1509=ORIENTED_EDGE('',*,*,#1116,.T.);
#1510=ORIENTED_EDGE('',*,*,#1117,.T.);
#1511=ORIENTED_EDGE('',*,*,#1118,.T.);
#1512=ORIENTED_EDGE('',*,*,#1119,.T.);
#1513=ORIENTED_EDGE('',*,*,#1120,.T.);
#1514=ORIENTED_EDGE('',*,*,#1121,.F.);
#1515=ORIENTED_EDGE('',*,*,#1122,.F.);
#1516=ORIENTED_EDGE('',*,*,#1088,.F.);
#1517=ORIENTED_EDGE('',*,*,#1085,.T.);
#1518=ORIENTED_EDGE('',*,*,#1092,.T.);
#1519=ORIENTED_EDGE('',*,*,#1100,.F.);
#1520=ORIENTED_EDGE('',*,*,#1123,.T.);
#1521=ORIENTED_EDGE('',*,*,#1124,.T.);
#1522=ORIENTED_EDGE('',*,*,#1125,.T.);
#1523=ORIENTED_EDGE('',*,*,#1105,.F.);
#1524=ORIENTED_EDGE('',*,*,#1102,.F.);
#1525=ORIENTED_EDGE('',*,*,#1126,.T.);
#1526=ORIENTED_EDGE('',*,*,#1127,.T.);
#1527=ORIENTED_EDGE('',*,*,#1126,.F.);
#1528=ORIENTED_EDGE('',*,*,#1127,.F.);
#1529=ORIENTED_EDGE('',*,*,#1101,.F.);
#1530=ORIENTED_EDGE('',*,*,#1128,.T.);
#1531=ORIENTED_EDGE('',*,*,#1129,.T.);
#1532=ORIENTED_EDGE('',*,*,#1128,.F.);
#1533=ORIENTED_EDGE('',*,*,#1129,.F.);
#1534=ORIENTED_EDGE('',*,*,#1096,.T.);
#1535=ORIENTED_EDGE('',*,*,#1130,.F.);
#1536=ORIENTED_EDGE('',*,*,#1103,.F.);
#1537=ORIENTED_EDGE('',*,*,#1084,.F.);
#1538=ORIENTED_EDGE('',*,*,#1131,.T.);
#1539=ORIENTED_EDGE('',*,*,#951,.T.);
#1540=ORIENTED_EDGE('',*,*,#1132,.T.);
#1541=ORIENTED_EDGE('',*,*,#1124,.F.);
#1542=ORIENTED_EDGE('',*,*,#930,.T.);
#1543=ORIENTED_EDGE('',*,*,#952,.F.);
#1544=ORIENTED_EDGE('',*,*,#1131,.F.);
#1545=ORIENTED_EDGE('',*,*,#1123,.F.);
#1546=ORIENTED_EDGE('',*,*,#1099,.T.);
#1547=ORIENTED_EDGE('',*,*,#946,.F.);
#1548=ORIENTED_EDGE('',*,*,#945,.T.);
#1549=ORIENTED_EDGE('',*,*,#935,.T.);
#1550=ORIENTED_EDGE('',*,*,#1106,.F.);
#1551=ORIENTED_EDGE('',*,*,#1125,.F.);
#1552=ORIENTED_EDGE('',*,*,#1132,.F.);
#1553=ORIENTED_EDGE('',*,*,#950,.T.);
#1554=ORIENTED_EDGE('',*,*,#1121,.T.);
#1555=ORIENTED_EDGE('',*,*,#1133,.T.);
#1556=ORIENTED_EDGE('',*,*,#1134,.T.);
#1557=ORIENTED_EDGE('',*,*,#1135,.T.);
#1558=ORIENTED_EDGE('',*,*,#1113,.T.);
#1559=ORIENTED_EDGE('',*,*,#1136,.T.);
#1560=ORIENTED_EDGE('',*,*,#1051,.F.);
#1561=ORIENTED_EDGE('',*,*,#1137,.F.);
#1562=ORIENTED_EDGE('',*,*,#960,.T.);
#1563=ORIENTED_EDGE('',*,*,#1138,.F.);
#1564=ORIENTED_EDGE('',*,*,#1139,.T.);
#1565=ORIENTED_EDGE('',*,*,#1140,.T.);
#1566=ORIENTED_EDGE('',*,*,#1141,.F.);
#1567=ORIENTED_EDGE('',*,*,#1142,.T.);
#1568=ORIENTED_EDGE('',*,*,#1143,.T.);
#1569=ORIENTED_EDGE('',*,*,#1139,.F.);
#1570=ORIENTED_EDGE('',*,*,#962,.T.);
#1571=ORIENTED_EDGE('',*,*,#1144,.T.);
#1572=ORIENTED_EDGE('',*,*,#1142,.F.);
#1573=ORIENTED_EDGE('',*,*,#1145,.F.);
#1574=ORIENTED_EDGE('',*,*,#961,.T.);
#1575=ORIENTED_EDGE('',*,*,#1140,.F.);
#1576=ORIENTED_EDGE('',*,*,#1143,.F.);
#1577=ORIENTED_EDGE('',*,*,#1144,.F.);
#1578=ORIENTED_EDGE('',*,*,#1133,.F.);
#1579=ORIENTED_EDGE('',*,*,#1120,.F.);
#1580=ORIENTED_EDGE('',*,*,#1146,.T.);
#1581=ORIENTED_EDGE('',*,*,#1147,.F.);
#1582=ORIENTED_EDGE('',*,*,#1119,.F.);
#1583=ORIENTED_EDGE('',*,*,#1148,.T.);
#1584=ORIENTED_EDGE('',*,*,#1149,.F.);
#1585=ORIENTED_EDGE('',*,*,#1146,.F.);
#1586=ORIENTED_EDGE('',*,*,#1135,.F.);
#1587=ORIENTED_EDGE('',*,*,#1150,.F.);
#1588=ORIENTED_EDGE('',*,*,#1151,.F.);
#1589=ORIENTED_EDGE('',*,*,#1114,.F.);
#1590=ORIENTED_EDGE('',*,*,#1115,.F.);
#1591=ORIENTED_EDGE('',*,*,#1151,.T.);
#1592=ORIENTED_EDGE('',*,*,#1152,.F.);
#1593=ORIENTED_EDGE('',*,*,#1153,.F.);
#1594=ORIENTED_EDGE('',*,*,#1116,.F.);
#1595=ORIENTED_EDGE('',*,*,#1153,.T.);
#1596=ORIENTED_EDGE('',*,*,#1154,.F.);
#1597=ORIENTED_EDGE('',*,*,#1155,.F.);
#1598=ORIENTED_EDGE('',*,*,#1117,.F.);
#1599=ORIENTED_EDGE('',*,*,#1155,.T.);
#1600=ORIENTED_EDGE('',*,*,#1156,.F.);
#1601=ORIENTED_EDGE('',*,*,#1157,.F.);
#1602=ORIENTED_EDGE('',*,*,#1118,.F.);
#1603=ORIENTED_EDGE('',*,*,#1157,.T.);
#1604=ORIENTED_EDGE('',*,*,#1158,.F.);
#1605=ORIENTED_EDGE('',*,*,#1148,.F.);
#1606=ORIENTED_EDGE('',*,*,#1134,.F.);
#1607=ORIENTED_EDGE('',*,*,#1147,.T.);
#1608=ORIENTED_EDGE('',*,*,#1149,.T.);
#1609=ORIENTED_EDGE('',*,*,#1158,.T.);
#1610=ORIENTED_EDGE('',*,*,#1156,.T.);
#1611=ORIENTED_EDGE('',*,*,#1154,.T.);
#1612=ORIENTED_EDGE('',*,*,#1152,.T.);
#1613=ORIENTED_EDGE('',*,*,#1150,.T.);
#1614=ORIENTED_EDGE('',*,*,#953,.T.);
#1615=ORIENTED_EDGE('',*,*,#956,.T.);
#1616=ORIENTED_EDGE('',*,*,#1145,.T.);
#1617=ORIENTED_EDGE('',*,*,#1141,.T.);
#1618=ORIENTED_EDGE('',*,*,#1138,.T.);
#1619=ORIENTED_EDGE('',*,*,#959,.F.);
#1620=ORIENTED_EDGE('',*,*,#1159,.F.);
#1621=ORIENTED_EDGE('',*,*,#1107,.F.);
#1622=ORIENTED_EDGE('',*,*,#948,.T.);
#1623=ORIENTED_EDGE('',*,*,#1098,.F.);
#1624=ORIENTED_EDGE('',*,*,#1104,.F.);
#1625=ORIENTED_EDGE('',*,*,#1130,.T.);
#1626=ORIENTED_EDGE('',*,*,#1095,.F.);
#1627=ORIENTED_EDGE('',*,*,#1094,.T.);
#1628=ORIENTED_EDGE('',*,*,#1097,.T.);
#1629=ORIENTED_EDGE('',*,*,#1090,.T.);
#1630=ORIENTED_EDGE('',*,*,#1048,.F.);
#1631=ORIENTED_EDGE('',*,*,#1160,.F.);
#1632=ORIENTED_EDGE('',*,*,#1108,.T.);
#1633=ORIENTED_EDGE('',*,*,#1159,.T.);
#1634=ORIENTED_EDGE('',*,*,#1122,.T.);
#1635=ORIENTED_EDGE('',*,*,#1137,.T.);
#1636=ORIENTED_EDGE('',*,*,#1050,.F.);
#1637=ORIENTED_EDGE('',*,*,#1089,.F.);
#1638=ORIENTED_EDGE('',*,*,#1109,.T.);
#1639=ORIENTED_EDGE('',*,*,#1160,.T.);
#1640=ORIENTED_EDGE('',*,*,#1047,.F.);
#1641=ORIENTED_EDGE('',*,*,#1161,.F.);
#1642=ORIENTED_EDGE('',*,*,#939,.T.);
#1643=ORIENTED_EDGE('',*,*,#933,.T.);
#1644=ORIENTED_EDGE('',*,*,#941,.T.);
#1645=ORIENTED_EDGE('',*,*,#944,.T.);
#1646=ORIENTED_EDGE('',*,*,#1110,.T.);
#1647=ORIENTED_EDGE('',*,*,#1161,.T.);
#1648=ORIENTED_EDGE('',*,*,#1046,.F.);
#1649=ORIENTED_EDGE('',*,*,#1162,.F.);
#1650=ORIENTED_EDGE('',*,*,#1111,.T.);
#1651=ORIENTED_EDGE('',*,*,#1162,.T.);
#1652=ORIENTED_EDGE('',*,*,#1045,.F.);
#1653=ORIENTED_EDGE('',*,*,#1163,.F.);
#1654=ORIENTED_EDGE('',*,*,#1112,.T.);
#1655=ORIENTED_EDGE('',*,*,#1163,.T.);
#1656=ORIENTED_EDGE('',*,*,#1044,.F.);
#1657=ORIENTED_EDGE('',*,*,#1136,.F.);
#1658=CYLINDRICAL_SURFACE('',#1833,1.58750000000001);
#1659=CYLINDRICAL_SURFACE('',#1836,4.58750000000001);
#1660=CYLINDRICAL_SURFACE('',#1841,1.58750000000001);
#1661=CYLINDRICAL_SURFACE('',#1844,4.58750000000001);
#1662=CYLINDRICAL_SURFACE('',#1856,1.666);
#1663=CYLINDRICAL_SURFACE('',#1860,1.666);
#1664=CYLINDRICAL_SURFACE('',#1865,3.);
#1665=CYLINDRICAL_SURFACE('',#1872,3.);
#1666=CYLINDRICAL_SURFACE('',#1878,3.);
#1667=CYLINDRICAL_SURFACE('',#1884,3.);
#1668=CYLINDRICAL_SURFACE('',#1889,12.);
#1669=CYLINDRICAL_SURFACE('',#1892,12.);
#1670=CYLINDRICAL_SURFACE('',#1896,5.20000098347662);
#1671=CYLINDRICAL_SURFACE('',#1900,5.20000098347663);
#1672=CYLINDRICAL_SURFACE('',#1904,4.80000098347663);
#1673=CYLINDRICAL_SURFACE('',#1908,4.80000098347666);
#1674=CYLINDRICAL_SURFACE('',#1912,5.20000098347662);
#1675=CYLINDRICAL_SURFACE('',#1915,4.80000098347663);
#1676=CYLINDRICAL_SURFACE('',#1919,4.80000098347664);
#1677=CYLINDRICAL_SURFACE('',#1926,5.20000098347665);
#1678=CYLINDRICAL_SURFACE('',#1934,1.5);
#1679=CYLINDRICAL_SURFACE('',#1938,1.5);
#1680=CYLINDRICAL_SURFACE('',#1942,1.5);
#1681=CYLINDRICAL_SURFACE('',#1946,1.5);
#1682=CYLINDRICAL_SURFACE('',#1950,2.);
#1683=CYLINDRICAL_SURFACE('',#1954,2.);
#1684=CYLINDRICAL_SURFACE('',#1958,2.);
#1685=CYLINDRICAL_SURFACE('',#1962,2.);
#1686=CYLINDRICAL_SURFACE('',#1969,12.);
#1687=CYLINDRICAL_SURFACE('',#1971,12.);
#1688=CYLINDRICAL_SURFACE('',#1992,1.55);
#1689=CYLINDRICAL_SURFACE('',#1995,1.54999999999999);
#1690=CYLINDRICAL_SURFACE('',#2007,1.99999929111708);
#1691=CYLINDRICAL_SURFACE('',#2010,2.00000362717425);
#1692=CYLINDRICAL_SURFACE('',#2013,2.00000362717501);
#1693=CYLINDRICAL_SURFACE('',#2016,2.00000362717501);
#1694=CYLINDRICAL_SURFACE('',#2019,2.00000000000001);
#1695=CYLINDRICAL_SURFACE('',#2021,2.);
#1696=CYLINDRICAL_SURFACE('',#2022,2.);
#1697=CYLINDRICAL_SURFACE('',#2024,1.99999999999999);
#1698=CYLINDRICAL_SURFACE('',#2026,2.00000000000001);
#1699=ADVANCED_FACE('',(#115),#1658,.F.);
#1700=ADVANCED_FACE('',(#116),#1659,.T.);
#1701=ADVANCED_FACE('',(#117,#33),#54,.T.);
#1702=ADVANCED_FACE('',(#118,#34),#55,.F.);
#1703=ADVANCED_FACE('',(#119),#1660,.F.);
#1704=ADVANCED_FACE('',(#120),#1661,.T.);
#1705=ADVANCED_FACE('',(#121,#35),#56,.T.);
#1706=ADVANCED_FACE('',(#122,#36),#57,.F.);
#1707=ADVANCED_FACE('',(#123),#58,.T.);
#1708=ADVANCED_FACE('',(#124),#59,.T.);
#1709=ADVANCED_FACE('',(#125),#60,.T.);
#1710=ADVANCED_FACE('',(#126),#61,.T.);
#1711=ADVANCED_FACE('',(#127),#62,.T.);
#1712=ADVANCED_FACE('',(#128),#63,.T.);
#1713=ADVANCED_FACE('',(#129),#1662,.F.);
#1714=ADVANCED_FACE('',(#130),#64,.F.);
#1715=ADVANCED_FACE('',(#131),#1663,.F.);
#1716=ADVANCED_FACE('',(#132),#65,.F.);
#1717=ADVANCED_FACE('',(#133),#66,.T.);
#1718=ADVANCED_FACE('',(#134),#1664,.T.);
#1719=ADVANCED_FACE('',(#135),#19,.T.);
#1720=ADVANCED_FACE('',(#136),#1665,.T.);
#1721=ADVANCED_FACE('',(#137),#20,.T.);
#1722=ADVANCED_FACE('',(#138),#1666,.T.);
#1723=ADVANCED_FACE('',(#139),#21,.T.);
#1724=ADVANCED_FACE('',(#140),#1667,.T.);
#1725=ADVANCED_FACE('',(#141),#22,.T.);
#1726=ADVANCED_FACE('',(#142),#1668,.T.);
#1727=ADVANCED_FACE('',(#143),#67,.T.);
#1728=ADVANCED_FACE('',(#144),#1669,.T.);
#1729=ADVANCED_FACE('',(#145),#68,.T.);
#1730=ADVANCED_FACE('',(#146),#69,.F.);
#1731=ADVANCED_FACE('',(#147),#1670,.F.);
#1732=ADVANCED_FACE('',(#148),#70,.F.);
#1733=ADVANCED_FACE('',(#149),#1671,.F.);
#1734=ADVANCED_FACE('',(#150),#71,.F.);
#1735=ADVANCED_FACE('',(#151),#1672,.T.);
#1736=ADVANCED_FACE('',(#152),#72,.F.);
#1737=ADVANCED_FACE('',(#153),#1673,.T.);
#1738=ADVANCED_FACE('',(#154),#73,.F.);
#1739=ADVANCED_FACE('',(#155),#1674,.F.);
#1740=ADVANCED_FACE('',(#156),#1675,.T.);
#1741=ADVANCED_FACE('',(#157),#74,.F.);
#1742=ADVANCED_FACE('',(#158),#1676,.T.);
#1743=ADVANCED_FACE('',(#159),#75,.F.);
#1744=ADVANCED_FACE('',(#160),#76,.F.);
#1745=ADVANCED_FACE('',(#161,#37),#77,.F.);
#1746=ADVANCED_FACE('',(#162),#1677,.F.);
#1747=ADVANCED_FACE('',(#163),#78,.F.);
#1748=ADVANCED_FACE('',(#164,#38),#79,.F.);
#1749=ADVANCED_FACE('',(#165),#1678,.F.);
#1750=ADVANCED_FACE('',(#166),#80,.F.);
#1751=ADVANCED_FACE('',(#167),#1679,.F.);
#1752=ADVANCED_FACE('',(#168),#81,.F.);
#1753=ADVANCED_FACE('',(#169),#1680,.F.);
#1754=ADVANCED_FACE('',(#170),#82,.F.);
#1755=ADVANCED_FACE('',(#171),#1681,.F.);
#1756=ADVANCED_FACE('',(#172),#83,.F.);
#1757=ADVANCED_FACE('',(#173),#1682,.F.);
#1758=ADVANCED_FACE('',(#174,#39),#84,.F.);
#1759=ADVANCED_FACE('',(#175),#1683,.F.);
#1760=ADVANCED_FACE('',(#176,#40),#85,.F.);
#1761=ADVANCED_FACE('',(#177),#1684,.F.);
#1762=ADVANCED_FACE('',(#178,#41),#86,.F.);
#1763=ADVANCED_FACE('',(#179),#1685,.F.);
#1764=ADVANCED_FACE('',(#180,#42),#87,.F.);
#1765=ADVANCED_FACE('',(#181,#43,#44,#45,#46,#47),#88,.F.);
#1766=ADVANCED_FACE('',(#182),#1686,.T.);
#1767=ADVANCED_FACE('',(#183),#89,.T.);
#1768=ADVANCED_FACE('',(#184),#1687,.T.);
#1769=ADVANCED_FACE('',(#185),#90,.T.);
#1770=ADVANCED_FACE('',(#186),#91,.T.);
#1771=ADVANCED_FACE('',(#187),#92,.T.);
#1772=ADVANCED_FACE('',(#188),#93,.F.);
#1773=ADVANCED_FACE('',(#189,#48,#49),#94,.T.);
#1774=ADVANCED_FACE('',(#190),#95,.T.);
#1775=ADVANCED_FACE('',(#191),#96,.T.);
#1776=ADVANCED_FACE('',(#192),#1688,.F.);
#1777=ADVANCED_FACE('',(#193),#97,.T.);
#1778=ADVANCED_FACE('',(#194),#1689,.F.);
#1779=ADVANCED_FACE('',(#195),#98,.T.);
#1780=ADVANCED_FACE('',(#196),#99,.T.);
#1781=ADVANCED_FACE('',(#197),#100,.T.);
#1782=ADVANCED_FACE('',(#198),#101,.F.);
#1783=ADVANCED_FACE('',(#199),#102,.T.);
#1784=ADVANCED_FACE('',(#200),#103,.T.);
#1785=ADVANCED_FACE('',(#201),#104,.F.);
#1786=ADVANCED_FACE('',(#202),#105,.F.);
#1787=ADVANCED_FACE('',(#203),#106,.F.);
#1788=ADVANCED_FACE('',(#204),#107,.F.);
#1789=ADVANCED_FACE('',(#205),#1690,.T.);
#1790=ADVANCED_FACE('',(#206),#108,.T.);
#1791=ADVANCED_FACE('',(#207),#1691,.T.);
#1792=ADVANCED_FACE('',(#208),#109,.T.);
#1793=ADVANCED_FACE('',(#209),#1692,.T.);
#1794=ADVANCED_FACE('',(#210),#110,.T.);
#1795=ADVANCED_FACE('',(#211),#1693,.T.);
#1796=ADVANCED_FACE('',(#212,#50,#51,#52),#111,.T.);
#1797=ADVANCED_FACE('',(#213),#1694,.T.);
#1798=ADVANCED_FACE('',(#214),#112,.F.);
#1799=ADVANCED_FACE('',(#215),#1695,.F.);
#1800=ADVANCED_FACE('',(#216),#1696,.F.);
#1801=ADVANCED_FACE('',(#217,#53),#113,.T.);
#1802=ADVANCED_FACE('',(#218),#1697,.F.);
#1803=ADVANCED_FACE('',(#219),#114,.T.);
#1804=ADVANCED_FACE('',(#220),#1698,.F.);
#1805=CLOSED_SHELL('',(#1699,#1700,#1701,#1702));
#1806=CLOSED_SHELL('',(#1703,#1704,#1705,#1706));
#1807=CLOSED_SHELL('',(#1707,#1708,#1709,#1710,#1711,#1712,#1713,#1714,
#1715,#1716,#1717,#1718,#1719,#1720,#1721,#1722,#1723,#1724,#1725,#1726,
#1727,#1728,#1729,#1730,#1731,#1732,#1733,#1734,#1735,#1736,#1737,#1738,
#1739,#1740,#1741,#1742,#1743,#1744,#1745,#1746,#1747,#1748,#1749,#1750,
#1751,#1752,#1753,#1754,#1755,#1756,#1757,#1758,#1759,#1760,#1761,#1762,
#1763,#1764,#1765,#1766,#1767,#1768,#1769,#1770,#1771,#1772,#1773,#1774,
#1775,#1776,#1777,#1778,#1779,#1780,#1781,#1782,#1783,#1784,#1785,#1786,
#1787,#1788,#1789,#1790,#1791,#1792,#1793,#1794,#1795,#1796,#1797,#1798,
#1799,#1800,#1801,#1802,#1803,#1804));
#1808=DERIVED_UNIT_ELEMENT(#1812,1.);
#1809=DERIVED_UNIT_ELEMENT(#3114,-3.);
#1810=DERIVED_UNIT_ELEMENT(#1812,1.);
#1811=DERIVED_UNIT_ELEMENT(#3114,-3.);
#1812=(
MASS_UNIT()
NAMED_UNIT(*)
SI_UNIT(.KILO.,.GRAM.)
);
#1813=DERIVED_UNIT((#1808,#1809));
#1814=DERIVED_UNIT((#1810,#1811));
#1815=MEASURE_REPRESENTATION_ITEM('density measure',
POSITIVE_RATIO_MEASURE(7850.),#1813);
#1816=MEASURE_REPRESENTATION_ITEM('density measure',
POSITIVE_RATIO_MEASURE(7850.),#1814);
#1817=PROPERTY_DEFINITION_REPRESENTATION(#1827,#1821);
#1818=PROPERTY_DEFINITION_REPRESENTATION(#1828,#1822);
#1819=PROPERTY_DEFINITION_REPRESENTATION(#1829,#1823);
#1820=PROPERTY_DEFINITION_REPRESENTATION(#1830,#1824);
#1821=REPRESENTATION('material name',(#1825),#3110);
#1822=REPRESENTATION('density',(#1815),#3110);
#1823=REPRESENTATION('material name',(#1826),#3111);
#1824=REPRESENTATION('density',(#1816),#3111);
#1825=DESCRIPTIVE_REPRESENTATION_ITEM('Steel','Steel');
#1826=DESCRIPTIVE_REPRESENTATION_ITEM('Steel','Steel');
#1827=PROPERTY_DEFINITION('material property','material name',#3130);
#1828=PROPERTY_DEFINITION('material property','density of part',#3130);
#1829=PROPERTY_DEFINITION('material property','material name',#3131);
#1830=PROPERTY_DEFINITION('material property','density of part',#3131);
#1831=AXIS2_PLACEMENT_3D('',#2585,#2029,#2030);
#1832=AXIS2_PLACEMENT_3D('',#2586,#2031,#2032);
#1833=AXIS2_PLACEMENT_3D('',#2587,#2033,#2034);
#1834=AXIS2_PLACEMENT_3D('',#2589,#2035,#2036);
#1835=AXIS2_PLACEMENT_3D('',#2592,#2038,#2039);
#1836=AXIS2_PLACEMENT_3D('',#2593,#2040,#2041);
#1837=AXIS2_PLACEMENT_3D('',#2595,#2042,#2043);
#1838=AXIS2_PLACEMENT_3D('',#2598,#2045,#2046);
#1839=AXIS2_PLACEMENT_3D('',#2599,#2047,#2048);
#1840=AXIS2_PLACEMENT_3D('',#2600,#2049,#2050);
#1841=AXIS2_PLACEMENT_3D('',#2601,#2051,#2052);
#1842=AXIS2_PLACEMENT_3D('',#2603,#2053,#2054);
#1843=AXIS2_PLACEMENT_3D('',#2606,#2056,#2057);
#1844=AXIS2_PLACEMENT_3D('',#2607,#2058,#2059);
#1845=AXIS2_PLACEMENT_3D('',#2609,#2060,#2061);
#1846=AXIS2_PLACEMENT_3D('',#2612,#2063,#2064);
#1847=AXIS2_PLACEMENT_3D('',#2613,#2065,#2066);
#1848=AXIS2_PLACEMENT_3D('',#2614,#2067,#2068);
#1849=AXIS2_PLACEMENT_3D('',#2615,#2069,#2070);
#1850=AXIS2_PLACEMENT_3D('',#2616,#2071,#2072);
#1851=AXIS2_PLACEMENT_3D('',#2629,#2079,#2080);
#1852=AXIS2_PLACEMENT_3D('',#2635,#2084,#2085);
#1853=AXIS2_PLACEMENT_3D('',#2641,#2089,#2090);
#1854=AXIS2_PLACEMENT_3D('',#2645,#2093,#2094);
#1855=AXIS2_PLACEMENT_3D('',#2650,#2098,#2099);
#1856=AXIS2_PLACEMENT_3D('',#2664,#2107,#2108);
#1857=AXIS2_PLACEMENT_3D('',#2666,#2109,#2110);
#1858=AXIS2_PLACEMENT_3D('',#2669,#2112,#2113);
#1859=AXIS2_PLACEMENT_3D('',#2670,#2114,#2115);
#1860=AXIS2_PLACEMENT_3D('',#2671,#2116,#2117);
#1861=AXIS2_PLACEMENT_3D('',#2673,#2118,#2119);
#1862=AXIS2_PLACEMENT_3D('',#2676,#2121,#2122);
#1863=AXIS2_PLACEMENT_3D('',#2677,#2123,#2124);
#1864=AXIS2_PLACEMENT_3D('',#2678,#2125,#2126);
#1865=AXIS2_PLACEMENT_3D('',#2687,#2131,#2132);
#1866=AXIS2_PLACEMENT_3D('',#2690,#2133,#2134);
#1867=AXIS2_PLACEMENT_3D('',#2694,#2136,#2137);
#1868=AXIS2_PLACEMENT_3D('',#2696,#2139,#2140);
#1869=AXIS2_PLACEMENT_3D('',#2699,#2141,#2142);
#1870=AXIS2_PLACEMENT_3D('',#2700,#2143,#2144);
#1871=AXIS2_PLACEMENT_3D('',#2701,#2145,#2146);
#1872=AXIS2_PLACEMENT_3D('',#2702,#2147,#2148);
#1873=AXIS2_PLACEMENT_3D('',#2705,#2149,#2150);
#1874=AXIS2_PLACEMENT_3D('',#2708,#2153,#2154);
#1875=AXIS2_PLACEMENT_3D('',#2711,#2155,#2156);
#1876=AXIS2_PLACEMENT_3D('',#2712,#2157,#2158);
#1877=AXIS2_PLACEMENT_3D('',#2713,#2159,#2160);
#1878=AXIS2_PLACEMENT_3D('',#2714,#2161,#2162);
#1879=AXIS2_PLACEMENT_3D('',#2717,#2163,#2164);
#1880=AXIS2_PLACEMENT_3D('',#2720,#2167,#2168);
#1881=AXIS2_PLACEMENT_3D('',#2723,#2169,#2170);
#1882=AXIS2_PLACEMENT_3D('',#2724,#2171,#2172);
#1883=AXIS2_PLACEMENT_3D('',#2725,#2173,#2174);
#1884=AXIS2_PLACEMENT_3D('',#2726,#2175,#2176);
#1885=AXIS2_PLACEMENT_3D('',#2729,#2177,#2178);
#1886=AXIS2_PLACEMENT_3D('',#2732,#2181,#2182);
#1887=AXIS2_PLACEMENT_3D('',#2733,#2183,#2184);
#1888=AXIS2_PLACEMENT_3D('',#2734,#2185,#2186);
#1889=AXIS2_PLACEMENT_3D('',#2735,#2187,#2188);
#1890=AXIS2_PLACEMENT_3D('',#2739,#2190,#2191);
#1891=AXIS2_PLACEMENT_3D('',#2741,#2193,#2194);
#1892=AXIS2_PLACEMENT_3D('',#2745,#2197,#2198);
#1893=AXIS2_PLACEMENT_3D('',#2748,#2200,#2201);
#1894=AXIS2_PLACEMENT_3D('',#2749,#2202,#2203);
#1895=AXIS2_PLACEMENT_3D('',#2753,#2206,#2207);
#1896=AXIS2_PLACEMENT_3D('',#2754,#2208,#2209);
#1897=AXIS2_PLACEMENT_3D('',#2757,#2210,#2211);
#1898=AXIS2_PLACEMENT_3D('',#2761,#2213,#2214);
#1899=AXIS2_PLACEMENT_3D('',#2763,#2216,#2217);
#1900=AXIS2_PLACEMENT_3D('',#2769,#2221,#2222);
#1901=AXIS2_PLACEMENT_3D('',#2771,#2223,#2224);
#1902=AXIS2_PLACEMENT_3D('',#2773,#2225,#2226);
#1903=AXIS2_PLACEMENT_3D('',#2775,#2228,#2229);
#1904=AXIS2_PLACEMENT_3D('',#2781,#2233,#2234);
#1905=AXIS2_PLACEMENT_3D('',#2784,#2235,#2236);
#1906=AXIS2_PLACEMENT_3D('',#2788,#2238,#2239);
#1907=AXIS2_PLACEMENT_3D('',#2790,#2241,#2242);
#1908=AXIS2_PLACEMENT_3D('',#2796,#2246,#2247);
#1909=AXIS2_PLACEMENT_3D('',#2798,#2248,#2249);
#1910=AXIS2_PLACEMENT_3D('',#2800,#2250,#2251);
#1911=AXIS2_PLACEMENT_3D('',#2802,#2253,#2254);
#1912=AXIS2_PLACEMENT_3D('',#2808,#2258,#2259);
#1913=AXIS2_PLACEMENT_3D('',#2810,#2260,#2261);
#1914=AXIS2_PLACEMENT_3D('',#2812,#2262,#2263);
#1915=AXIS2_PLACEMENT_3D('',#2814,#2265,#2266);
#1916=AXIS2_PLACEMENT_3D('',#2816,#2267,#2268);
#1917=AXIS2_PLACEMENT_3D('',#2818,#2269,#2270);
#1918=AXIS2_PLACEMENT_3D('',#2820,#2272,#2273);
#1919=AXIS2_PLACEMENT_3D('',#2826,#2277,#2278);
#1920=AXIS2_PLACEMENT_3D('',#2828,#2279,#2280);
#1921=AXIS2_PLACEMENT_3D('',#2830,#2281,#2282);
#1922=AXIS2_PLACEMENT_3D('',#2832,#2284,#2285);
#1923=AXIS2_PLACEMENT_3D('',#2835,#2288,#2289);
#1924=AXIS2_PLACEMENT_3D('',#2841,#2293,#2294);
#1925=AXIS2_PLACEMENT_3D('',#2843,#2295,#2296);
#1926=AXIS2_PLACEMENT_3D('',#2845,#2298,#2299);
#1927=AXIS2_PLACEMENT_3D('',#2847,#2300,#2301);
#1928=AXIS2_PLACEMENT_3D('',#2849,#2303,#2304);
#1929=AXIS2_PLACEMENT_3D('',#2851,#2306,#2307);
#1930=AXIS2_PLACEMENT_3D('',#2854,#2308,#2309);
#1931=AXIS2_PLACEMENT_3D('',#2858,#2311,#2312);
#1932=AXIS2_PLACEMENT_3D('',#2862,#2314,#2315);
#1933=AXIS2_PLACEMENT_3D('',#2866,#2317,#2318);
#1934=AXIS2_PLACEMENT_3D('',#2868,#2320,#2321);
#1935=AXIS2_PLACEMENT_3D('',#2870,#2322,#2323);
#1936=AXIS2_PLACEMENT_3D('',#2873,#2325,#2326);
#1937=AXIS2_PLACEMENT_3D('',#2874,#2327,#2328);
#1938=AXIS2_PLACEMENT_3D('',#2875,#2329,#2330);
#1939=AXIS2_PLACEMENT_3D('',#2877,#2331,#2332);
#1940=AXIS2_PLACEMENT_3D('',#2880,#2334,#2335);
#1941=AXIS2_PLACEMENT_3D('',#2881,#2336,#2337);
#1942=AXIS2_PLACEMENT_3D('',#2882,#2338,#2339);
#1943=AXIS2_PLACEMENT_3D('',#2884,#2340,#2341);
#1944=AXIS2_PLACEMENT_3D('',#2887,#2343,#2344);
#1945=AXIS2_PLACEMENT_3D('',#2888,#2345,#2346);
#1946=AXIS2_PLACEMENT_3D('',#2889,#2347,#2348);
#1947=AXIS2_PLACEMENT_3D('',#2891,#2349,#2350);
#1948=AXIS2_PLACEMENT_3D('',#2894,#2352,#2353);
#1949=AXIS2_PLACEMENT_3D('',#2895,#2354,#2355);
#1950=AXIS2_PLACEMENT_3D('',#2896,#2356,#2357);
#1951=AXIS2_PLACEMENT_3D('',#2898,#2358,#2359);
#1952=AXIS2_PLACEMENT_3D('',#2901,#2361,#2362);
#1953=AXIS2_PLACEMENT_3D('',#2902,#2363,#2364);
#1954=AXIS2_PLACEMENT_3D('',#2903,#2365,#2366);
#1955=AXIS2_PLACEMENT_3D('',#2905,#2367,#2368);
#1956=AXIS2_PLACEMENT_3D('',#2908,#2370,#2371);
#1957=AXIS2_PLACEMENT_3D('',#2909,#2372,#2373);
#1958=AXIS2_PLACEMENT_3D('',#2910,#2374,#2375);
#1959=AXIS2_PLACEMENT_3D('',#2912,#2376,#2377);
#1960=AXIS2_PLACEMENT_3D('',#2915,#2379,#2380);
#1961=AXIS2_PLACEMENT_3D('',#2916,#2381,#2382);
#1962=AXIS2_PLACEMENT_3D('',#2917,#2383,#2384);
#1963=AXIS2_PLACEMENT_3D('',#2919,#2385,#2386);
#1964=AXIS2_PLACEMENT_3D('',#2922,#2388,#2389);
#1965=AXIS2_PLACEMENT_3D('',#2923,#2390,#2391);
#1966=AXIS2_PLACEMENT_3D('',#2924,#2392,#2393);
#1967=AXIS2_PLACEMENT_3D('',#2926,#2394,#2395);
#1968=AXIS2_PLACEMENT_3D('',#2930,#2397,#2398);
#1969=AXIS2_PLACEMENT_3D('',#2932,#2400,#2401);
#1970=AXIS2_PLACEMENT_3D('',#2934,#2403,#2404);
#1971=AXIS2_PLACEMENT_3D('',#2936,#2406,#2407);
#1972=AXIS2_PLACEMENT_3D('',#2938,#2409,#2410);
#1973=AXIS2_PLACEMENT_3D('',#2939,#2411,#2412);
#1974=AXIS2_PLACEMENT_3D('',#2948,#2417,#2418);
#1975=AXIS2_PLACEMENT_3D('',#2955,#2423,#2424);
#1976=AXIS2_PLACEMENT_3D('',#2964,#2429,#2430);
#1977=AXIS2_PLACEMENT_3D('',#2969,#2433,#2434);
#1978=AXIS2_PLACEMENT_3D('',#2970,#2435,#2436);
#1979=AXIS2_PLACEMENT_3D('',#2975,#2439,#2440);
#1980=AXIS2_PLACEMENT_3D('',#2977,#2441,#2442);
#1981=AXIS2_PLACEMENT_3D('',#2978,#2443,#2444);
#1982=AXIS2_PLACEMENT_3D('',#2986,#2449,#2450);
#1983=AXIS2_PLACEMENT_3D('',#2988,#2451,#2452);
#1984=AXIS2_PLACEMENT_3D('',#2992,#2454,#2455);
#1985=AXIS2_PLACEMENT_3D('',#2996,#2457,#2458);
#1986=AXIS2_PLACEMENT_3D('',#3000,#2460,#2461);
#1987=AXIS2_PLACEMENT_3D('',#3004,#2463,#2464);
#1988=AXIS2_PLACEMENT_3D('',#3008,#2466,#2467);
#1989=AXIS2_PLACEMENT_3D('',#3012,#2469,#2470);
#1990=AXIS2_PLACEMENT_3D('',#3015,#2472,#2473);
#1991=AXIS2_PLACEMENT_3D('',#3016,#2474,#2475);
#1992=AXIS2_PLACEMENT_3D('',#3022,#2479,#2480);
#1993=AXIS2_PLACEMENT_3D('',#3025,#2482,#2483);
#1994=AXIS2_PLACEMENT_3D('',#3026,#2484,#2485);
#1995=AXIS2_PLACEMENT_3D('',#3027,#2486,#2487);
#1996=AXIS2_PLACEMENT_3D('',#3030,#2489,#2490);
#1997=AXIS2_PLACEMENT_3D('',#3031,#2491,#2492);
#1998=AXIS2_PLACEMENT_3D('',#3032,#2493,#2494);
#1999=AXIS2_PLACEMENT_3D('',#3034,#2496,#2497);
#2000=AXIS2_PLACEMENT_3D('',#3037,#2500,#2501);
#2001=AXIS2_PLACEMENT_3D('',#3038,#2502,#2503);
#2002=AXIS2_PLACEMENT_3D('',#3039,#2504,#2505);
#2003=AXIS2_PLACEMENT_3D('',#3047,#2511,#2512);
#2004=AXIS2_PLACEMENT_3D('',#3053,#2516,#2517);
#2005=AXIS2_PLACEMENT_3D('',#3059,#2521,#2522);
#2006=AXIS2_PLACEMENT_3D('',#3062,#2525,#2526);
#2007=AXIS2_PLACEMENT_3D('',#3063,#2527,#2528);
#2008=AXIS2_PLACEMENT_3D('',#3066,#2530,#2531);
#2009=AXIS2_PLACEMENT_3D('',#3067,#2532,#2533);
#2010=AXIS2_PLACEMENT_3D('',#3071,#2536,#2537);
#2011=AXIS2_PLACEMENT_3D('',#3073,#2538,#2539);
#2012=AXIS2_PLACEMENT_3D('',#3075,#2541,#2542);
#2013=AXIS2_PLACEMENT_3D('',#3079,#2545,#2546);
#2014=AXIS2_PLACEMENT_3D('',#3081,#2547,#2548);
#2015=AXIS2_PLACEMENT_3D('',#3083,#2550,#2551);
#2016=AXIS2_PLACEMENT_3D('',#3087,#2554,#2555);
#2017=AXIS2_PLACEMENT_3D('',#3088,#2556,#2557);
#2018=AXIS2_PLACEMENT_3D('',#3089,#2558,#2559);
#2019=AXIS2_PLACEMENT_3D('',#3090,#2560,#2561);
#2020=AXIS2_PLACEMENT_3D('',#3092,#2563,#2564);
#2021=AXIS2_PLACEMENT_3D('',#3093,#2565,#2566);
#2022=AXIS2_PLACEMENT_3D('',#3095,#2568,#2569);
#2023=AXIS2_PLACEMENT_3D('',#3096,#2570,#2571);
#2024=AXIS2_PLACEMENT_3D('',#3098,#2573,#2574);
#2025=AXIS2_PLACEMENT_3D('',#3100,#2576,#2577);
#2026=AXIS2_PLACEMENT_3D('',#3102,#2579,#2580);
#2027=AXIS2_PLACEMENT_3D('',#3103,#2581,#2582);
#2028=AXIS2_PLACEMENT_3D('',#3104,#2583,#2584);
#2029=DIRECTION('axis',(0.,0.,1.));
#2030=DIRECTION('refdir',(1.,0.,0.));
#2031=DIRECTION('axis',(0.,0.,1.));
#2032=DIRECTION('refdir',(1.,0.,0.));
#2033=DIRECTION('center_axis',(0.,0.,1.));
#2034=DIRECTION('ref_axis',(-1.,-5.47390565016638E-48,0.));
#2035=DIRECTION('center_axis',(0.,-7.00649232162409E-46,-1.));
#2036=DIRECTION('ref_axis',(-1.,-5.47390565016638E-48,-3.03430769834112E-45));
#2037=DIRECTION('',(0.,0.,-1.));
#2038=DIRECTION('center_axis',(0.,-7.00649232162409E-46,-1.));
#2039=DIRECTION('ref_axis',(-1.,-5.47390565016638E-48,-3.03430769834112E-45));
#2040=DIRECTION('center_axis',(0.,0.,1.));
#2041=DIRECTION('ref_axis',(-1.,-5.47390565016638E-48,0.));
#2042=DIRECTION('center_axis',(-3.02154981370039E-45,7.00649232162409E-46,
1.));
#2043=DIRECTION('ref_axis',(-1.,-5.47390565016638E-48,-3.67506749839955E-45));
#2044=DIRECTION('',(0.,0.,-1.));
#2045=DIRECTION('center_axis',(-3.02154981370039E-45,7.00649232162409E-46,
1.));
#2046=DIRECTION('ref_axis',(-1.,-5.47390565016638E-48,-3.67506749839955E-45));
#2047=DIRECTION('center_axis',(-2.93396865968009E-45,-7.00649232162409E-46,
1.));
#2048=DIRECTION('ref_axis',(-1.,-5.47390565016638E-48,-2.93396865968009E-45));
#2049=DIRECTION('center_axis',(-2.93396865968009E-45,-7.00649232162409E-46,
1.));
#2050=DIRECTION('ref_axis',(-1.,-5.47390565016638E-48,-2.93396865968009E-45));
#2051=DIRECTION('center_axis',(0.,0.,1.));
#2052=DIRECTION('ref_axis',(-1.,-5.47390565016638E-48,0.));
#2053=DIRECTION('center_axis',(0.,-7.00649232162409E-46,-1.));
#2054=DIRECTION('ref_axis',(-1.,-5.47390565016638E-48,-3.03430769834112E-45));
#2055=DIRECTION('',(0.,0.,-1.));
#2056=DIRECTION('center_axis',(0.,-7.00649232162409E-46,-1.));
#2057=DIRECTION('ref_axis',(-1.,-5.47390565016638E-48,-3.03430769834112E-45));
#2058=DIRECTION('center_axis',(0.,0.,1.));
#2059=DIRECTION('ref_axis',(-1.,-5.47390565016638E-48,0.));
#2060=DIRECTION('center_axis',(-3.02154981370039E-45,7.00649232162409E-46,
1.));
#2061=DIRECTION('ref_axis',(-1.,-5.47390565016638E-48,-3.53188305040996E-45));
#2062=DIRECTION('',(0.,0.,-1.));
#2063=DIRECTION('center_axis',(-3.02154981370039E-45,7.00649232162409E-46,
1.));
#2064=DIRECTION('ref_axis',(-1.,-5.47390565016638E-48,-3.53188305040996E-45));
#2065=DIRECTION('center_axis',(-2.93396865968009E-45,7.00649232162409E-46,
1.));
#2066=DIRECTION('ref_axis',(-1.,-5.47390565016638E-48,-2.93396865968009E-45));
#2067=DIRECTION('center_axis',(-2.93396865968009E-45,7.00649232162409E-46,
1.));
#2068=DIRECTION('ref_axis',(-1.,-5.47390565016638E-48,-2.93396865968009E-45));
#2069=DIRECTION('axis',(0.,0.,1.));
#2070=DIRECTION('refdir',(1.,0.,0.));
#2071=DIRECTION('center_axis',(-1.4791141972894E-31,0.,1.));
#2072=DIRECTION('ref_axis',(1.,2.46519032881569E-31,1.4791141972894E-31));
#2073=DIRECTION('',(1.,-3.88578058618805E-16,1.4791141972894E-31));
#2074=DIRECTION('',(0.,-1.,0.));
#2075=DIRECTION('',(1.,2.46519032881569E-31,1.4791141972894E-31));
#2076=DIRECTION('',(0.,1.,0.));
#2077=DIRECTION('',(-1.,-6.53072367426563E-17,-1.4791141972894E-31));
#2078=DIRECTION('',(0.,1.,0.));
#2079=DIRECTION('center_axis',(0.,1.,0.));
#2080=DIRECTION('ref_axis',(0.,0.,1.));
#2081=DIRECTION('',(0.,0.,1.));
#2082=DIRECTION('',(-1.,-2.46519032881569E-31,-1.4791141972894E-31));
#2083=DIRECTION('',(-1.4791141972894E-31,3.14311766923997E-30,1.));
#2084=DIRECTION('center_axis',(1.,0.,1.4791141972894E-31));
#2085=DIRECTION('ref_axis',(1.4791141972894E-31,-3.14311766923997E-30,-1.));
#2086=DIRECTION('',(1.4791141972894E-31,-8.87468518373639E-31,-1.));
#2087=DIRECTION('',(-1.4791141972894E-31,-9.65968610518027E-48,1.));
#2088=DIRECTION('',(0.,1.,0.));
#2089=DIRECTION('center_axis',(-1.,0.,-1.4791141972894E-31));
#2090=DIRECTION('ref_axis',(-1.4791141972894E-31,3.14311766923997E-30,1.));
#2091=DIRECTION('',(1.4791141972894E-31,9.65968610518027E-48,-1.));
#2092=DIRECTION('',(0.,1.,0.));
#2093=DIRECTION('center_axis',(1.4791141972894E-31,0.,-1.));
#2094=DIRECTION('ref_axis',(-1.,-2.46519032881569E-31,-1.4791141972894E-31));
#2095=DIRECTION('',(-1.,3.88578058618805E-16,-1.4791141972894E-31));
#2096=DIRECTION('',(1.,6.53072367426563E-17,1.4791141972894E-31));
#2097=DIRECTION('',(0.,1.,0.));
#2098=DIRECTION('center_axis',(-3.88578058618805E-16,-1.,8.87468518373639E-31));
#2099=DIRECTION('ref_axis',(1.,-3.88578058618805E-16,-3.27168847569226E-15));
#2100=DIRECTION('',(0.,-8.87468518373639E-31,-1.));
#2101=DIRECTION('',(1.,-3.88578058618805E-16,-3.27168847569226E-15));
#2102=DIRECTION('',(3.27168847569226E-15,-3.83837837916376E-31,1.));
#2103=DIRECTION('',(-1.,1.2784368161313E-45,0.));
#2104=DIRECTION('',(0.,0.,-1.));
#2105=DIRECTION('',(1.,1.97215226305253E-31,1.4791141972894E-31));
#2106=DIRECTION('',(0.,-8.87468518373639E-31,-1.));
#2107=DIRECTION('center_axis',(0.,0.,-1.));
#2108=DIRECTION('ref_axis',(1.,0.,0.));
#2109=DIRECTION('center_axis',(6.71684929898219E-15,2.77555756156436E-17,
-1.));
#2110=DIRECTION('ref_axis',(1.,0.,0.));
#2111=DIRECTION('',(0.,0.,-1.));
#2112=DIRECTION('center_axis',(0.,0.,-1.));
#2113=DIRECTION('ref_axis',(1.,0.,0.));
#2114=DIRECTION('center_axis',(0.,0.,-1.));
#2115=DIRECTION('ref_axis',(1.,0.,0.));
#2116=DIRECTION('center_axis',(0.,0.,-1.));
#2117=DIRECTION('ref_axis',(1.,0.,0.));
#2118=DIRECTION('center_axis',(6.71684929898219E-15,2.77555756156436E-17,
-1.));
#2119=DIRECTION('ref_axis',(1.,0.,0.));
#2120=DIRECTION('',(0.,0.,-1.));
#2121=DIRECTION('center_axis',(0.,0.,-1.));
#2122=DIRECTION('ref_axis',(1.,0.,0.));
#2123=DIRECTION('center_axis',(0.,0.,-1.));
#2124=DIRECTION('ref_axis',(1.,0.,0.));
#2125=DIRECTION('center_axis',(0.,-1.,0.));
#2126=DIRECTION('ref_axis',(0.,0.,-1.));
#2127=DIRECTION('',(-1.,-5.47382212626873E-48,-6.71684929898219E-15));
#2128=DIRECTION('',(0.,0.,1.));
#2129=DIRECTION('',(-1.,0.,0.));
#2130=DIRECTION('',(0.,0.,-1.));
#2131=DIRECTION('center_axis',(-1.,-1.97215226305254E-31,0.));
#2132=DIRECTION('ref_axis',(0.,-0.707106781186548,-0.707106781186547));
#2133=DIRECTION('center_axis',(-1.,0.,0.));
#2134=DIRECTION('ref_axis',(0.,0.,-1.));
#2135=DIRECTION('',(-1.,-1.97215226305254E-31,0.));
#2136=DIRECTION('center_axis',(1.,0.,0.));
#2137=DIRECTION('ref_axis',(0.,-1.,0.));
#2138=DIRECTION('',(1.,1.97215226305254E-31,0.));
#2139=DIRECTION('center_axis',(0.,0.,-1.));
#2140=DIRECTION('ref_axis',(-1.,0.,0.));
#2141=DIRECTION('center_axis',(0.,-1.,0.));
#2142=DIRECTION('ref_axis',(-1.,0.,0.));
#2143=DIRECTION('center_axis',(0.,0.,1.));
#2144=DIRECTION('ref_axis',(-0.707106781186548,-0.707106781186548,0.));
#2145=DIRECTION('center_axis',(0.,0.,-1.));
#2146=DIRECTION('ref_axis',(-0.707106781186547,-0.707106781186547,0.));
#2147=DIRECTION('center_axis',(-1.97215226305254E-31,1.,0.));
#2148=DIRECTION('ref_axis',(-0.707106781186549,0.,-0.707106781186546));
#2149=DIRECTION('center_axis',(2.96059473233375E-15,-1.,0.));
#2150=DIRECTION('ref_axis',(-1.,-2.96059473233375E-15,0.));
#2151=DIRECTION('',(1.97215226305254E-31,-1.,0.));
#2152=DIRECTION('',(-1.97215226305254E-31,1.,0.));
#2153=DIRECTION('center_axis',(0.,0.,-1.));
#2154=DIRECTION('ref_axis',(-1.,0.,0.));
#2155=DIRECTION('center_axis',(-1.,-2.96059473233375E-15,0.));
#2156=DIRECTION('ref_axis',(-2.96059473233375E-15,1.,0.));
#2157=DIRECTION('center_axis',(0.,0.,1.));
#2158=DIRECTION('ref_axis',(-0.707106781186548,0.707106781186547,0.));
#2159=DIRECTION('center_axis',(0.,0.,-1.));
#2160=DIRECTION('ref_axis',(-0.707106781186548,0.707106781186547,0.));
#2161=DIRECTION('center_axis',(1.,-1.26882631385732E-16,0.));
#2162=DIRECTION('ref_axis',(0.,0.707106781186548,-0.707106781186547));
#2163=DIRECTION('center_axis',(-1.,0.,0.));
#2164=DIRECTION('ref_axis',(0.,1.,0.));
#2165=DIRECTION('',(-1.,1.26882631385732E-16,0.));
#2166=DIRECTION('',(1.,-1.26882631385732E-16,0.));
#2167=DIRECTION('center_axis',(0.,0.,-1.));
#2168=DIRECTION('ref_axis',(-1.,0.,0.));
#2169=DIRECTION('center_axis',(0.,1.,0.));
#2170=DIRECTION('ref_axis',(1.,0.,0.));
#2171=DIRECTION('center_axis',(0.,0.,1.));
#2172=DIRECTION('ref_axis',(0.707106781186547,0.707106781186548,0.));
#2173=DIRECTION('center_axis',(0.,0.,-1.));
#2174=DIRECTION('ref_axis',(0.707106781186547,0.707106781186548,0.));
#2175=DIRECTION('center_axis',(2.96059473233375E-16,-1.,0.));
#2176=DIRECTION('ref_axis',(0.707106781186549,0.,-0.707106781186546));
#2177=DIRECTION('center_axis',(0.,1.,0.));
#2178=DIRECTION('ref_axis',(1.,0.,0.));
#2179=DIRECTION('',(-2.96059473233375E-16,1.,0.));
#2180=DIRECTION('',(2.96059473233375E-16,-1.,0.));
#2181=DIRECTION('center_axis',(0.,0.,-1.));
#2182=DIRECTION('ref_axis',(-1.,0.,0.));
#2183=DIRECTION('center_axis',(0.,0.,1.));
#2184=DIRECTION('ref_axis',(0.707106781186547,-0.707106781186548,0.));
#2185=DIRECTION('center_axis',(0.,0.,-1.));
#2186=DIRECTION('ref_axis',(0.707106781186547,-0.707106781186548,0.));
#2187=DIRECTION('center_axis',(0.,0.,-1.));
#2188=DIRECTION('ref_axis',(-1.48029736616687E-15,1.,0.));
#2189=DIRECTION('',(0.,0.,-1.));
#2190=DIRECTION('center_axis',(-1.4791141972894E-31,-3.14311766923997E-30,
1.));
#2191=DIRECTION('ref_axis',(-1.48029736616687E-15,1.,3.14311766923997E-30));
#2192=DIRECTION('',(0.,0.,-1.));
#2193=DIRECTION('center_axis',(-1.,-1.97215226305254E-31,0.));
#2194=DIRECTION('ref_axis',(-1.97215226305254E-31,1.,3.14311766923997E-30));
#2195=DIRECTION('',(0.,0.,-1.));
#2196=DIRECTION('',(1.97215226305254E-31,-1.,-3.14311766923997E-30));
#2197=DIRECTION('center_axis',(0.,0.,-1.));
#2198=DIRECTION('ref_axis',(-1.,-1.97215226305254E-31,0.));
#2199=DIRECTION('',(0.,0.,-1.));
#2200=DIRECTION('center_axis',(-1.4791141972894E-31,-3.14311766923997E-30,
1.));
#2201=DIRECTION('ref_axis',(-1.,-1.97215226305254E-31,-1.4791141972894E-31));
#2202=DIRECTION('center_axis',(1.97215226305254E-31,-1.,0.));
#2203=DIRECTION('ref_axis',(-1.,-1.97215226305254E-31,-1.48967929869861E-31));
#2204=DIRECTION('',(0.,0.,-1.));
#2205=DIRECTION('',(1.,1.97215226305254E-31,1.48967929869861E-31));
#2206=DIRECTION('center_axis',(0.,0.,1.));
#2207=DIRECTION('ref_axis',(1.,0.,0.));
#2208=DIRECTION('center_axis',(0.,0.,-1.));
#2209=DIRECTION('ref_axis',(1.,0.,0.));
#2210=DIRECTION('center_axis',(0.,0.,-1.));
#2211=DIRECTION('ref_axis',(1.,0.,0.));
#2212=DIRECTION('',(0.,0.,1.));
#2213=DIRECTION('center_axis',(0.,0.,-1.));
#2214=DIRECTION('ref_axis',(1.,3.41607019891873E-15,0.));
#2215=DIRECTION('',(0.,0.,1.));
#2216=DIRECTION('center_axis',(0.,-1.,0.));
#2217=DIRECTION('ref_axis',(0.,0.,1.));
#2218=DIRECTION('',(-1.,0.,0.));
#2219=DIRECTION('',(-1.,0.,0.));
#2220=DIRECTION('',(0.,0.,1.));
#2221=DIRECTION('center_axis',(0.,0.,-1.));
#2222=DIRECTION('ref_axis',(0.,-1.,0.));
#2223=DIRECTION('center_axis',(0.,0.,-1.));
#2224=DIRECTION('ref_axis',(0.,-1.,0.));
#2225=DIRECTION('center_axis',(0.,0.,-1.));
#2226=DIRECTION('ref_axis',(1.70803509945936E-15,-1.,0.));
#2227=DIRECTION('',(0.,0.,1.));
#2228=DIRECTION('center_axis',(-1.,1.53134210293125E-16,0.));
#2229=DIRECTION('ref_axis',(0.,0.,1.));
#2230=DIRECTION('',(1.53134210293125E-16,1.,0.));
#2231=DIRECTION('',(1.53134210293125E-16,1.,0.));
#2232=DIRECTION('',(0.,0.,1.));
#2233=DIRECTION('center_axis',(0.,0.,-1.));
#2234=DIRECTION('ref_axis',(1.,0.,0.));
#2235=DIRECTION('center_axis',(0.,0.,1.));
#2236=DIRECTION('ref_axis',(1.,0.,0.));
#2237=DIRECTION('',(0.,0.,-1.));
#2238=DIRECTION('center_axis',(0.,0.,-1.));
#2239=DIRECTION('ref_axis',(1.,-1.85037132858423E-15,0.));
#2240=DIRECTION('',(0.,0.,-1.));
#2241=DIRECTION('center_axis',(-1.,0.,0.));
#2242=DIRECTION('ref_axis',(0.,0.,-1.));
#2243=DIRECTION('',(0.,1.,0.));
#2244=DIRECTION('',(0.,-1.,0.));
#2245=DIRECTION('',(0.,0.,-1.));
#2246=DIRECTION('center_axis',(0.,0.,-1.));
#2247=DIRECTION('ref_axis',(0.,1.,0.));
#2248=DIRECTION('center_axis',(0.,0.,1.));
#2249=DIRECTION('ref_axis',(0.,1.,0.));
#2250=DIRECTION('center_axis',(0.,0.,-1.));
#2251=DIRECTION('ref_axis',(-3.70074265716846E-15,1.,0.));
#2252=DIRECTION('',(0.,0.,-1.));
#2253=DIRECTION('center_axis',(0.,-1.,0.));
#2254=DIRECTION('ref_axis',(0.,0.,-1.));
#2255=DIRECTION('',(-1.,0.,0.));
#2256=DIRECTION('',(1.,0.,0.));
#2257=DIRECTION('',(0.,0.,-1.));
#2258=DIRECTION('center_axis',(0.,0.,-1.));
#2259=DIRECTION('ref_axis',(-1.,4.44089209850062E-15,0.));
#2260=DIRECTION('center_axis',(0.,0.,-1.));
#2261=DIRECTION('ref_axis',(-1.,4.44089209850062E-15,0.));
#2262=DIRECTION('center_axis',(0.,0.,-1.));
#2263=DIRECTION('ref_axis',(-1.,0.,0.));
#2264=DIRECTION('',(0.,0.,1.));
#2265=DIRECTION('center_axis',(0.,0.,-1.));
#2266=DIRECTION('ref_axis',(-1.,4.44089209850062E-15,0.));
#2267=DIRECTION('center_axis',(0.,0.,1.));
#2268=DIRECTION('ref_axis',(-1.,4.44089209850062E-15,0.));
#2269=DIRECTION('center_axis',(0.,0.,-1.));
#2270=DIRECTION('ref_axis',(-1.,-1.85037132858423E-15,0.));
#2271=DIRECTION('',(0.,0.,-1.));
#2272=DIRECTION('center_axis',(1.,-1.53134210293125E-16,0.));
#2273=DIRECTION('ref_axis',(0.,0.,-1.));
#2274=DIRECTION('',(-1.53134210293125E-16,-1.,0.));
#2275=DIRECTION('',(1.53134210293125E-16,1.,0.));
#2276=DIRECTION('',(0.,0.,-1.));
#2277=DIRECTION('center_axis',(0.,0.,-1.));
#2278=DIRECTION('ref_axis',(0.,-1.,0.));
#2279=DIRECTION('center_axis',(0.,0.,1.));
#2280=DIRECTION('ref_axis',(0.,-1.,0.));
#2281=DIRECTION('center_axis',(0.,0.,-1.));
#2282=DIRECTION('ref_axis',(2.77555699287634E-15,-1.,0.));
#2283=DIRECTION('',(0.,0.,-1.));
#2284=DIRECTION('center_axis',(0.,1.,0.));
#2285=DIRECTION('ref_axis',(0.,0.,-1.));
#2286=DIRECTION('',(1.,0.,0.));
#2287=DIRECTION('',(-1.,0.,0.));
#2288=DIRECTION('center_axis',(1.,0.,0.));
#2289=DIRECTION('ref_axis',(0.,0.,1.));
#2290=DIRECTION('',(0.,-1.,0.));
#2291=DIRECTION('',(0.,0.,1.));
#2292=DIRECTION('',(0.,-1.,0.));
#2293=DIRECTION('center_axis',(-1.11022302462518E-14,0.,-1.));
#2294=DIRECTION('ref_axis',(1.,6.12323399573677E-17,-1.11022302462518E-14));
#2295=DIRECTION('center_axis',(0.,0.,-1.));
#2296=DIRECTION('ref_axis',(-3.41607019891872E-15,1.,0.));
#2297=DIRECTION('',(1.,0.,0.));
#2298=DIRECTION('center_axis',(0.,0.,-1.));
#2299=DIRECTION('ref_axis',(0.,1.,0.));
#2300=DIRECTION('center_axis',(0.,0.,-1.));
#2301=DIRECTION('ref_axis',(0.,1.,0.));
#2302=DIRECTION('',(0.,0.,1.));
#2303=DIRECTION('center_axis',(0.,1.,0.));
#2304=DIRECTION('ref_axis',(0.,0.,1.));
#2305=DIRECTION('',(1.,0.,0.));
#2306=DIRECTION('center_axis',(0.,0.,-1.));
#2307=DIRECTION('ref_axis',(1.,0.,0.));
#2308=DIRECTION('center_axis',(0.,0.,-1.));
#2309=DIRECTION('ref_axis',(1.,0.,0.));
#2310=DIRECTION('',(0.,-1.,0.));
#2311=DIRECTION('center_axis',(0.,0.,-1.));
#2312=DIRECTION('ref_axis',(0.,-1.,0.));
#2313=DIRECTION('',(-1.,-6.53072367426563E-17,0.));
#2314=DIRECTION('center_axis',(0.,0.,-1.));
#2315=DIRECTION('ref_axis',(-1.,0.,0.));
#2316=DIRECTION('',(7.65671051465625E-17,1.,0.));
#2317=DIRECTION('center_axis',(0.,0.,-1.));
#2318=DIRECTION('ref_axis',(-4.44089209850062E-15,1.,0.));
#2319=DIRECTION('',(1.,0.,0.));
#2320=DIRECTION('center_axis',(1.09476442525376E-47,1.61469966537426E-30,
-1.));
#2321=DIRECTION('ref_axis',(1.,0.,1.09476442525376E-47));
#2322=DIRECTION('center_axis',(1.09476442525376E-47,1.61469966537426E-30,
-1.));
#2323=DIRECTION('ref_axis',(1.,0.,1.09476442525376E-47));
#2324=DIRECTION('',(1.09476442525376E-47,1.61469966537426E-30,-1.));
#2325=DIRECTION('center_axis',(1.09476442525376E-47,1.61469966537426E-30,
-1.));
#2326=DIRECTION('ref_axis',(1.,0.,1.09476442525376E-47));
#2327=DIRECTION('center_axis',(1.09476442525376E-47,1.61469966537426E-30,
-1.));
#2328=DIRECTION('ref_axis',(1.,0.,1.09476442525376E-47));
#2329=DIRECTION('center_axis',(1.09476442525376E-47,1.61469966537426E-30,
-1.));
#2330=DIRECTION('ref_axis',(1.,0.,1.09476442525376E-47));
#2331=DIRECTION('center_axis',(1.09476442525376E-47,1.61469966537426E-30,
-1.));
#2332=DIRECTION('ref_axis',(1.,0.,1.09476442525376E-47));
#2333=DIRECTION('',(1.09476442525376E-47,1.61469966537426E-30,-1.));
#2334=DIRECTION('center_axis',(1.09476442525376E-47,1.61469966537426E-30,
-1.));
#2335=DIRECTION('ref_axis',(1.,0.,1.09476442525376E-47));
#2336=DIRECTION('center_axis',(1.09476442525376E-47,1.61469966537426E-30,
-1.));
#2337=DIRECTION('ref_axis',(1.,0.,1.09476442525376E-47));
#2338=DIRECTION('center_axis',(1.09476442525376E-47,1.61469966537426E-30,
-1.));
#2339=DIRECTION('ref_axis',(1.,0.,1.09476442525376E-47));
#2340=DIRECTION('center_axis',(1.09476442525376E-47,1.61469966537426E-30,
-1.));
#2341=DIRECTION('ref_axis',(1.,0.,1.09476442525376E-47));
#2342=DIRECTION('',(1.09476442525376E-47,1.61469966537426E-30,-1.));
#2343=DIRECTION('center_axis',(1.09476442525376E-47,1.61469966537426E-30,
-1.));
#2344=DIRECTION('ref_axis',(1.,0.,1.09476442525376E-47));
#2345=DIRECTION('center_axis',(1.09476442525376E-47,1.61469966537426E-30,
-1.));
#2346=DIRECTION('ref_axis',(1.,0.,1.09476442525376E-47));
#2347=DIRECTION('center_axis',(1.09476442525376E-47,1.61469966537426E-30,
-1.));
#2348=DIRECTION('ref_axis',(1.,0.,1.09476442525376E-47));
#2349=DIRECTION('center_axis',(1.09476442525376E-47,1.61469966537426E-30,
-1.));
#2350=DIRECTION('ref_axis',(1.,0.,1.09476442525376E-47));
#2351=DIRECTION('',(1.09476442525376E-47,1.61469966537426E-30,-1.));
#2352=DIRECTION('center_axis',(1.09476442525376E-47,1.61469966537426E-30,
-1.));
#2353=DIRECTION('ref_axis',(1.,0.,1.09476442525376E-47));
#2354=DIRECTION('center_axis',(1.09476442525376E-47,1.61469966537426E-30,
-1.));
#2355=DIRECTION('ref_axis',(1.,0.,1.09476442525376E-47));
#2356=DIRECTION('center_axis',(1.09476442525376E-47,1.61469966537426E-30,
-1.));
#2357=DIRECTION('ref_axis',(1.,0.,1.09476442525376E-47));
#2358=DIRECTION('center_axis',(0.,0.,-1.));
#2359=DIRECTION('ref_axis',(1.,0.,1.09476442525376E-47));
#2360=DIRECTION('',(1.09476442525376E-47,1.61469966537426E-30,-1.));
#2361=DIRECTION('center_axis',(1.09476442525376E-47,1.61469966537426E-30,
-1.));
#2362=DIRECTION('ref_axis',(1.,0.,1.09476442525376E-47));
#2363=DIRECTION('center_axis',(1.09476442525376E-47,1.61469966537426E-30,
-1.));
#2364=DIRECTION('ref_axis',(1.,0.,1.09476442525376E-47));
#2365=DIRECTION('center_axis',(1.09476442525376E-47,1.61469966537426E-30,
-1.));
#2366=DIRECTION('ref_axis',(1.,0.,1.09476442525376E-47));
#2367=DIRECTION('center_axis',(0.,0.,-1.));
#2368=DIRECTION('ref_axis',(1.,0.,1.09476442525376E-47));
#2369=DIRECTION('',(1.09476442525376E-47,1.61469966537426E-30,-1.));
#2370=DIRECTION('center_axis',(1.09476442525376E-47,1.61469966537426E-30,
-1.));
#2371=DIRECTION('ref_axis',(1.,0.,1.09476442525376E-47));
#2372=DIRECTION('center_axis',(1.09476442525376E-47,1.61469966537426E-30,
-1.));
#2373=DIRECTION('ref_axis',(1.,0.,1.09476442525376E-47));
#2374=DIRECTION('center_axis',(1.09476442525376E-47,1.61469966537426E-30,
-1.));
#2375=DIRECTION('ref_axis',(1.,0.,1.09476442525376E-47));
#2376=DIRECTION('center_axis',(0.,0.,-1.));
#2377=DIRECTION('ref_axis',(1.,0.,1.09476442525376E-47));
#2378=DIRECTION('',(1.09476442525376E-47,1.61469966537426E-30,-1.));
#2379=DIRECTION('center_axis',(1.09476442525376E-47,1.61469966537426E-30,
-1.));
#2380=DIRECTION('ref_axis',(1.,0.,1.09476442525376E-47));
#2381=DIRECTION('center_axis',(1.09476442525376E-47,1.61469966537426E-30,
-1.));
#2382=DIRECTION('ref_axis',(1.,0.,1.09476442525376E-47));
#2383=DIRECTION('center_axis',(1.09476442525376E-47,1.61469966537426E-30,
-1.));
#2384=DIRECTION('ref_axis',(1.,0.,1.09476442525376E-47));
#2385=DIRECTION('center_axis',(0.,0.,-1.));
#2386=DIRECTION('ref_axis',(1.,0.,1.09476442525376E-47));
#2387=DIRECTION('',(1.09476442525376E-47,1.61469966537426E-30,-1.));
#2388=DIRECTION('center_axis',(1.09476442525376E-47,1.61469966537426E-30,
-1.));
#2389=DIRECTION('ref_axis',(1.,0.,1.09476442525376E-47));
#2390=DIRECTION('center_axis',(1.09476442525376E-47,1.61469966537426E-30,
-1.));
#2391=DIRECTION('ref_axis',(1.,0.,1.09476442525376E-47));
#2392=DIRECTION('center_axis',(0.,0.,-1.));
#2393=DIRECTION('ref_axis',(1.,0.,0.));
#2394=DIRECTION('center_axis',(-1.4791141972894E-31,-3.14311766923997E-30,
1.));
#2395=DIRECTION('ref_axis',(1.97215226305254E-31,-1.,-3.14311766923996E-30));
#2396=DIRECTION('',(-2.96059473233375E-16,1.,3.14311766923997E-30));
#2397=DIRECTION('center_axis',(-1.4791141972894E-31,-3.14311766923997E-30,
1.));
#2398=DIRECTION('ref_axis',(1.,1.97215226305254E-31,1.4791141972894E-31));
#2399=DIRECTION('',(-1.,1.26882631385732E-16,-1.47911419728939E-31));
#2400=DIRECTION('center_axis',(0.,0.,-1.));
#2401=DIRECTION('ref_axis',(1.97215226305254E-31,-1.,0.));
#2402=DIRECTION('',(0.,0.,-1.));
#2403=DIRECTION('center_axis',(1.,2.96059473233375E-16,0.));
#2404=DIRECTION('ref_axis',(2.96059473233375E-16,-1.,-3.14311766923997E-30));
#2405=DIRECTION('',(0.,0.,-1.));
#2406=DIRECTION('center_axis',(0.,0.,-1.));
#2407=DIRECTION('ref_axis',(1.,1.97215226305254E-31,0.));
#2408=DIRECTION('',(0.,0.,-1.));
#2409=DIRECTION('center_axis',(1.26882631385732E-16,1.,0.));
#2410=DIRECTION('ref_axis',(1.,-1.26882631385732E-16,1.47911419728939E-31));
#2411=DIRECTION('center_axis',(0.,1.,0.));
#2412=DIRECTION('ref_axis',(0.,0.,1.));
#2413=DIRECTION('',(1.,0.,0.));
#2414=DIRECTION('',(0.,0.,-1.));
#2415=DIRECTION('',(1.,0.,0.));
#2416=DIRECTION('',(0.,0.,-1.));
#2417=DIRECTION('center_axis',(1.,-7.65671051465625E-17,0.));
#2418=DIRECTION('ref_axis',(7.65671051465625E-17,1.,0.));
#2419=DIRECTION('',(7.65671051465625E-17,1.,0.));
#2420=DIRECTION('',(7.65671051465625E-17,1.,0.));
#2421=DIRECTION('',(0.,0.,1.));
#2422=DIRECTION('',(0.,0.,1.));
#2423=DIRECTION('center_axis',(1.,0.,-4.44089209850064E-15));
#2424=DIRECTION('ref_axis',(-4.44089209850064E-15,0.,-1.));
#2425=DIRECTION('',(-1.7045824215084E-45,-1.,-3.83837837916376E-31));
#2426=DIRECTION('',(4.44089209850064E-15,0.,1.));
#2427=DIRECTION('',(0.,1.,0.));
#2428=DIRECTION('',(-2.96059473233374E-15,2.62953635073667E-31,-1.));
#2429=DIRECTION('center_axis',(3.27168847569226E-15,-3.83837837916376E-31,
1.));
#2430=DIRECTION('ref_axis',(-1.,3.88578058618805E-16,3.27168847569226E-15));
#2431=DIRECTION('',(-1.,3.88578058618805E-16,3.27168847569226E-15));
#2432=DIRECTION('',(-5.55111512312578E-16,-1.,0.));
#2433=DIRECTION('center_axis',(-3.27168847569226E-15,3.83837837916376E-31,
-1.));
#2434=DIRECTION('ref_axis',(-1.,0.,0.));
#2435=DIRECTION('center_axis',(3.27168847569226E-15,-3.83837837916376E-31,
1.));
#2436=DIRECTION('ref_axis',(-1.,-6.2727600891321E-15,3.27168847569226E-15));
#2437=DIRECTION('',(-1.3520340651884E-45,-1.,-1.61469966537426E-30));
#2438=DIRECTION('',(-1.,0.,2.96059473233374E-15));
#2439=DIRECTION('center_axis',(-3.27168847569226E-15,3.83837837916376E-31,
-1.));
#2440=DIRECTION('ref_axis',(-1.,1.3520340651884E-45,0.));
#2441=DIRECTION('center_axis',(-3.27168847569226E-15,3.83837837916376E-31,
-1.));
#2442=DIRECTION('ref_axis',(-1.,1.3520340651884E-45,0.));
#2443=DIRECTION('center_axis',(0.,0.,1.));
#2444=DIRECTION('ref_axis',(1.,0.,0.));
#2445=DIRECTION('',(0.,-1.,0.));
#2446=DIRECTION('',(1.,-3.88578058618805E-16,0.));
#2447=DIRECTION('',(1.,-1.13638828100559E-45,0.));
#2448=DIRECTION('',(0.,-1.,0.));
#2449=DIRECTION('center_axis',(0.,0.,-1.));
#2450=DIRECTION('ref_axis',(-1.,-6.2727600891321E-15,3.27168847569226E-15));
#2451=DIRECTION('center_axis',(0.,0.,-1.));
#2452=DIRECTION('ref_axis',(-1.,0.,0.));
#2453=DIRECTION('',(-1.,-6.53072367426563E-17,0.));
#2454=DIRECTION('center_axis',(0.,0.,-1.));
#2455=DIRECTION('ref_axis',(0.,-1.,0.));
#2456=DIRECTION('',(0.,-1.,0.));
#2457=DIRECTION('center_axis',(0.,0.,-1.));
#2458=DIRECTION('ref_axis',(1.,0.,0.));
#2459=DIRECTION('',(1.,0.,0.));
#2460=DIRECTION('center_axis',(0.,0.,-1.));
#2461=DIRECTION('ref_axis',(0.999999999996765,2.54358184692263E-6,6.71684936955904E-15));
#2462=DIRECTION('',(-2.87468463262688E-15,-1.,0.));
#2463=DIRECTION('center_axis',(0.,0.,-1.));
#2464=DIRECTION('ref_axis',(1.27358418276094E-6,-0.999999999999189,-2.77470211425959E-17));
#2465=DIRECTION('',(-1.,-4.85722590794214E-15,0.));
#2466=DIRECTION('center_axis',(0.,0.,-1.));
#2467=DIRECTION('ref_axis',(-0.999999999999189,-1.2735841805405E-6,-6.71684933432581E-15));
#2468=DIRECTION('',(-4.18316176845238E-15,1.,0.));
#2469=DIRECTION('center_axis',(0.,0.,-1.));
#2470=DIRECTION('ref_axis',(8.94441797214283E-7,0.9999999999996,2.77615834463911E-17));
#2471=DIRECTION('',(1.,0.,0.));
#2472=DIRECTION('center_axis',(0.,0.,-1.));
#2473=DIRECTION('ref_axis',(-4.44089209850062E-15,1.,0.));
#2474=DIRECTION('center_axis',(0.,1.,0.));
#2475=DIRECTION('ref_axis',(0.,0.,1.));
#2476=DIRECTION('',(0.,0.,1.));
#2477=DIRECTION('',(1.,1.97215226305254E-31,-1.8242408433236E-30));
#2478=DIRECTION('',(-3.27168847569226E-15,3.83837837916376E-31,-1.));
#2479=DIRECTION('center_axis',(0.,0.,-1.));
#2480=DIRECTION('ref_axis',(-1.,1.3520340651884E-45,0.));
#2481=DIRECTION('',(0.,0.,-1.));
#2482=DIRECTION('center_axis',(1.4791141972894E-31,1.61469966537426E-30,
-1.));
#2483=DIRECTION('ref_axis',(-1.,1.3520340651884E-45,-1.4791141972894E-31));
#2484=DIRECTION('center_axis',(-1.4791141972894E-31,-1.61469966537426E-30,
1.));
#2485=DIRECTION('ref_axis',(-1.,1.3520340651884E-45,-1.4791141972894E-31));
#2486=DIRECTION('center_axis',(0.,0.,-1.));
#2487=DIRECTION('ref_axis',(-1.,1.3520340651884E-45,0.));
#2488=DIRECTION('',(0.,0.,-1.));
#2489=DIRECTION('center_axis',(1.4791141972894E-31,1.61469966537426E-30,
-1.));
#2490=DIRECTION('ref_axis',(-1.,1.3520340651884E-45,-1.4791141972894E-31));
#2491=DIRECTION('center_axis',(-1.4791141972894E-31,-1.61469966537426E-30,
1.));
#2492=DIRECTION('ref_axis',(-1.,1.3520340651884E-45,-1.4791141972894E-31));
#2493=DIRECTION('center_axis',(1.,-5.55111512312578E-16,-3.33066907387547E-15));
#2494=DIRECTION('ref_axis',(-3.33066907387547E-15,0.,-1.));
#2495=DIRECTION('',(3.33066907387547E-15,-4.06756404254582E-31,1.));
#2496=DIRECTION('center_axis',(0.,0.,1.));
#2497=DIRECTION('ref_axis',(1.,0.,0.));
#2498=DIRECTION('',(-1.3520340651884E-45,-1.,0.));
#2499=DIRECTION('',(0.,1.,0.));
#2500=DIRECTION('center_axis',(1.,0.,0.));
#2501=DIRECTION('ref_axis',(0.,0.,-1.));
#2502=DIRECTION('center_axis',(1.,0.,-3.33066907387548E-15));
#2503=DIRECTION('ref_axis',(-3.33066907387548E-15,0.,-1.));
#2504=DIRECTION('center_axis',(0.,-1.,0.));
#2505=DIRECTION('ref_axis',(1.,0.,0.));
#2506=DIRECTION('',(-6.71684929898219E-15,-2.77555756156436E-17,1.));
#2507=DIRECTION('',(1.,0.,6.71684929898219E-15));
#2508=DIRECTION('',(6.71684929898219E-15,2.77555756156436E-17,-1.));
#2509=DIRECTION('',(0.,0.,1.));
#2510=DIRECTION('',(0.,0.,1.));
#2511=DIRECTION('center_axis',(-0.999999999999998,-6.51405497916178E-8,
0.));
#2512=DIRECTION('ref_axis',(-6.51405497916178E-8,0.999999999999998,-1.99385383586055E-17));
#2513=DIRECTION('',(-6.51405497916178E-8,0.999999999999998,2.77551380763873E-17));
#2514=DIRECTION('',(0.,0.,-1.));
#2515=DIRECTION('',(-6.51405497916178E-8,0.999999999999998,-1.99385383586055E-17));
#2516=DIRECTION('center_axis',(1.31434234843774E-14,-1.,0.));
#2517=DIRECTION('ref_axis',(-1.,-1.31434234843774E-14,2.31296497745311E-17));
#2518=DIRECTION('',(-1.,-1.31434234843774E-14,-6.71684929898219E-15));
#2519=DIRECTION('',(0.,0.,-1.));
#2520=DIRECTION('',(-1.,-1.31434234843774E-14,2.31296497745311E-17));
#2521=DIRECTION('center_axis',(0.999999999999998,-6.51405434112863E-8,0.));
#2522=DIRECTION('ref_axis',(-6.51405434112863E-8,-0.999999999999998,-3.14311767887499E-30));
#2523=DIRECTION('',(-6.51405434112863E-8,-0.999999999999998,-3.14311767887499E-30));
#2524=DIRECTION('',(-6.51405434112863E-8,-0.999999999999998,-2.77560131548569E-17));
#2525=DIRECTION('center_axis',(0.,0.,-1.));
#2526=DIRECTION('ref_axis',(-1.,0.,0.));
#2527=DIRECTION('center_axis',(-6.71684929898219E-15,-2.77555756156436E-17,
1.));
#2528=DIRECTION('ref_axis',(8.94441797214283E-7,0.9999999999996,2.77615834463911E-17));
#2529=DIRECTION('',(-6.71684929898219E-15,-2.77555756156436E-17,1.));
#2530=DIRECTION('center_axis',(-6.71684929898219E-15,-2.77555756156436E-17,
1.));
#2531=DIRECTION('ref_axis',(8.94441797214283E-7,0.9999999999996,2.77615834463911E-17));
#2532=DIRECTION('center_axis',(-1.,-4.18316176845238E-15,-6.71684929898219E-15));
#2533=DIRECTION('ref_axis',(4.18316176845238E-15,-1.,-2.77555756156155E-17));
#2534=DIRECTION('',(-6.71684929898219E-15,-2.77555756156436E-17,1.));
#2535=DIRECTION('',(4.18316176845238E-15,-1.,-2.77555756156155E-17));
#2536=DIRECTION('center_axis',(-6.71684929898219E-15,-2.77555756156436E-17,
1.));
#2537=DIRECTION('ref_axis',(0.999999999996765,2.54358184692263E-6,6.71684936955904E-15));
#2538=DIRECTION('center_axis',(-6.71684929898219E-15,-2.77555756156436E-17,
1.));
#2539=DIRECTION('ref_axis',(0.999999999996765,2.54358184692263E-6,6.71684936955904E-15));
#2540=DIRECTION('',(-6.71684929898219E-15,-2.77555756156436E-17,1.));
#2541=DIRECTION('center_axis',(1.,-2.87468463262688E-15,6.71684929898219E-15));
#2542=DIRECTION('ref_axis',(2.87468463262688E-15,1.,2.77555756156629E-17));
#2543=DIRECTION('',(2.87468463262688E-15,1.,2.77555756156629E-17));
#2544=DIRECTION('',(-6.71684929898219E-15,-2.77555756156436E-17,1.));
#2545=DIRECTION('center_axis',(-6.71684929898219E-15,-2.77555756156436E-17,
1.));
#2546=DIRECTION('ref_axis',(1.27358418276094E-6,-0.999999999999189,-2.77470211425959E-17));
#2547=DIRECTION('center_axis',(-6.71684929898219E-15,-2.77555756156436E-17,
1.));
#2548=DIRECTION('ref_axis',(1.27358418276094E-6,-0.999999999999189,-2.77470211425959E-17));
#2549=DIRECTION('',(-6.71684929898219E-15,-2.77555756156436E-17,1.));
#2550=DIRECTION('center_axis',(4.85722590794214E-15,-1.,-2.77555756156109E-17));
#2551=DIRECTION('ref_axis',(1.,4.85722590794214E-15,6.71684929898219E-15));
#2552=DIRECTION('',(1.,4.85722590794214E-15,6.71684929898219E-15));
#2553=DIRECTION('',(-6.71684929898219E-15,-2.77555756156436E-17,1.));
#2554=DIRECTION('center_axis',(-6.71684929898219E-15,-2.77555756156436E-17,
1.));
#2555=DIRECTION('ref_axis',(-0.999999999999189,-1.2735841805405E-6,-6.71684933432581E-15));
#2556=DIRECTION('center_axis',(-6.71684929898219E-15,-2.77555756156436E-17,
1.));
#2557=DIRECTION('ref_axis',(-0.999999999999189,-1.2735841805405E-6,-6.71684933432581E-15));
#2558=DIRECTION('center_axis',(-6.71684929898219E-15,-2.77555756156436E-17,
1.));
#2559=DIRECTION('ref_axis',(6.93889390390723E-16,-1.,-2.77555756156389E-17));
#2560=DIRECTION('center_axis',(3.27168847569226E-15,-3.83837837916376E-31,
1.));
#2561=DIRECTION('ref_axis',(-1.,-6.2727600891321E-15,3.27168847569226E-15));
#2562=DIRECTION('',(3.27168847569226E-15,-3.83837837916376E-31,1.));
#2563=DIRECTION('center_axis',(-3.88578058618805E-16,-1.,8.87468518373639E-31));
#2564=DIRECTION('ref_axis',(1.,-3.88578058618805E-16,-3.27168847569226E-15));
#2565=DIRECTION('center_axis',(0.,0.,1.));
#2566=DIRECTION('ref_axis',(-1.,0.,0.));
#2567=DIRECTION('',(0.,0.,1.));
#2568=DIRECTION('center_axis',(0.,0.,1.));
#2569=DIRECTION('ref_axis',(-4.44089209850062E-15,1.,0.));
#2570=DIRECTION('center_axis',(-6.53072367426563E-17,1.,0.));
#2571=DIRECTION('ref_axis',(-1.,-6.53072367426563E-17,0.));
#2572=DIRECTION('',(0.,0.,1.));
#2573=DIRECTION('center_axis',(0.,0.,1.));
#2574=DIRECTION('ref_axis',(0.,-1.,0.));
#2575=DIRECTION('',(0.,0.,1.));
#2576=DIRECTION('center_axis',(-1.,0.,0.));
#2577=DIRECTION('ref_axis',(0.,-1.,0.));
#2578=DIRECTION('',(0.,0.,1.));
#2579=DIRECTION('center_axis',(0.,0.,1.));
#2580=DIRECTION('ref_axis',(1.,0.,0.));
#2581=DIRECTION('',(4.93038065763132E-32,1.11022302462514E-16,1.));
#2582=DIRECTION('',(1.,6.77626357783719E-21,-1.97215978621638E-31));
#2583=DIRECTION('',(4.93038065763132E-32,1.11022302462514E-16,1.));
#2584=DIRECTION('',(1.,-1.97215226305254E-31,-1.97215226305253E-31));
#2585=CARTESIAN_POINT('',(0.,0.,0.));
#2586=CARTESIAN_POINT('',(0.,0.,0.));
#2587=CARTESIAN_POINT('Origin',(-27.5451093759533,-30.1015101744675,-1.40129846432482E-44));
#2588=CARTESIAN_POINT('',(-25.9576093759533,-30.1015101744675,5.));
#2589=CARTESIAN_POINT('Origin',(-27.5451093759533,-30.1015101744675,5.));
#2590=CARTESIAN_POINT('',(-25.9576093759533,-30.1015101744675,-1.40129846432482E-44));
#2591=CARTESIAN_POINT('',(-25.9576093759533,-30.1015101744675,-1.40129846432482E-44));
#2592=CARTESIAN_POINT('Origin',(-27.5451093759533,-30.1015101744675,-1.40129846432482E-44));
#2593=CARTESIAN_POINT('Origin',(-27.5451093759533,-30.1015101744675,-1.40129846432482E-44));
#2594=CARTESIAN_POINT('',(-22.9576093759533,-30.1015101744675,5.));
#2595=CARTESIAN_POINT('Origin',(-27.5451093759533,-30.1015101744675,5.));
#2596=CARTESIAN_POINT('',(-22.9576093759533,-30.1015101744675,0.));
#2597=CARTESIAN_POINT('',(-22.9576093759533,-30.1015101744675,-1.40129846432482E-44));
#2598=CARTESIAN_POINT('Origin',(-27.5451093759533,-30.1015101744675,-1.40129846432482E-44));
#2599=CARTESIAN_POINT('Origin',(-27.5451093759533,-30.1015101744675,5.));
#2600=CARTESIAN_POINT('Origin',(-27.5451093759533,-30.1015101744675,-1.40129846432482E-44));
#2601=CARTESIAN_POINT('Origin',(27.6998906240469,-30.1015101744676,-1.40129846432482E-44));
#2602=CARTESIAN_POINT('',(29.2873906240469,-30.1015101744676,5.));
#2603=CARTESIAN_POINT('Origin',(27.6998906240469,-30.1015101744676,5.));
#2604=CARTESIAN_POINT('',(29.2873906240469,-30.1015101744676,0.));
#2605=CARTESIAN_POINT('',(29.2873906240469,-30.1015101744676,-1.40129846432482E-44));
#2606=CARTESIAN_POINT('Origin',(27.6998906240469,-30.1015101744676,-1.40129846432482E-44));
#2607=CARTESIAN_POINT('Origin',(27.6998906240469,-30.1015101744676,-1.40129846432482E-44));
#2608=CARTESIAN_POINT('',(32.2873906240469,-30.1015101744676,5.));
#2609=CARTESIAN_POINT('Origin',(27.6998906240469,-30.1015101744676,5.));
#2610=CARTESIAN_POINT('',(32.2873906240469,-30.1015101744676,1.40129846432482E-44));
#2611=CARTESIAN_POINT('',(32.2873906240469,-30.1015101744676,-1.40129846432482E-44));
#2612=CARTESIAN_POINT('Origin',(27.6998906240469,-30.1015101744676,-1.40129846432482E-44));
#2613=CARTESIAN_POINT('Origin',(27.6998906240469,-30.1015101744676,5.));
#2614=CARTESIAN_POINT('Origin',(27.6998906240469,-30.1015101744676,-1.40129846432482E-44));
#2615=CARTESIAN_POINT('',(0.,0.,0.));
#2616=CARTESIAN_POINT('Origin',(-37.5000013969839,-60.,17.8999995999038));
#2617=CARTESIAN_POINT('',(62.4469441815206,-59.739709496849,17.8999995999038));
#2618=CARTESIAN_POINT('',(62.4999986030161,-59.739709496849,17.8999995999038));
#2619=CARTESIAN_POINT('',(-37.7765286077316,-59.739709496849,17.8999995999038));
#2620=CARTESIAN_POINT('',(62.4469441815206,-55.,17.8999995999038));
#2621=CARTESIAN_POINT('',(62.4469441815206,-35.8698547484245,17.8999995999038));
#2622=CARTESIAN_POINT('',(-37.5000013969839,-55.,17.8999995999038));
#2623=CARTESIAN_POINT('',(62.4999986030161,-55.,17.8999995999038));
#2624=CARTESIAN_POINT('',(-37.5000013969839,-60.,17.8999995999038));
#2625=CARTESIAN_POINT('',(-37.5000013969839,-60.,17.8999995999038));
#2626=CARTESIAN_POINT('',(62.4999986030161,-60.,17.8999995999038));
#2627=CARTESIAN_POINT('',(30.2499993015081,-60.,17.8999995999038));
#2628=CARTESIAN_POINT('',(62.4999986030161,-60.,17.8999995999038));
#2629=CARTESIAN_POINT('Origin',(12.4999986030161,-55.,17.3999995999038));
#2630=CARTESIAN_POINT('',(62.4469441815206,-55.,16.8999995999038));
#2631=CARTESIAN_POINT('',(62.4469441815206,-55.,16.1999997999519));
#2632=CARTESIAN_POINT('',(-37.5000013969839,-55.,16.8999995999038));
#2633=CARTESIAN_POINT('',(-37.5000013969839,-55.,16.8999995999038));
#2634=CARTESIAN_POINT('',(-37.5000013969839,-55.,17.8999995999038));
#2635=CARTESIAN_POINT('Origin',(62.4999986030161,-60.,17.8999995999038));
#2636=CARTESIAN_POINT('',(62.4999986030161,-59.739709496849,16.8999995999038));
#2637=CARTESIAN_POINT('',(62.4999986030161,-59.739709496849,8.94999979995199));
#2638=CARTESIAN_POINT('',(62.4999986030161,-60.,16.8999995999038));
#2639=CARTESIAN_POINT('',(62.4999986030161,-60.,8.94999979995191));
#2640=CARTESIAN_POINT('',(62.4999986030161,-60.,16.8999995999038));
#2641=CARTESIAN_POINT('Origin',(-37.5000013969839,-60.,16.8999995999038));
#2642=CARTESIAN_POINT('',(-37.5000013969839,-60.,16.8999995999038));
#2643=CARTESIAN_POINT('',(-37.5000013969839,-60.,8.44999979995191));
#2644=CARTESIAN_POINT('',(-37.5000013969839,-60.,16.8999995999038));
#2645=CARTESIAN_POINT('Origin',(62.4999986030161,-60.,16.8999995999038));
#2646=CARTESIAN_POINT('',(62.4469441815206,-59.739709496849,16.8999995999038));
#2647=CARTESIAN_POINT('',(12.2234713922684,-59.739709496849,16.8999995999038));
#2648=CARTESIAN_POINT('',(80.2499993015081,-60.,16.8999995999038));
#2649=CARTESIAN_POINT('',(62.4469441815206,-35.8698547484245,16.8999995999038));
#2650=CARTESIAN_POINT('Origin',(-38.0530558184794,-59.739709496849,1.57041046833228E-13));
#2651=CARTESIAN_POINT('',(62.4469441815207,-59.739709496849,15.));
#2652=CARTESIAN_POINT('',(62.4469441815206,-59.739709496849,7.50000000000008));
#2653=CARTESIAN_POINT('',(-38.0530558184793,-59.739709496849,15.0000000000002));
#2654=CARTESIAN_POINT('',(-38.0530558184793,-59.739709496849,15.0000000000002));
#2655=CARTESIAN_POINT('',(-38.0530558184794,-59.739709496849,5.));
#2656=CARTESIAN_POINT('',(-38.0530558184794,-59.739709496849,1.57041046833228E-13));
#2657=CARTESIAN_POINT('',(64.4469441815206,-59.739709496849,4.99999999999998));
#2658=CARTESIAN_POINT('',(44.9734720907603,-59.739709496849,5.));
#2659=CARTESIAN_POINT('',(64.4469441815206,-59.739709496849,18.));
#2660=CARTESIAN_POINT('',(64.4469441815206,-59.739709496849,15.));
#2661=CARTESIAN_POINT('',(62.4469441815207,-59.739709496849,18.));
#2662=CARTESIAN_POINT('',(61.9469441815207,-59.739709496849,18.));
#2663=CARTESIAN_POINT('',(62.4469441815206,-59.739709496849,7.50000000000008));
#2664=CARTESIAN_POINT('Origin',(48.244740695995,56.3652791781375,7.50000000000005));
#2665=CARTESIAN_POINT('',(46.578740695995,56.3652791781375,10.));
#2666=CARTESIAN_POINT('Origin',(48.244740695995,56.3652791781375,10.));
#2667=CARTESIAN_POINT('',(46.578740695995,56.3652791781375,5.00000000000005));
#2668=CARTESIAN_POINT('',(46.578740695995,56.3652791781375,7.50000000000005));
#2669=CARTESIAN_POINT('Origin',(48.244740695995,56.3652791781375,5.00000000000005));
#2670=CARTESIAN_POINT('Origin',(48.244740695995,56.3652791781375,5.00000000000005));
#2671=CARTESIAN_POINT('Origin',(93.244739595995,56.3652791781429,7.50000000000005));
#2672=CARTESIAN_POINT('',(91.578739595995,56.3652791781429,10.));
#2673=CARTESIAN_POINT('Origin',(93.244739595995,56.3652791781429,10.));
#2674=CARTESIAN_POINT('',(91.578739595995,56.3652791781429,5.00000000000005));
#2675=CARTESIAN_POINT('',(91.578739595995,56.3652791781429,7.50000000000005));
#2676=CARTESIAN_POINT('Origin',(93.244739595995,56.3652791781429,5.00000000000005));
#2677=CARTESIAN_POINT('Origin',(93.244739595995,56.3652791781429,5.00000000000005));
#2678=CARTESIAN_POINT('Origin',(46.8655389846127,51.,10.));
#2679=CARTESIAN_POINT('',(94.8655391246128,51.,10.));
#2680=CARTESIAN_POINT('',(46.8655389846127,51.,10.));
#2681=CARTESIAN_POINT('',(58.8655390196128,51.,9.99999999999997));
#2682=CARTESIAN_POINT('',(46.8655389846127,51.,5.00000000000005));
#2683=CARTESIAN_POINT('',(46.8655394405966,51.,10.));
#2684=CARTESIAN_POINT('',(94.8655391246128,51.,5.00000000000005));
#2685=CARTESIAN_POINT('',(58.8655390196128,51.,5.00000000000005));
#2686=CARTESIAN_POINT('',(94.865538668629,51.,10.));
#2687=CARTESIAN_POINT('Origin',(65.,-69.,3.));
#2688=CARTESIAN_POINT('',(100.,-69.,0.));
#2689=CARTESIAN_POINT('',(100.,-72.,3.));
#2690=CARTESIAN_POINT('Origin',(100.,-69.,3.));
#2691=CARTESIAN_POINT('',(-40.,-72.,3.));
#2692=CARTESIAN_POINT('',(65.,-72.,3.));
#2693=CARTESIAN_POINT('',(-40.,-69.,0.));
#2694=CARTESIAN_POINT('Origin',(-40.,-69.,3.));
#2695=CARTESIAN_POINT('',(65.,-69.,0.));
#2696=CARTESIAN_POINT('Origin',(-40.,-60.,3.));
#2697=CARTESIAN_POINT('',(-52.,-60.,3.));
#2698=CARTESIAN_POINT('',(-49.,-60.,0.));
#2699=CARTESIAN_POINT('Origin',(-49.,-60.,3.));
#2700=CARTESIAN_POINT('Origin',(-40.,-60.,0.));
#2701=CARTESIAN_POINT('Origin',(-40.,-60.,3.));
#2702=CARTESIAN_POINT('Origin',(-49.,-30.,3.));
#2703=CARTESIAN_POINT('',(-52.,60.,3.));
#2704=CARTESIAN_POINT('',(-49.,60.,0.));
#2705=CARTESIAN_POINT('Origin',(-49.,60.,3.));
#2706=CARTESIAN_POINT('',(-49.,-30.,0.));
#2707=CARTESIAN_POINT('',(-52.,-30.,3.));
#2708=CARTESIAN_POINT('Origin',(-40.,60.,3.));
#2709=CARTESIAN_POINT('',(-40.,72.,3.));
#2710=CARTESIAN_POINT('',(-40.,69.,0.));
#2711=CARTESIAN_POINT('Origin',(-40.,69.,3.));
#2712=CARTESIAN_POINT('Origin',(-40.,60.,0.));
#2713=CARTESIAN_POINT('Origin',(-40.,60.,3.));
#2714=CARTESIAN_POINT('Origin',(-5.00000000000001,69.,3.));
#2715=CARTESIAN_POINT('',(100.,72.,3.));
#2716=CARTESIAN_POINT('',(100.,69.,0.));
#2717=CARTESIAN_POINT('Origin',(100.,69.,3.));
#2718=CARTESIAN_POINT('',(-5.00000000000001,69.,0.));
#2719=CARTESIAN_POINT('',(-5.00000000000001,72.,3.));
#2720=CARTESIAN_POINT('Origin',(100.,60.,3.));
#2721=CARTESIAN_POINT('',(112.,60.,3.));
#2722=CARTESIAN_POINT('',(109.,60.,0.));
#2723=CARTESIAN_POINT('Origin',(109.,60.,3.));
#2724=CARTESIAN_POINT('Origin',(100.,60.,0.));
#2725=CARTESIAN_POINT('Origin',(100.,60.,3.));
#2726=CARTESIAN_POINT('Origin',(109.,30.,3.));
#2727=CARTESIAN_POINT('',(112.,-60.,3.));
#2728=CARTESIAN_POINT('',(109.,-60.,0.));
#2729=CARTESIAN_POINT('Origin',(109.,-60.,3.));
#2730=CARTESIAN_POINT('',(109.,30.,0.));
#2731=CARTESIAN_POINT('',(112.,30.,3.));
#2732=CARTESIAN_POINT('Origin',(100.,-60.,3.));
#2733=CARTESIAN_POINT('Origin',(100.,-60.,0.));
#2734=CARTESIAN_POINT('Origin',(100.,-60.,3.));
#2735=CARTESIAN_POINT('Origin',(-40.,60.,30.));
#2736=CARTESIAN_POINT('',(-52.,60.,30.));
#2737=CARTESIAN_POINT('',(-52.,60.,30.));
#2738=CARTESIAN_POINT('',(-40.,72.,30.));
#2739=CARTESIAN_POINT('Origin',(-40.,60.,30.));
#2740=CARTESIAN_POINT('',(-40.,72.,30.));
#2741=CARTESIAN_POINT('Origin',(-52.,-60.,30.));
#2742=CARTESIAN_POINT('',(-52.,-60.,30.));
#2743=CARTESIAN_POINT('',(-52.,-60.,30.));
#2744=CARTESIAN_POINT('',(-52.,60.,30.));
#2745=CARTESIAN_POINT('Origin',(-40.,-60.,30.));
#2746=CARTESIAN_POINT('',(-40.,-72.,30.));
#2747=CARTESIAN_POINT('',(-40.,-72.,30.));
#2748=CARTESIAN_POINT('Origin',(-40.,-60.,30.));
#2749=CARTESIAN_POINT('Origin',(100.,-72.,30.));
#2750=CARTESIAN_POINT('',(100.,-72.,30.));
#2751=CARTESIAN_POINT('',(100.,-72.,30.));
#2752=CARTESIAN_POINT('',(-40.,-72.,30.));
#2753=CARTESIAN_POINT('Origin',(30.,0.,0.));
#2754=CARTESIAN_POINT('Origin',(98.,-58.,30.0000004470348));
#2755=CARTESIAN_POINT('',(103.200000983477,-58.,30.));
#2756=CARTESIAN_POINT('',(98.,-63.2000009834766,30.));
#2757=CARTESIAN_POINT('Origin',(98.,-58.,30.));
#2758=CARTESIAN_POINT('',(103.200000983477,-58.,29.8000004470348));
#2759=CARTESIAN_POINT('',(103.200000983477,-58.,30.2000004470348));
#2760=CARTESIAN_POINT('',(98.,-63.2000009834766,29.8000004470348));
#2761=CARTESIAN_POINT('Origin',(98.,-58.,29.8000004470348));
#2762=CARTESIAN_POINT('',(98.,-63.2000009834766,30.2000004470348));
#2763=CARTESIAN_POINT('Origin',(98.,-63.2000009834766,29.8000004470348));
#2764=CARTESIAN_POINT('',(-38.,-63.2000009834766,30.));
#2765=CARTESIAN_POINT('',(99.5000007525086,-63.2000009834766,30.));
#2766=CARTESIAN_POINT('',(-38.,-63.2000009834766,29.8000004470348));
#2767=CARTESIAN_POINT('',(98.,-63.2000009834766,29.8000004470348));
#2768=CARTESIAN_POINT('',(-38.,-63.2000009834766,30.2000004470348));
#2769=CARTESIAN_POINT('Origin',(-38.,-58.,30.0000004470348));
#2770=CARTESIAN_POINT('',(-43.2000009834766,-58.,30.));
#2771=CARTESIAN_POINT('Origin',(-38.,-58.,30.));
#2772=CARTESIAN_POINT('',(-43.2000009834766,-58.,29.8000004470348));
#2773=CARTESIAN_POINT('Origin',(-38.,-58.,29.8000004470348));
#2774=CARTESIAN_POINT('',(-43.2000009834766,-58.,30.2000004470348));
#2775=CARTESIAN_POINT('Origin',(-43.2000009834766,-58.,29.8000004470348));
#2776=CARTESIAN_POINT('',(-43.2000009834766,58.,30.));
#2777=CARTESIAN_POINT('',(-43.2000009834766,1.75000045821071,30.));
#2778=CARTESIAN_POINT('',(-43.2000009834766,58.,29.8000004470348));
#2779=CARTESIAN_POINT('',(-43.2000009834766,-58.,29.8000004470348));
#2780=CARTESIAN_POINT('',(-43.2000009834766,58.,30.2000004470348));
#2781=CARTESIAN_POINT('Origin',(98.,-58.,30.0000004470348));
#2782=CARTESIAN_POINT('',(98.,-62.8000009834766,30.));
#2783=CARTESIAN_POINT('',(102.800000983477,-58.,30.));
#2784=CARTESIAN_POINT('Origin',(98.,-58.,30.));
#2785=CARTESIAN_POINT('',(98.,-62.8000009834766,29.8000004470348));
#2786=CARTESIAN_POINT('',(98.,-62.8000009834766,29.8000004470348));
#2787=CARTESIAN_POINT('',(102.800000983477,-58.,29.8000004470348));
#2788=CARTESIAN_POINT('Origin',(98.,-58.,29.8000004470348));
#2789=CARTESIAN_POINT('',(102.800000983477,-58.,29.8000004470348));
#2790=CARTESIAN_POINT('Origin',(102.800000983477,58.,30.2000004470348));
#2791=CARTESIAN_POINT('',(102.800000983477,58.,30.));
#2792=CARTESIAN_POINT('',(102.800000983477,59.7500004582107,30.));
#2793=CARTESIAN_POINT('',(102.800000983477,58.,29.8000004470348));
#2794=CARTESIAN_POINT('',(102.800000983477,58.,29.8000004470348));
#2795=CARTESIAN_POINT('',(102.800000983477,58.,29.8000004470348));
#2796=CARTESIAN_POINT('Origin',(98.,58.,30.0000004470348));
#2797=CARTESIAN_POINT('',(98.,62.8000009834766,30.));
#2798=CARTESIAN_POINT('Origin',(98.,58.,30.));
#2799=CARTESIAN_POINT('',(98.,62.8000009834766,29.8000004470348));
#2800=CARTESIAN_POINT('Origin',(98.,58.,29.8000004470348));
#2801=CARTESIAN_POINT('',(98.,62.8000009834766,29.8000004470348));
#2802=CARTESIAN_POINT('Origin',(-3.43756034913053E-46,62.8000009834766,
30.2000004470348));
#2803=CARTESIAN_POINT('',(-38.,62.8000009834766,30.));
#2804=CARTESIAN_POINT('',(50.5000007525086,62.8000009834766,30.));
#2805=CARTESIAN_POINT('',(-38.,62.8000009834766,29.8000004470348));
#2806=CARTESIAN_POINT('',(-3.43756034913053E-46,62.8000009834766,29.8000004470348));
#2807=CARTESIAN_POINT('',(-38.,62.8000009834766,29.8000004470348));
#2808=CARTESIAN_POINT('Origin',(-38.,58.,30.0000004470348));
#2809=CARTESIAN_POINT('',(-38.,63.2000009834766,30.));
#2810=CARTESIAN_POINT('Origin',(-38.,58.,30.));
#2811=CARTESIAN_POINT('',(-38.,63.2000009834766,29.8000004470348));
#2812=CARTESIAN_POINT('Origin',(-38.,58.,29.8000004470348));
#2813=CARTESIAN_POINT('',(-38.,63.2000009834766,30.2000004470348));
#2814=CARTESIAN_POINT('Origin',(-38.,58.,30.0000004470348));
#2815=CARTESIAN_POINT('',(-42.8000009834766,58.,30.));
#2816=CARTESIAN_POINT('Origin',(-38.,58.,30.));
#2817=CARTESIAN_POINT('',(-42.8000009834766,58.,29.8000004470348));
#2818=CARTESIAN_POINT('Origin',(-38.,58.,29.8000004470348));
#2819=CARTESIAN_POINT('',(-42.8000009834766,58.,29.8000004470348));
#2820=CARTESIAN_POINT('Origin',(-42.8000009834766,-58.,30.2000004470348));
#2821=CARTESIAN_POINT('',(-42.8000009834766,-58.,30.));
#2822=CARTESIAN_POINT('',(-42.8000009834766,1.75000045821071,30.));
#2823=CARTESIAN_POINT('',(-42.8000009834766,-58.,29.8000004470348));
#2824=CARTESIAN_POINT('',(-42.8000009834766,-58.,29.8000004470348));
#2825=CARTESIAN_POINT('',(-42.8000009834766,-58.,29.8000004470348));
#2826=CARTESIAN_POINT('Origin',(-38.,-58.,30.0000004470348));
#2827=CARTESIAN_POINT('',(-38.,-62.8000009834766,30.));
#2828=CARTESIAN_POINT('Origin',(-38.,-58.,30.));
#2829=CARTESIAN_POINT('',(-38.,-62.8000009834766,29.8000004470348));
#2830=CARTESIAN_POINT('Origin',(-38.,-58.,29.8000004470348));
#2831=CARTESIAN_POINT('',(-38.,-62.8000009834766,29.8000004470348));
#2832=CARTESIAN_POINT('Origin',(98.,-62.8000009834766,30.2000004470348));
#2833=CARTESIAN_POINT('',(99.5000007525086,-62.8000009834766,30.));
#2834=CARTESIAN_POINT('',(98.,-62.8000009834766,29.8000004470348));
#2835=CARTESIAN_POINT('Origin',(103.200000983477,58.,29.8000004470348));
#2836=CARTESIAN_POINT('',(103.200000983477,58.,30.));
#2837=CARTESIAN_POINT('',(103.200000983477,59.7500004582107,30.));
#2838=CARTESIAN_POINT('',(103.200000983477,58.,29.8000004470348));
#2839=CARTESIAN_POINT('',(103.200000983477,58.,30.2000004470348));
#2840=CARTESIAN_POINT('',(103.200000983477,58.,29.8000004470348));
#2841=CARTESIAN_POINT('Origin',(102.800000983477,58.,29.8000004470348));
#2842=CARTESIAN_POINT('',(98.,63.2000009834766,29.8000004470348));
#2843=CARTESIAN_POINT('Origin',(98.,58.,29.8000004470348));
#2844=CARTESIAN_POINT('',(-3.4594556376356E-46,63.2000009834766,29.8000004470348));
#2845=CARTESIAN_POINT('Origin',(98.,58.,30.0000004470348));
#2846=CARTESIAN_POINT('',(98.,63.2000009834766,30.));
#2847=CARTESIAN_POINT('Origin',(98.,58.,30.));
#2848=CARTESIAN_POINT('',(98.,63.2000009834766,30.2000004470348));
#2849=CARTESIAN_POINT('Origin',(-3.4594556376356E-46,63.2000009834766,29.8000004470348));
#2850=CARTESIAN_POINT('',(50.5000007525086,63.2000009834766,30.));
#2851=CARTESIAN_POINT('Origin',(101.000001505017,61.5000009164214,30.));
#2852=CARTESIAN_POINT('',(98.,60.,30.));
#2853=CARTESIAN_POINT('',(100.,58.,30.));
#2854=CARTESIAN_POINT('Origin',(98.,58.,30.));
#2855=CARTESIAN_POINT('',(100.,-58.,30.));
#2856=CARTESIAN_POINT('',(100.,58.,30.));
#2857=CARTESIAN_POINT('',(98.,-60.,30.));
#2858=CARTESIAN_POINT('Origin',(98.,-58.,30.));
#2859=CARTESIAN_POINT('',(-38.,-60.,30.));
#2860=CARTESIAN_POINT('',(98.,-60.,30.));
#2861=CARTESIAN_POINT('',(-40.,-58.,30.));
#2862=CARTESIAN_POINT('Origin',(-38.,-58.,30.));
#2863=CARTESIAN_POINT('',(-40.,58.,30.));
#2864=CARTESIAN_POINT('',(-40.,-58.,30.));
#2865=CARTESIAN_POINT('',(-38.,60.,30.));
#2866=CARTESIAN_POINT('Origin',(-38.,58.,30.));
#2867=CARTESIAN_POINT('',(-38.,60.,30.));
#2868=CARTESIAN_POINT('Origin',(-45.0000015646219,-65.0000009685755,22.7));
#2869=CARTESIAN_POINT('',(-46.5000015646219,-65.0000009685755,25.2));
#2870=CARTESIAN_POINT('Origin',(-45.0000015646219,-65.0000009685755,25.2));
#2871=CARTESIAN_POINT('',(-46.5000015646219,-65.0000009685755,20.2));
#2872=CARTESIAN_POINT('',(-46.5000015646219,-65.0000009685755,22.7));
#2873=CARTESIAN_POINT('Origin',(-45.0000015646219,-65.0000009685755,20.2));
#2874=CARTESIAN_POINT('Origin',(-45.0000015646219,-65.0000009685755,20.2));
#2875=CARTESIAN_POINT('Origin',(-45.0000015646219,65.0000009685755,22.7));
#2876=CARTESIAN_POINT('',(-46.5000015646219,65.0000009685755,25.2));
#2877=CARTESIAN_POINT('Origin',(-45.0000015646219,65.0000009685755,25.2));
#2878=CARTESIAN_POINT('',(-46.5000015646219,65.0000009685755,20.2));
#2879=CARTESIAN_POINT('',(-46.5000015646219,65.0000009685755,22.7));
#2880=CARTESIAN_POINT('Origin',(-45.0000015646219,65.0000009685755,20.2));
#2881=CARTESIAN_POINT('Origin',(-45.0000015646219,65.0000009685755,20.2));
#2882=CARTESIAN_POINT('Origin',(105.000001564622,65.0000009685755,22.7));
#2883=CARTESIAN_POINT('',(103.500001564622,65.0000009685755,25.2));
#2884=CARTESIAN_POINT('Origin',(105.000001564622,65.0000009685755,25.2));
#2885=CARTESIAN_POINT('',(103.500001564622,65.0000009685755,20.2));
#2886=CARTESIAN_POINT('',(103.500001564622,65.0000009685755,22.7));
#2887=CARTESIAN_POINT('Origin',(105.000001564622,65.0000009685755,20.2));
#2888=CARTESIAN_POINT('Origin',(105.000001564622,65.0000009685755,20.2));
#2889=CARTESIAN_POINT('Origin',(105.000001564622,-65.0000009685755,22.7));
#2890=CARTESIAN_POINT('',(103.500001564622,-65.0000009685755,25.2));
#2891=CARTESIAN_POINT('Origin',(105.000001564622,-65.0000009685755,25.2));
#2892=CARTESIAN_POINT('',(103.500001564622,-65.0000009685755,20.2));
#2893=CARTESIAN_POINT('',(103.500001564622,-65.0000009685755,22.7));
#2894=CARTESIAN_POINT('Origin',(105.000001564622,-65.0000009685755,20.2));
#2895=CARTESIAN_POINT('Origin',(105.000001564622,-65.0000009685755,20.2));
#2896=CARTESIAN_POINT('Origin',(-45.0000015646219,65.0000009685755,27.6));
#2897=CARTESIAN_POINT('',(-47.0000015646219,65.0000009685755,30.));
#2898=CARTESIAN_POINT('Origin',(-45.0000015646219,65.0000009685755,30.));
#2899=CARTESIAN_POINT('',(-47.0000015646219,65.0000009685755,25.2));
#2900=CARTESIAN_POINT('',(-47.0000015646219,65.0000009685755,27.6));
#2901=CARTESIAN_POINT('Origin',(-45.0000015646219,65.0000009685755,25.2));
#2902=CARTESIAN_POINT('Origin',(-45.0000015646219,65.0000009685755,25.2));
#2903=CARTESIAN_POINT('Origin',(105.000001564622,-65.0000009685755,27.6));
#2904=CARTESIAN_POINT('',(103.000001564622,-65.0000009685755,30.));
#2905=CARTESIAN_POINT('Origin',(105.000001564622,-65.0000009685755,30.));
#2906=CARTESIAN_POINT('',(103.000001564622,-65.0000009685755,25.2));
#2907=CARTESIAN_POINT('',(103.000001564622,-65.0000009685755,27.6));
#2908=CARTESIAN_POINT('Origin',(105.000001564622,-65.0000009685755,25.2));
#2909=CARTESIAN_POINT('Origin',(105.000001564622,-65.0000009685755,25.2));
#2910=CARTESIAN_POINT('Origin',(105.000001564622,65.0000009685755,27.6));
#2911=CARTESIAN_POINT('',(103.000001564622,65.0000009685755,30.));
#2912=CARTESIAN_POINT('Origin',(105.000001564622,65.0000009685755,30.));
#2913=CARTESIAN_POINT('',(103.000001564622,65.0000009685755,25.2));
#2914=CARTESIAN_POINT('',(103.000001564622,65.0000009685755,27.6));
#2915=CARTESIAN_POINT('Origin',(105.000001564622,65.0000009685755,25.2));
#2916=CARTESIAN_POINT('Origin',(105.000001564622,65.0000009685755,25.2));
#2917=CARTESIAN_POINT('Origin',(-45.0000015646219,-65.0000009685755,27.6));
#2918=CARTESIAN_POINT('',(-47.0000015646219,-65.0000009685755,30.));
#2919=CARTESIAN_POINT('Origin',(-45.0000015646219,-65.0000009685755,30.));
#2920=CARTESIAN_POINT('',(-47.0000015646219,-65.0000009685755,25.2));
#2921=CARTESIAN_POINT('',(-47.0000015646219,-65.0000009685755,27.6));
#2922=CARTESIAN_POINT('Origin',(-45.0000015646219,-65.0000009685755,25.2));
#2923=CARTESIAN_POINT('Origin',(-45.0000015646219,-65.0000009685755,25.2));
#2924=CARTESIAN_POINT('Origin',(101.000001505017,61.5000009164214,30.));
#2925=CARTESIAN_POINT('',(112.,-60.,30.));
#2926=CARTESIAN_POINT('Origin',(100.,-60.,30.));
#2927=CARTESIAN_POINT('',(112.,60.,30.));
#2928=CARTESIAN_POINT('',(112.,-60.,30.));
#2929=CARTESIAN_POINT('',(100.,72.,30.));
#2930=CARTESIAN_POINT('Origin',(100.,60.,30.));
#2931=CARTESIAN_POINT('',(100.,72.,30.));
#2932=CARTESIAN_POINT('Origin',(100.,-60.,30.));
#2933=CARTESIAN_POINT('',(112.,-60.,30.));
#2934=CARTESIAN_POINT('Origin',(112.,60.,30.));
#2935=CARTESIAN_POINT('',(112.,60.,30.));
#2936=CARTESIAN_POINT('Origin',(100.,60.,30.));
#2937=CARTESIAN_POINT('',(100.,72.,30.));
#2938=CARTESIAN_POINT('Origin',(-40.,72.,30.));
#2939=CARTESIAN_POINT('Origin',(59.9469441815206,-0.739709496848985,-1.64313007644523E-13));
#2940=CARTESIAN_POINT('',(-40.0000000000001,-0.739709496848985,15.));
#2941=CARTESIAN_POINT('',(-34.0530558184794,-0.739709496848988,15.));
#2942=CARTESIAN_POINT('',(10.4602081361405,-0.739709496848982,15.));
#2943=CARTESIAN_POINT('',(-34.0530558184793,-0.739709496848986,4.99999999999999));
#2944=CARTESIAN_POINT('',(-34.0530558184794,-0.739709496848988,15.));
#2945=CARTESIAN_POINT('',(-40.,-0.739709496848982,5.));
#2946=CARTESIAN_POINT('',(44.9734720907603,-0.739709496848985,5.));
#2947=CARTESIAN_POINT('',(-40.,-0.739709496848988,-8.21565038222616E-14));
#2948=CARTESIAN_POINT('Origin',(-40.,-58.,0.));
#2949=CARTESIAN_POINT('',(-40.,-58.,15.0000000000002));
#2950=CARTESIAN_POINT('',(-40.,-32.8698547484245,15.));
#2951=CARTESIAN_POINT('',(-40.,58.,5.));
#2952=CARTESIAN_POINT('',(-40.,-29.,5.));
#2953=CARTESIAN_POINT('',(-40.,58.,0.));
#2954=CARTESIAN_POINT('',(-40.,-58.,0.));
#2955=CARTESIAN_POINT('Origin',(55.9469441815206,-59.739709496849,-1.53210777398272E-13));
#2956=CARTESIAN_POINT('',(55.9469441815206,-1.73970949684902,15.));
#2957=CARTESIAN_POINT('',(55.9469441815207,-57.739709496849,14.9999999999998));
#2958=CARTESIAN_POINT('',(55.9469441815207,-47.239709496849,14.9999999999998));
#2959=CARTESIAN_POINT('',(55.9469441815206,-1.73970949684902,5.));
#2960=CARTESIAN_POINT('',(55.9469441815206,-1.73970949684902,-1.49880108324396E-13));
#2961=CARTESIAN_POINT('',(55.9469441815206,-57.739709496849,5.));
#2962=CARTESIAN_POINT('',(55.9469441815206,-29.8698547484245,5.));
#2963=CARTESIAN_POINT('',(55.9469441815206,-57.739709496849,-1.37602892043749E-13));
#2964=CARTESIAN_POINT('Origin',(9.94694418152068,-34.739709496849,15.));
#2965=CARTESIAN_POINT('',(-34.0530558184793,-57.739709496849,15.0000000000001));
#2966=CARTESIAN_POINT('',(-14.0530558184793,-57.739709496849,15.0000000000001));
#2967=CARTESIAN_POINT('',(-34.0530558184793,-9.15005160988292,15.));
#2968=CARTESIAN_POINT('',(-39.98190510409,-58.2684253311107,15.0000000000002));
#2969=CARTESIAN_POINT('Origin',(-38.,-58.,15.));
#2970=CARTESIAN_POINT('Origin',(-38.0530558184793,-57.739709496849,15.0000000000002));
#2971=CARTESIAN_POINT('',(62.4469441815206,-1.73970949684902,15.));
#2972=CARTESIAN_POINT('',(62.4469441815206,-7.73970949684902,15.));
#2973=CARTESIAN_POINT('',(56.9469441815206,-1.73970949684902,15.));
#2974=CARTESIAN_POINT('',(61.5500008940697,-6.00000008940697,15.));
#2975=CARTESIAN_POINT('Origin',(60.0000008940697,-6.00000008940697,15.));
#2976=CARTESIAN_POINT('',(-36.4500005662441,-6.00000008940697,15.));
#2977=CARTESIAN_POINT('Origin',(-38.0000005662441,-6.00000008940697,15.));
#2978=CARTESIAN_POINT('Origin',(30.,0.,5.));
#2979=CARTESIAN_POINT('',(-34.0530558184794,-57.739709496849,4.99999999999999));
#2980=CARTESIAN_POINT('',(-34.0530558184794,-3.86985474842449,5.));
#2981=CARTESIAN_POINT('',(-4.0265279092397,-57.739709496849,5.));
#2982=CARTESIAN_POINT('',(64.4469441815206,-1.73970949684902,4.99999999999998));
#2983=CARTESIAN_POINT('',(43.4734720907603,-1.73970949684902,5.));
#2984=CARTESIAN_POINT('',(64.4469441815206,-3.86985474842451,5.));
#2985=CARTESIAN_POINT('',(-39.98190510409,-58.268425331111,5.));
#2986=CARTESIAN_POINT('Origin',(-38.0530558184794,-57.739709496849,5.00000000000022));
#2987=CARTESIAN_POINT('',(-38.,-60.,5.));
#2988=CARTESIAN_POINT('Origin',(-38.,-58.,5.));
#2989=CARTESIAN_POINT('',(98.,-60.,5.));
#2990=CARTESIAN_POINT('',(64.,-60.,5.));
#2991=CARTESIAN_POINT('',(100.,-58.,5.));
#2992=CARTESIAN_POINT('Origin',(98.,-58.,5.));
#2993=CARTESIAN_POINT('',(100.,58.,5.));
#2994=CARTESIAN_POINT('',(100.,29.,5.));
#2995=CARTESIAN_POINT('',(98.,60.,5.));
#2996=CARTESIAN_POINT('Origin',(98.,58.,5.));
#2997=CARTESIAN_POINT('',(95.9471844147667,60.,5.));
#2998=CARTESIAN_POINT('',(-4.,60.,5.));
#2999=CARTESIAN_POINT('',(96.8655391246128,58.3177298040023,5.00000000000022));
#3000=CARTESIAN_POINT('Origin',(94.865535497445,58.3177247168294,5.00000000000044));
#3001=CARTESIAN_POINT('',(96.8655391246126,2.31773004400227,5.00000000000022));
#3002=CARTESIAN_POINT('',(96.8655391246126,1.15886502200104,5.));
#3003=CARTESIAN_POINT('',(94.8655380446126,0.317728964002475,5.00000000000021));
#3004=CARTESIAN_POINT('Origin',(94.8655354974397,2.31773259117586,5.00000000000044));
#3005=CARTESIAN_POINT('',(46.8655400646126,0.317728964001835,4.99999999999989));
#3006=CARTESIAN_POINT('',(38.4327700323063,0.317728964002203,5.));
#3007=CARTESIAN_POINT('',(44.8655389846128,2.31773004400225,4.99999999999987));
#3008=CARTESIAN_POINT('Origin',(46.8655426117862,2.31773259117523,5.00000000000011));
#3009=CARTESIAN_POINT('',(44.8655389846126,58.3177298040022,4.99999999999987));
#3010=CARTESIAN_POINT('',(44.8655389846127,29.1588649020012,5.));
#3011=CARTESIAN_POINT('',(45.783890632102,60.,5.));
#3012=CARTESIAN_POINT('Origin',(46.8655382757296,58.3177290528861,5.00000000000011));
#3013=CARTESIAN_POINT('',(-38.,60.,5.));
#3014=CARTESIAN_POINT('',(-4.,60.,5.));
#3015=CARTESIAN_POINT('Origin',(-38.,58.,5.));
#3016=CARTESIAN_POINT('Origin',(59.9469441815206,-1.73970949684902,-1.64313007644523E-13));
#3017=CARTESIAN_POINT('',(62.4469441815206,-1.73970949684902,18.));
#3018=CARTESIAN_POINT('',(62.4469441815206,-1.73970949684902,8.99999999999992));
#3019=CARTESIAN_POINT('',(64.4469441815206,-1.73970949684902,18.));
#3020=CARTESIAN_POINT('',(57.9469441815206,-1.73970949684902,18.));
#3021=CARTESIAN_POINT('',(64.4469441815206,-1.73970949684902,-1.76351988567802E-13));
#3022=CARTESIAN_POINT('Origin',(-38.0000005662441,-6.00000008940697,15.));
#3023=CARTESIAN_POINT('',(-36.4500005662441,-6.00000008940697,10.));
#3024=CARTESIAN_POINT('',(-36.4500005662441,-6.00000008940697,15.));
#3025=CARTESIAN_POINT('Origin',(-38.0000005662441,-6.00000008940697,10.));
#3026=CARTESIAN_POINT('Origin',(-38.0000005662441,-6.00000008940697,10.));
#3027=CARTESIAN_POINT('Origin',(60.0000008940697,-6.00000008940697,15.));
#3028=CARTESIAN_POINT('',(61.5500008940697,-6.00000008940697,10.));
#3029=CARTESIAN_POINT('',(61.5500008940697,-6.00000008940697,15.));
#3030=CARTESIAN_POINT('Origin',(60.0000008940697,-6.00000008940697,10.));
#3031=CARTESIAN_POINT('Origin',(60.0000008940697,-6.00000008940697,10.));
#3032=CARTESIAN_POINT('Origin',(-34.0530558184794,-9.73970949684898,1.43773881688958E-13));
#3033=CARTESIAN_POINT('',(-34.0530558184794,-57.739709496849,1.43746126113342E-13));
#3034=CARTESIAN_POINT('Origin',(60.9469441815207,-35.739709496849,18.));
#3035=CARTESIAN_POINT('',(62.4469441815206,-21.739709496849,18.));
#3036=CARTESIAN_POINT('',(64.4469441815206,-7.73970949684902,18.));
#3037=CARTESIAN_POINT('Origin',(62.4469441815206,-11.739709496849,15.));
#3038=CARTESIAN_POINT('Origin',(64.4469441815206,-59.739709496849,-1.7874590696465E-13));
#3039=CARTESIAN_POINT('Origin',(-38.,60.,0.));
#3040=CARTESIAN_POINT('',(45.783890632102,60.,9.99999999999988));
#3041=CARTESIAN_POINT('',(45.783890632102,60.,4.99999999999988));
#3042=CARTESIAN_POINT('',(95.9471844147667,60.,10.0000000000002));
#3043=CARTESIAN_POINT('',(16.4327695273064,60.,9.99999999999968));
#3044=CARTESIAN_POINT('',(95.9471844147667,60.,5.00000000000022));
#3045=CARTESIAN_POINT('',(98.,60.,0.));
#3046=CARTESIAN_POINT('',(-38.,60.,0.));
#3047=CARTESIAN_POINT('Origin',(46.8655426117862,2.31773259117523,10.));
#3048=CARTESIAN_POINT('',(46.8655426117862,2.31773259117523,10.));
#3049=CARTESIAN_POINT('',(46.8655416998187,16.3177298409023,9.99999999999988));
#3050=CARTESIAN_POINT('',(46.8655426117862,2.31773259117523,5.00000000000005));
#3051=CARTESIAN_POINT('',(46.8655426117862,2.31773259117523,10.));
#3052=CARTESIAN_POINT('',(46.8655389846127,58.,5.00000000000005));
#3053=CARTESIAN_POINT('Origin',(94.8655354974397,2.31773259117586,10.));
#3054=CARTESIAN_POINT('',(94.8655354974397,2.31773259117586,10.));
#3055=CARTESIAN_POINT('',(82.8655372760264,2.3177325911757,10.0000000000001));
#3056=CARTESIAN_POINT('',(94.8655354974397,2.31773259117586,5.00000000000005));
#3057=CARTESIAN_POINT('',(94.8655354974397,2.31773259117586,10.));
#3058=CARTESIAN_POINT('',(46.8655426117862,2.31773259117523,5.00000000000005));
#3059=CARTESIAN_POINT('Origin',(94.8655391246128,58.,10.));
#3060=CARTESIAN_POINT('',(94.8655354974397,2.31773259117586,5.00000000000005));
#3061=CARTESIAN_POINT('',(94.8655382229937,44.1588635453148,10.0000000000002));
#3062=CARTESIAN_POINT('Origin',(70.8655390546128,30.1588662955876,5.00000000000005));
#3063=CARTESIAN_POINT('Origin',(46.8655382757296,58.3177290528861,4.99999999999989));
#3064=CARTESIAN_POINT('',(44.8655389846126,58.3177298040022,9.99999999999987));
#3065=CARTESIAN_POINT('',(44.8655389846126,58.3177298040022,4.99999999999987));
#3066=CARTESIAN_POINT('Origin',(46.8655382757296,58.3177290528861,9.99999999999989));
#3067=CARTESIAN_POINT('Origin',(44.8655389846126,58.3177298040022,4.99999999999987));
#3068=CARTESIAN_POINT('',(44.8655389846128,2.31773004400225,9.99999999999987));
#3069=CARTESIAN_POINT('',(44.8655389846128,2.31773004400225,4.99999999999987));
#3070=CARTESIAN_POINT('',(44.8655389846126,58.3177298040022,9.99999999999987));
#3071=CARTESIAN_POINT('Origin',(94.865535497445,58.3177247168294,5.00000000000021));
#3072=CARTESIAN_POINT('',(96.8655391246128,58.3177298040023,10.0000000000002));
#3073=CARTESIAN_POINT('Origin',(94.865535497445,58.3177247168294,10.0000000000002));
#3074=CARTESIAN_POINT('',(96.8655391246128,58.3177298040023,5.00000000000022));
#3075=CARTESIAN_POINT('Origin',(96.8655391246126,2.31773004400227,5.00000000000022));
#3076=CARTESIAN_POINT('',(96.8655391246126,2.31773004400227,10.0000000000002));
#3077=CARTESIAN_POINT('',(96.8655391246126,2.31773004400227,10.0000000000002));
#3078=CARTESIAN_POINT('',(96.8655391246126,2.31773004400227,5.00000000000022));
#3079=CARTESIAN_POINT('Origin',(94.8655354974397,2.31773259117586,5.00000000000021));
#3080=CARTESIAN_POINT('',(94.8655380446126,0.317728964002475,10.0000000000002));
#3081=CARTESIAN_POINT('Origin',(94.8655354974396,2.31773259117586,10.0000000000002));
#3082=CARTESIAN_POINT('',(94.8655380446126,0.317728964002475,5.00000000000021));
#3083=CARTESIAN_POINT('Origin',(46.8655400646126,0.317728964002244,4.99999999999989));
#3084=CARTESIAN_POINT('',(46.8655400646126,0.317728964001835,9.99999999999989));
#3085=CARTESIAN_POINT('',(46.8655400646126,0.317728964002244,9.99999999999989));
#3086=CARTESIAN_POINT('',(46.8655400646126,0.317728964001835,4.99999999999989));
#3087=CARTESIAN_POINT('Origin',(46.8655426117862,2.31773259117523,4.99999999999989));
#3088=CARTESIAN_POINT('Origin',(46.8655426117862,2.31773259117523,9.99999999999989));
#3089=CARTESIAN_POINT('Origin',(70.8655390546128,30.3177286540025,10.));
#3090=CARTESIAN_POINT('Origin',(-38.0530558184794,-57.739709496849,1.57041046833228E-13));
#3091=CARTESIAN_POINT('',(-39.98190510409,-58.2684253311111,1.63438431867252E-13));
#3092=CARTESIAN_POINT('Origin',(-38.0530558184794,-57.739709496849,1.57041046833228E-13));
#3093=CARTESIAN_POINT('Origin',(-38.,-58.,0.));
#3094=CARTESIAN_POINT('',(-38.,-60.,0.));
#3095=CARTESIAN_POINT('Origin',(-38.,58.,0.));
#3096=CARTESIAN_POINT('Origin',(98.,-60.,0.));
#3097=CARTESIAN_POINT('',(98.,-60.,0.));
#3098=CARTESIAN_POINT('Origin',(98.,-58.,0.));
#3099=CARTESIAN_POINT('',(100.,-58.,0.));
#3100=CARTESIAN_POINT('Origin',(100.,58.,0.));
#3101=CARTESIAN_POINT('',(100.,58.,0.));
#3102=CARTESIAN_POINT('Origin',(98.,58.,0.));
#3103=CARTESIAN_POINT('',(-30.,70.,5.));
#3104=CARTESIAN_POINT('',(-30.,-4.88498130835069E-14,8.88178419700125E-15));
#3105=UNCERTAINTY_MEASURE_WITH_UNIT(LENGTH_MEASURE(0.01),#3113,
'DISTANCE_ACCURACY_VALUE',
'Maximum model space distance between geometric entities at asserted c
onnectivities');
#3106=UNCERTAINTY_MEASURE_WITH_UNIT(LENGTH_MEASURE(0.01),#3113,
'DISTANCE_ACCURACY_VALUE',
'Maximum model space distance between geometric entities at asserted c
onnectivities');
#3107=UNCERTAINTY_MEASURE_WITH_UNIT(LENGTH_MEASURE(0.01),#3113,
'DISTANCE_ACCURACY_VALUE',
'Maximum model space distance between geometric entities at asserted c
onnectivities');
#3108=UNCERTAINTY_MEASURE_WITH_UNIT(LENGTH_MEASURE(0.01),#3113,
'DISTANCE_ACCURACY_VALUE',
'Maximum model space distance between geometric entities at asserted c
onnectivities');
#3109=(
GEOMETRIC_REPRESENTATION_CONTEXT(3)
GLOBAL_UNCERTAINTY_ASSIGNED_CONTEXT((#3105))
GLOBAL_UNIT_ASSIGNED_CONTEXT((#3113,#3115,#3116))
REPRESENTATION_CONTEXT('','3D')
);
#3110=(
GEOMETRIC_REPRESENTATION_CONTEXT(3)
GLOBAL_UNCERTAINTY_ASSIGNED_CONTEXT((#3106))
GLOBAL_UNIT_ASSIGNED_CONTEXT((#3113,#3115,#3116))
REPRESENTATION_CONTEXT('','3D')
);
#3111=(
GEOMETRIC_REPRESENTATION_CONTEXT(3)
GLOBAL_UNCERTAINTY_ASSIGNED_CONTEXT((#3107))
GLOBAL_UNIT_ASSIGNED_CONTEXT((#3113,#3115,#3116))
REPRESENTATION_CONTEXT('','3D')
);
#3112=(
GEOMETRIC_REPRESENTATION_CONTEXT(3)
GLOBAL_UNCERTAINTY_ASSIGNED_CONTEXT((#3108))
GLOBAL_UNIT_ASSIGNED_CONTEXT((#3113,#3115,#3116))
REPRESENTATION_CONTEXT('','3D')
);
#3113=(
LENGTH_UNIT()
NAMED_UNIT(*)
SI_UNIT(.MILLI.,.METRE.)
);
#3114=(
LENGTH_UNIT()
NAMED_UNIT(*)
SI_UNIT($,.METRE.)
);
#3115=(
NAMED_UNIT(*)
PLANE_ANGLE_UNIT()
SI_UNIT($,.RADIAN.)
);
#3116=(
NAMED_UNIT(*)
SI_UNIT($,.STERADIAN.)
SOLID_ANGLE_UNIT()
);
#3117=SHAPE_DEFINITION_REPRESENTATION(#3120,#3125);
#3118=SHAPE_DEFINITION_REPRESENTATION(#3121,#3126);
#3119=SHAPE_DEFINITION_REPRESENTATION(#3122,#3127);
#3120=PRODUCT_DEFINITION_SHAPE('',$,#3129);
#3121=PRODUCT_DEFINITION_SHAPE('',$,#3130);
#3122=PRODUCT_DEFINITION_SHAPE('',$,#3131);
#3123=PRODUCT_DEFINITION_SHAPE($,$,#17);
#3124=PRODUCT_DEFINITION_SHAPE($,$,#18);
#3125=SHAPE_REPRESENTATION('',(#1831,#2027,#2028),#3109);
#3126=SHAPE_REPRESENTATION('',(#1832),#3110);
#3127=SHAPE_REPRESENTATION('',(#1849),#3111);
#3128=PRODUCT_DEFINITION_CONTEXT('part definition',#3139,'design');
#3129=PRODUCT_DEFINITION('Combined','Combined v17',#3132,#3128);
#3130=PRODUCT_DEFINITION('Battery Mount Holder','Battery Mount Holder',
#3133,#3128);
#3131=PRODUCT_DEFINITION('box','box',#3134,#3128);
#3132=PRODUCT_DEFINITION_FORMATION('',$,#3141);
#3133=PRODUCT_DEFINITION_FORMATION('',$,#3142);
#3134=PRODUCT_DEFINITION_FORMATION('',$,#3143);
#3135=PRODUCT_RELATED_PRODUCT_CATEGORY('Combined v17','Combined v17',(#3141));
#3136=PRODUCT_RELATED_PRODUCT_CATEGORY('Battery Mount Holder',
'Battery Mount Holder',(#3142));
#3137=PRODUCT_RELATED_PRODUCT_CATEGORY('box','box',(#3143));
#3138=APPLICATION_PROTOCOL_DEFINITION('international standard',
'automotive_design',2009,#3139);
#3139=APPLICATION_CONTEXT(
'Core Data for Automotive Mechanical Design Process');
#3140=PRODUCT_CONTEXT('part definition',#3139,'mechanical');
#3141=PRODUCT('Combined','Combined v17',$,(#3140));
#3142=PRODUCT('Battery Mount Holder','Battery Mount Holder',$,(#3140));
#3143=PRODUCT('box','box',$,(#3140));
#3144=PRESENTATION_STYLE_ASSIGNMENT((#3145));
#3145=SURFACE_STYLE_USAGE(.BOTH.,#3146);
#3146=SURFACE_SIDE_STYLE('',(#3147));
#3147=SURFACE_STYLE_FILL_AREA(#3148);
#3148=FILL_AREA_STYLE('Steel - Satin',(#3149));
#3149=FILL_AREA_STYLE_COLOUR('Steel - Satin',#3150);
#3150=COLOUR_RGB('Steel - Satin',0.627450980392157,0.627450980392157,0.627450980392157);
ENDSEC;
END-ISO-10303-21;
